date,country,send_interval,is_verified,is_unsubscribed,account_cnt,sent_msg,open_msg,visit_msg,total_country_account_cnt,total_country_sent_cnt,rank_total_country_account_cnt,rank_total_country_sent_cnt
2020-11-01,Canada,1,0,0,5,0,0,0,2067,37914,3,3
2020-11-01,Canada,1,1,0,8,0,0,0,2067,37914,3,3
2020-11-01,Canada,1,1,1,3,0,0,0,2067,37914,3,3
2020-11-01,Canada,1,1,1,0,2,2,0,2067,37914,3,3
2020-11-01,Canada,1,1,0,0,6,3,0,2067,37914,3,3
2020-11-02,Canada,1,0,0,7,0,0,0,2067,37914,3,3
2020-11-02,Canada,1,1,0,9,0,0,0,2067,37914,3,3
2020-11-02,Canada,1,1,1,4,0,0,0,2067,37914,3,3
2020-11-02,Canada,1,1,0,0,10,4,2,2067,37914,3,3
2020-11-02,Canada,1,1,1,0,2,0,0,2067,37914,3,3
2020-11-03,Canada,1,0,0,8,0,0,0,2067,37914,3,3
2020-11-03,Canada,1,1,0,19,0,0,0,2067,37914,3,3
2020-11-03,Canada,1,1,1,8,0,0,0,2067,37914,3,3
2020-11-03,Canada,1,1,1,0,11,8,1,2067,37914,3,3
2020-11-03,Canada,1,1,0,0,29,9,2,2067,37914,3,3
2020-11-03,Canada,1,0,0,0,3,0,0,2067,37914,3,3
2020-11-04,Canada,1,0,0,5,0,0,0,2067,37914,3,3
2020-11-04,Canada,1,1,0,11,0,0,0,2067,37914,3,3
2020-11-04,Canada,1,0,1,2,0,0,0,2067,37914,3,3
2020-11-04,Canada,1,1,1,2,0,0,0,2067,37914,3,3
2020-11-04,Canada,1,1,1,0,10,8,0,2067,37914,3,3
2020-11-04,Canada,1,1,0,0,39,9,2,2067,37914,3,3
2020-11-04,Canada,1,0,0,0,2,0,0,2067,37914,3,3
2020-11-04,Canada,1,0,1,0,1,0,0,2067,37914,3,3
2020-11-05,Canada,1,0,0,6,0,0,0,2067,37914,3,3
2020-11-05,Canada,1,1,0,8,0,0,0,2067,37914,3,3
2020-11-05,Canada,1,0,1,1,0,0,0,2067,37914,3,3
2020-11-05,Canada,1,1,1,2,0,0,0,2067,37914,3,3
2020-11-05,Canada,1,1,0,0,46,13,3,2067,37914,3,3
2020-11-05,Canada,1,1,1,0,8,5,1,2067,37914,3,3
2020-11-05,Canada,1,0,0,0,3,0,0,2067,37914,3,3
2020-11-06,Canada,1,0,0,7,0,0,0,2067,37914,3,3
2020-11-06,Canada,1,1,0,16,0,0,0,2067,37914,3,3
2020-11-06,Canada,1,1,1,3,0,0,0,2067,37914,3,3
2020-11-06,Canada,1,1,0,0,56,16,5,2067,37914,3,3
2020-11-06,Canada,1,1,1,0,15,9,1,2067,37914,3,3
2020-11-06,Canada,1,0,0,0,7,1,0,2067,37914,3,3
2020-11-07,Canada,1,0,0,6,0,0,0,2067,37914,3,3
2020-11-07,Canada,1,1,0,7,0,0,0,2067,37914,3,3
2020-11-07,Canada,1,1,1,4,0,0,0,2067,37914,3,3
2020-11-07,Canada,1,1,0,0,67,17,3,2067,37914,3,3
2020-11-07,Canada,1,1,1,0,10,8,1,2067,37914,3,3
2020-11-07,Canada,1,0,1,0,1,0,0,2067,37914,3,3
2020-11-07,Canada,1,0,0,0,1,0,0,2067,37914,3,3
2020-11-08,Canada,1,0,0,5,0,0,0,2067,37914,3,3
2020-11-08,Canada,1,1,0,11,0,0,0,2067,37914,3,3
2020-11-08,Canada,1,0,1,1,0,0,0,2067,37914,3,3
2020-11-08,Canada,1,1,1,4,0,0,0,2067,37914,3,3
2020-11-08,Canada,1,1,1,0,16,13,1,2067,37914,3,3
2020-11-08,Canada,1,1,0,0,82,32,6,2067,37914,3,3
2020-11-08,Canada,1,0,0,0,4,0,0,2067,37914,3,3
2020-11-08,Canada,1,0,1,0,1,0,0,2067,37914,3,3
2020-11-09,Canada,1,0,0,4,0,0,0,2067,37914,3,3
2020-11-09,Canada,1,1,0,14,0,0,0,2067,37914,3,3
2020-11-09,Canada,1,1,1,4,0,0,0,2067,37914,3,3
2020-11-09,Canada,1,1,0,0,78,12,1,2067,37914,3,3
2020-11-09,Canada,1,1,1,0,9,6,0,2067,37914,3,3
2020-11-09,Canada,1,0,0,0,3,1,0,2067,37914,3,3
2020-11-10,Canada,1,0,0,2,0,0,0,2067,37914,3,3
2020-11-10,Canada,1,1,0,12,0,0,0,2067,37914,3,3
2020-11-10,Canada,1,1,1,1,0,0,0,2067,37914,3,3
2020-11-10,Canada,1,1,0,0,93,23,2,2067,37914,3,3
2020-11-10,Canada,1,1,1,0,9,7,0,2067,37914,3,3
2020-11-10,Canada,1,0,1,0,1,0,0,2067,37914,3,3
2020-11-11,Canada,1,0,0,14,0,0,0,2067,37914,3,3
2020-11-11,Canada,1,1,0,9,0,0,0,2067,37914,3,3
2020-11-11,Canada,7,1,1,1,0,0,0,2067,37914,3,3
2020-11-11,Canada,1,1,1,2,0,0,0,2067,37914,3,3
2020-11-11,Canada,1,1,0,0,100,25,6,2067,37914,3,3
2020-11-11,Canada,1,1,1,0,7,6,0,2067,37914,3,3
2020-11-11,Canada,1,0,0,0,4,0,0,2067,37914,3,3
2020-11-12,Canada,1,0,0,3,0,0,0,2067,37914,3,3
2020-11-12,Canada,1,1,0,17,0,0,0,2067,37914,3,3
2020-11-12,Canada,1,0,1,2,0,0,0,2067,37914,3,3
2020-11-12,Canada,1,1,1,3,0,0,0,2067,37914,3,3
2020-11-12,Canada,1,1,0,0,120,38,2,2067,37914,3,3
2020-11-12,Canada,1,1,1,0,6,6,0,2067,37914,3,3
2020-11-12,Canada,1,0,1,0,2,1,0,2067,37914,3,3
2020-11-13,Canada,1,0,0,6,0,0,0,2067,37914,3,3
2020-11-13,Canada,1,1,0,12,0,0,0,2067,37914,3,3
2020-11-13,Canada,1,0,1,1,0,0,0,2067,37914,3,3
2020-11-13,Canada,1,1,1,1,0,0,0,2067,37914,3,3
2020-11-13,Canada,1,1,0,0,146,62,5,2067,37914,3,3
2020-11-13,Canada,1,0,1,0,3,0,0,2067,37914,3,3
2020-11-13,Canada,1,1,1,0,6,6,0,2067,37914,3,3
2020-11-13,Canada,1,0,0,0,2,0,0,2067,37914,3,3
2020-11-14,Canada,1,0,0,3,0,0,0,2067,37914,3,3
2020-11-14,Canada,1,1,0,4,0,0,0,2067,37914,3,3
2020-11-14,Canada,1,1,1,4,0,0,0,2067,37914,3,3
2020-11-14,Canada,1,1,0,0,163,57,10,2067,37914,3,3
2020-11-14,Canada,1,0,1,0,3,0,0,2067,37914,3,3
2020-11-14,Canada,1,1,1,0,5,5,0,2067,37914,3,3
2020-11-14,Canada,1,0,0,0,4,0,0,2067,37914,3,3
2020-11-15,Canada,1,0,0,6,0,0,0,2067,37914,3,3
2020-11-15,Canada,1,1,0,4,0,0,0,2067,37914,3,3
2020-11-15,Canada,2,1,0,1,0,0,0,2067,37914,3,3
2020-11-15,Canada,1,1,1,2,0,0,0,2067,37914,3,3
2020-11-15,Canada,1,1,0,0,168,55,9,2067,37914,3,3
2020-11-15,Canada,1,0,1,0,3,0,0,2067,37914,3,3
2020-11-15,Canada,1,1,1,0,6,6,0,2067,37914,3,3
2020-11-16,Canada,1,0,0,11,0,0,0,2067,37914,3,3
2020-11-16,Canada,1,1,0,10,0,0,0,2067,37914,3,3
2020-11-16,Canada,1,0,1,1,0,0,0,2067,37914,3,3
2020-11-16,Canada,1,1,1,3,0,0,0,2067,37914,3,3
2020-11-16,Canada,1,1,0,0,187,71,8,2067,37914,3,3
2020-11-16,Canada,1,0,1,0,3,0,0,2067,37914,3,3
2020-11-16,Canada,1,1,1,0,6,6,0,2067,37914,3,3
2020-11-16,Canada,1,0,0,0,10,5,0,2067,37914,3,3
2020-11-17,Canada,1,0,0,5,0,0,0,2067,37914,3,3
2020-11-17,Canada,1,1,0,8,0,0,0,2067,37914,3,3
2020-11-17,Canada,1,1,1,1,0,0,0,2067,37914,3,3
2020-11-17,Canada,1,1,0,0,216,89,4,2067,37914,3,3
2020-11-17,Canada,1,0,1,0,3,1,0,2067,37914,3,3
2020-11-17,Canada,1,1,1,0,8,7,0,2067,37914,3,3
2020-11-17,Canada,1,0,0,0,1,0,0,2067,37914,3,3
2020-11-18,Canada,1,0,0,5,0,0,0,2067,37914,3,3
2020-11-18,Canada,1,1,0,17,0,0,0,2067,37914,3,3
2020-11-18,Canada,1,1,1,2,0,0,0,2067,37914,3,3
2020-11-18,Canada,1,1,0,0,236,82,10,2067,37914,3,3
2020-11-18,Canada,1,0,1,0,3,1,0,2067,37914,3,3
2020-11-18,Canada,1,1,1,0,3,0,0,2067,37914,3,3
2020-11-18,Canada,1,0,0,0,2,0,0,2067,37914,3,3
2020-11-19,Canada,1,0,0,8,0,0,0,2067,37914,3,3
2020-11-19,Canada,1,1,0,15,0,0,0,2067,37914,3,3
2020-11-19,Canada,1,1,1,2,0,0,0,2067,37914,3,3
2020-11-19,Canada,1,1,0,0,253,83,3,2067,37914,3,3
2020-11-19,Canada,1,1,1,0,3,0,0,2067,37914,3,3
2020-11-19,Canada,1,0,1,0,3,1,0,2067,37914,3,3
2020-11-19,Canada,1,0,0,0,9,4,0,2067,37914,3,3
2020-11-20,Canada,1,0,0,4,0,0,0,2067,37914,3,3
2020-11-20,Canada,1,1,0,16,0,0,0,2067,37914,3,3
2020-11-20,Canada,1,1,1,2,0,0,0,2067,37914,3,3
2020-11-20,Canada,1,1,0,0,262,74,5,2067,37914,3,3
2020-11-20,Canada,1,1,1,0,3,0,0,2067,37914,3,3
2020-11-20,Canada,1,0,1,0,3,0,0,2067,37914,3,3
2020-11-20,Canada,1,0,0,0,1,0,0,2067,37914,3,3
2020-11-21,Canada,1,0,0,5,0,0,0,2067,37914,3,3
2020-11-21,Canada,1,1,0,6,0,0,0,2067,37914,3,3
2020-11-21,Canada,1,1,1,2,0,0,0,2067,37914,3,3
2020-11-21,Canada,1,1,0,0,274,65,2,2067,37914,3,3
2020-11-21,Canada,1,1,1,0,5,1,0,2067,37914,3,3
2020-11-21,Canada,1,0,1,0,3,0,0,2067,37914,3,3
2020-11-21,Canada,1,0,0,0,5,2,0,2067,37914,3,3
2020-11-22,Canada,1,0,0,1,0,0,0,2067,37914,3,3
2020-11-22,Canada,1,1,0,9,0,0,0,2067,37914,3,3
2020-11-22,Canada,3,1,0,1,0,0,0,2067,37914,3,3
2020-11-22,Canada,1,1,1,1,0,0,0,2067,37914,3,3
2020-11-22,Canada,1,1,0,0,261,94,5,2067,37914,3,3
2020-11-22,Canada,1,1,1,0,8,0,0,2067,37914,3,3
2020-11-22,Canada,1,0,1,0,3,2,0,2067,37914,3,3
2020-11-22,Canada,1,0,0,0,1,1,0,2067,37914,3,3
2020-11-23,Canada,1,0,0,8,0,0,0,2067,37914,3,3
2020-11-23,Canada,1,1,0,14,0,0,0,2067,37914,3,3
2020-11-23,Canada,1,1,1,5,0,0,0,2067,37914,3,3
2020-11-23,Canada,7,1,1,1,0,0,0,2067,37914,3,3
2020-11-23,Canada,1,1,0,0,263,90,9,2067,37914,3,3
2020-11-23,Canada,1,1,1,0,23,9,2,2067,37914,3,3
2020-11-23,Canada,1,0,1,0,3,3,0,2067,37914,3,3
2020-11-23,Canada,1,0,0,0,6,2,0,2067,37914,3,3
2020-11-24,Canada,1,0,0,7,0,0,0,2067,37914,3,3
2020-11-24,Canada,1,1,0,12,0,0,0,2067,37914,3,3
2020-11-24,Canada,1,1,1,7,0,0,0,2067,37914,3,3
2020-11-24,Canada,1,1,1,0,27,16,2,2067,37914,3,3
2020-11-24,Canada,1,1,0,0,260,72,4,2067,37914,3,3
2020-11-24,Canada,1,0,1,0,3,3,0,2067,37914,3,3
2020-11-24,Canada,1,0,0,0,2,1,0,2067,37914,3,3
2020-11-25,Canada,1,0,0,10,0,0,0,2067,37914,3,3
2020-11-25,Canada,1,1,0,13,0,0,0,2067,37914,3,3
2020-11-25,Canada,1,1,1,0,34,21,5,2067,37914,3,3
2020-11-25,Canada,1,1,0,0,279,87,12,2067,37914,3,3
2020-11-25,Canada,1,0,1,0,3,3,0,2067,37914,3,3
2020-11-26,Canada,1,0,0,7,0,0,0,2067,37914,3,3
2020-11-26,Canada,1,1,0,14,0,0,0,2067,37914,3,3
2020-11-26,Canada,1,1,1,8,0,0,0,2067,37914,3,3
2020-11-26,Canada,1,1,0,0,322,110,19,2067,37914,3,3
2020-11-26,Canada,1,1,1,0,31,19,1,2067,37914,3,3
2020-11-26,Canada,1,0,1,0,3,1,0,2067,37914,3,3
2020-11-26,Canada,1,0,0,0,4,1,0,2067,37914,3,3
2020-11-27,Canada,1,0,0,5,0,0,0,2067,37914,3,3
2020-11-27,Canada,1,1,0,22,0,0,0,2067,37914,3,3
2020-11-27,Canada,1,0,1,1,0,0,0,2067,37914,3,3
2020-11-27,Canada,1,1,1,4,0,0,0,2067,37914,3,3
2020-11-27,Canada,1,1,0,0,336,124,14,2067,37914,3,3
2020-11-27,Canada,1,1,1,0,23,9,1,2067,37914,3,3
2020-11-27,Canada,1,0,0,0,3,0,0,2067,37914,3,3
2020-11-28,Canada,1,0,0,7,0,0,0,2067,37914,3,3
2020-11-28,Canada,1,1,0,10,0,0,0,2067,37914,3,3
2020-11-28,Canada,1,1,1,2,0,0,0,2067,37914,3,3
2020-11-28,Canada,1,1,0,0,374,127,12,2067,37914,3,3
2020-11-28,Canada,1,1,1,0,31,22,6,2067,37914,3,3
2020-11-28,Canada,1,0,0,0,2,0,0,2067,37914,3,3
2020-11-29,Canada,1,0,0,2,0,0,0,2067,37914,3,3
2020-11-29,Canada,1,1,0,9,0,0,0,2067,37914,3,3
2020-11-29,Canada,1,0,1,1,0,0,0,2067,37914,3,3
2020-11-29,Canada,1,1,1,4,0,0,0,2067,37914,3,3
2020-11-29,Canada,1,1,0,0,372,142,16,2067,37914,3,3
2020-11-29,Canada,1,1,1,0,20,20,5,2067,37914,3,3
2020-11-29,Canada,1,0,0,0,1,0,0,2067,37914,3,3
2020-11-30,Canada,1,0,0,10,0,0,0,2067,37914,3,3
2020-11-30,Canada,1,1,0,13,0,0,0,2067,37914,3,3
2020-11-30,Canada,1,1,1,1,0,0,0,2067,37914,3,3
2020-11-30,Canada,1,1,0,0,381,153,13,2067,37914,3,3
2020-11-30,Canada,1,1,1,0,23,20,4,2067,37914,3,3
2020-11-30,Canada,1,0,0,0,3,2,0,2067,37914,3,3
2020-12-01,Canada,1,0,0,7,0,0,0,2067,37914,3,3
2020-12-01,Canada,1,1,0,17,0,0,0,2067,37914,3,3
2020-12-01,Canada,1,1,1,8,0,0,0,2067,37914,3,3
2020-12-01,Canada,1,1,0,0,414,145,12,2067,37914,3,3
2020-12-01,Canada,1,1,1,0,25,17,6,2067,37914,3,3
2020-12-01,Canada,1,0,0,0,6,0,0,2067,37914,3,3
2020-12-02,Canada,1,0,0,6,0,0,0,2067,37914,3,3
2020-12-02,Canada,1,1,0,18,0,0,0,2067,37914,3,3
2020-12-02,Canada,1,1,1,7,0,0,0,2067,37914,3,3
2020-12-02,Canada,1,1,0,0,439,164,17,2067,37914,3,3
2020-12-02,Canada,1,1,1,0,42,21,2,2067,37914,3,3
2020-12-02,Canada,1,0,0,0,2,0,0,2067,37914,3,3
2020-12-03,Canada,1,0,0,11,0,0,0,2067,37914,3,3
2020-12-03,Canada,1,1,0,15,0,0,0,2067,37914,3,3
2020-12-03,Canada,1,0,1,2,0,0,0,2067,37914,3,3
2020-12-03,Canada,1,1,1,4,0,0,0,2067,37914,3,3
2020-12-03,Canada,1,1,0,0,426,140,14,2067,37914,3,3
2020-12-03,Canada,1,1,1,0,45,26,4,2067,37914,3,3
2020-12-03,Canada,1,0,0,0,5,3,0,2067,37914,3,3
2020-12-04,Canada,1,0,0,5,0,0,0,2067,37914,3,3
2020-12-04,Canada,1,1,0,16,0,0,0,2067,37914,3,3
2020-12-04,Canada,1,0,1,3,0,0,0,2067,37914,3,3
2020-12-04,Canada,1,1,1,9,0,0,0,2067,37914,3,3
2020-12-04,Canada,1,1,1,0,37,29,7,2067,37914,3,3
2020-12-04,Canada,1,1,0,0,425,157,23,2067,37914,3,3
2020-12-04,Canada,1,0,0,0,4,2,0,2067,37914,3,3
2020-12-04,Canada,1,0,1,0,1,0,0,2067,37914,3,3
2020-12-05,Canada,1,0,0,6,0,0,0,2067,37914,3,3
2020-12-05,Canada,1,1,0,16,0,0,0,2067,37914,3,3
2020-12-05,Canada,1,1,1,5,0,0,0,2067,37914,3,3
2020-12-05,Canada,1,1,0,0,432,165,28,2067,37914,3,3
2020-12-05,Canada,1,1,1,0,40,28,2,2067,37914,3,3
2020-12-05,Canada,1,0,0,0,6,3,0,2067,37914,3,3
2020-12-06,Canada,1,0,0,8,0,0,0,2067,37914,3,3
2020-12-06,Canada,1,1,0,13,0,0,0,2067,37914,3,3
2020-12-06,Canada,1,1,1,2,0,0,0,2067,37914,3,3
2020-12-06,Canada,1,1,0,0,430,150,13,2067,37914,3,3
2020-12-06,Canada,1,1,1,0,48,33,3,2067,37914,3,3
2020-12-06,Canada,1,0,0,0,5,2,0,2067,37914,3,3
2020-12-07,Canada,1,0,0,8,0,0,0,2067,37914,3,3
2020-12-07,Canada,1,1,0,20,0,0,0,2067,37914,3,3
2020-12-07,Canada,1,0,1,1,0,0,0,2067,37914,3,3
2020-12-07,Canada,1,1,1,4,0,0,0,2067,37914,3,3
2020-12-07,Canada,1,1,0,0,432,151,21,2067,37914,3,3
2020-12-07,Canada,1,1,1,0,48,25,2,2067,37914,3,3
2020-12-07,Canada,1,0,0,0,2,1,0,2067,37914,3,3
2020-12-07,Canada,1,0,1,0,1,0,0,2067,37914,3,3
2020-12-08,Canada,1,0,0,18,0,0,0,2067,37914,3,3
2020-12-08,Canada,1,1,0,23,0,0,0,2067,37914,3,3
2020-12-08,Canada,7,1,0,1,0,0,0,2067,37914,3,3
2020-12-08,Canada,1,0,1,1,0,0,0,2067,37914,3,3
2020-12-08,Canada,1,1,1,4,0,0,0,2067,37914,3,3
2020-12-08,Canada,1,1,0,0,417,160,17,2067,37914,3,3
2020-12-08,Canada,1,1,1,0,47,27,1,2067,37914,3,3
2020-12-08,Canada,1,0,0,0,10,1,0,2067,37914,3,3
2020-12-08,Canada,1,0,1,0,2,0,0,2067,37914,3,3
2020-12-09,Canada,1,0,0,12,0,0,0,2067,37914,3,3
2020-12-09,Canada,1,1,0,26,0,0,0,2067,37914,3,3
2020-12-09,Canada,1,1,1,11,0,0,0,2067,37914,3,3
2020-12-09,Canada,1,1,0,0,433,165,18,2067,37914,3,3
2020-12-09,Canada,1,1,1,0,51,29,3,2067,37914,3,3
2020-12-09,Canada,1,0,0,0,6,1,0,2067,37914,3,3
2020-12-10,Canada,1,0,0,8,0,0,0,2067,37914,3,3
2020-12-10,Canada,1,1,0,18,0,0,0,2067,37914,3,3
2020-12-10,Canada,7,1,0,2,0,0,0,2067,37914,3,3
2020-12-10,Canada,1,0,1,1,0,0,0,2067,37914,3,3
2020-12-10,Canada,1,1,1,6,0,0,0,2067,37914,3,3
2020-12-10,Canada,1,1,1,0,49,33,5,2067,37914,3,3
2020-12-10,Canada,1,1,0,0,434,164,27,2067,37914,3,3
2020-12-10,Canada,1,0,0,0,4,2,0,2067,37914,3,3
2020-12-10,Canada,7,1,0,0,2,0,0,2067,37914,3,3
2020-12-11,Canada,1,0,0,7,0,0,0,2067,37914,3,3
2020-12-11,Canada,1,1,0,14,0,0,0,2067,37914,3,3
2020-12-11,Canada,7,1,0,1,0,0,0,2067,37914,3,3
2020-12-11,Canada,1,1,1,7,0,0,0,2067,37914,3,3
2020-12-11,Canada,7,1,0,0,7,0,0,2067,37914,3,3
2020-12-11,Canada,1,1,0,0,429,167,20,2067,37914,3,3
2020-12-11,Canada,1,1,1,0,40,28,1,2067,37914,3,3
2020-12-11,Canada,1,0,0,0,10,1,0,2067,37914,3,3
2020-12-12,Canada,1,0,0,11,0,0,0,2067,37914,3,3
2020-12-12,Canada,1,1,0,16,0,0,0,2067,37914,3,3
2020-12-12,Canada,1,0,1,1,0,0,0,2067,37914,3,3
2020-12-12,Canada,1,1,1,4,0,0,0,2067,37914,3,3
2020-12-12,Canada,1,1,0,0,450,167,18,2067,37914,3,3
2020-12-12,Canada,1,1,1,0,44,37,5,2067,37914,3,3
2020-12-12,Canada,7,1,0,0,9,2,1,2067,37914,3,3
2020-12-12,Canada,1,0,0,0,7,0,0,2067,37914,3,3
2020-12-13,Canada,1,0,0,4,0,0,0,2067,37914,3,3
2020-12-13,Canada,1,1,0,17,0,0,0,2067,37914,3,3
2020-12-13,Canada,1,1,1,3,0,0,0,2067,37914,3,3
2020-12-13,Canada,1,1,0,0,469,183,30,2067,37914,3,3
2020-12-13,Canada,1,1,1,0,54,45,12,2067,37914,3,3
2020-12-13,Canada,7,1,0,0,9,2,1,2067,37914,3,3
2020-12-13,Canada,1,0,0,0,5,2,0,2067,37914,3,3
2020-12-14,Canada,1,0,0,8,0,0,0,2067,37914,3,3
2020-12-14,Canada,1,1,0,18,0,0,0,2067,37914,3,3
2020-12-14,Canada,1,1,1,6,0,0,0,2067,37914,3,3
2020-12-14,Canada,1,1,0,0,480,180,31,2067,37914,3,3
2020-12-14,Canada,1,1,1,0,49,38,4,2067,37914,3,3
2020-12-14,Canada,7,1,0,0,10,2,1,2067,37914,3,3
2020-12-14,Canada,1,0,0,0,16,6,0,2067,37914,3,3
2020-12-15,Canada,1,0,0,12,0,0,0,2067,37914,3,3
2020-12-15,Canada,1,1,0,17,0,0,0,2067,37914,3,3
2020-12-15,Canada,1,1,1,6,0,0,0,2067,37914,3,3
2020-12-15,Canada,1,1,1,0,57,37,5,2067,37914,3,3
2020-12-15,Canada,1,1,0,0,487,180,23,2067,37914,3,3
2020-12-15,Canada,7,1,0,0,10,1,0,2067,37914,3,3
2020-12-15,Canada,1,0,0,0,14,4,0,2067,37914,3,3
2020-12-16,Canada,1,0,0,12,0,0,0,2067,37914,3,3
2020-12-16,Canada,1,1,0,14,0,0,0,2067,37914,3,3
2020-12-16,Canada,1,1,1,3,0,0,0,2067,37914,3,3
2020-12-16,Canada,1,1,0,0,512,189,26,2067,37914,3,3
2020-12-16,Canada,1,1,1,0,59,32,10,2067,37914,3,3
2020-12-16,Canada,7,1,0,0,9,1,0,2067,37914,3,3
2020-12-16,Canada,1,0,0,0,16,7,0,2067,37914,3,3
2020-12-17,Canada,1,0,0,9,0,0,0,2067,37914,3,3
2020-12-17,Canada,1,1,0,26,0,0,0,2067,37914,3,3
2020-12-17,Canada,3,1,0,1,0,0,0,2067,37914,3,3
2020-12-17,Canada,1,0,1,1,0,0,0,2067,37914,3,3
2020-12-17,Canada,1,1,1,4,0,0,0,2067,37914,3,3
2020-12-17,Canada,1,1,0,0,516,171,24,2067,37914,3,3
2020-12-17,Canada,1,1,1,0,55,36,2,2067,37914,3,3
2020-12-17,Canada,7,1,0,0,9,0,0,2067,37914,3,3
2020-12-17,Canada,1,0,0,0,12,8,0,2067,37914,3,3
2020-12-17,Canada,1,0,1,0,1,0,0,2067,37914,3,3
2020-12-18,Canada,1,0,0,8,0,0,0,2067,37914,3,3
2020-12-18,Canada,1,1,0,11,0,0,0,2067,37914,3,3
2020-12-18,Canada,1,1,1,6,0,0,0,2067,37914,3,3
2020-12-18,Canada,1,1,0,0,502,174,22,2067,37914,3,3
2020-12-18,Canada,1,1,1,0,62,39,5,2067,37914,3,3
2020-12-18,Canada,7,1,0,0,9,0,0,2067,37914,3,3
2020-12-18,Canada,1,0,0,0,7,0,0,2067,37914,3,3
2020-12-18,Canada,3,1,0,0,1,1,0,2067,37914,3,3
2020-12-19,Canada,1,0,0,5,0,0,0,2067,37914,3,3
2020-12-19,Canada,1,1,0,10,0,0,0,2067,37914,3,3
2020-12-19,Canada,1,0,1,1,0,0,0,2067,37914,3,3
2020-12-19,Canada,1,1,1,3,0,0,0,2067,37914,3,3
2020-12-19,Canada,1,1,0,0,508,162,9,2067,37914,3,3
2020-12-19,Canada,3,1,0,0,5,5,0,2067,37914,3,3
2020-12-19,Canada,1,1,1,0,55,38,7,2067,37914,3,3
2020-12-19,Canada,7,1,0,0,9,1,1,2067,37914,3,3
2020-12-19,Canada,1,0,0,0,4,4,0,2067,37914,3,3
2020-12-20,Canada,1,0,0,4,0,0,0,2067,37914,3,3
2020-12-20,Canada,1,1,0,10,0,0,0,2067,37914,3,3
2020-12-20,Canada,1,1,1,2,0,0,0,2067,37914,3,3
2020-12-20,Canada,1,1,0,0,493,163,18,2067,37914,3,3
2020-12-20,Canada,1,1,1,0,43,25,0,2067,37914,3,3
2020-12-20,Canada,7,1,0,0,9,0,0,2067,37914,3,3
2020-12-20,Canada,3,1,0,0,9,9,3,2067,37914,3,3
2020-12-20,Canada,1,0,0,0,3,0,0,2067,37914,3,3
2020-12-20,Canada,1,0,1,0,1,0,0,2067,37914,3,3
2020-12-21,Canada,1,0,0,1,0,0,0,2067,37914,3,3
2020-12-21,Canada,1,1,0,11,0,0,0,2067,37914,3,3
2020-12-21,Canada,3,1,0,1,0,0,0,2067,37914,3,3
2020-12-21,Canada,2,1,0,1,0,0,0,2067,37914,3,3
2020-12-21,Canada,1,1,1,2,0,0,0,2067,37914,3,3
2020-12-21,Canada,1,1,0,0,491,193,15,2067,37914,3,3
2020-12-21,Canada,1,1,1,0,43,24,0,2067,37914,3,3
2020-12-21,Canada,7,1,0,0,9,1,1,2067,37914,3,3
2020-12-21,Canada,1,0,0,0,3,0,0,2067,37914,3,3
2020-12-21,Canada,3,1,0,0,13,12,4,2067,37914,3,3
2020-12-22,Canada,1,0,0,4,0,0,0,2067,37914,3,3
2020-12-22,Canada,1,1,0,11,0,0,0,2067,37914,3,3
2020-12-22,Canada,1,1,1,3,0,0,0,2067,37914,3,3
2020-12-22,Canada,7,1,1,1,0,0,0,2067,37914,3,3
2020-12-22,Canada,3,1,0,0,12,10,0,2067,37914,3,3
2020-12-22,Canada,1,1,0,0,470,156,16,2067,37914,3,3
2020-12-22,Canada,1,1,1,0,31,17,2,2067,37914,3,3
2020-12-22,Canada,7,1,0,0,10,0,0,2067,37914,3,3
2020-12-22,Canada,1,0,0,0,3,1,0,2067,37914,3,3
2020-12-23,Canada,1,0,0,5,0,0,0,2067,37914,3,3
2020-12-23,Canada,1,1,0,14,0,0,0,2067,37914,3,3
2020-12-23,Canada,7,1,0,1,0,0,0,2067,37914,3,3
2020-12-23,Canada,1,1,1,2,0,0,0,2067,37914,3,3
2020-12-23,Canada,1,1,0,0,419,148,11,2067,37914,3,3
2020-12-23,Canada,1,1,1,0,40,21,4,2067,37914,3,3
2020-12-23,Canada,3,1,0,0,12,8,2,2067,37914,3,3
2020-12-23,Canada,7,1,0,0,9,0,0,2067,37914,3,3
2020-12-23,Canada,1,0,0,0,6,2,0,2067,37914,3,3
2020-12-24,Canada,1,0,0,2,0,0,0,2067,37914,3,3
2020-12-24,Canada,1,1,0,9,0,0,0,2067,37914,3,3
2020-12-24,Canada,1,1,0,0,420,143,8,2067,37914,3,3
2020-12-24,Canada,1,1,1,0,39,18,3,2067,37914,3,3
2020-12-24,Canada,3,1,0,0,13,12,3,2067,37914,3,3
2020-12-24,Canada,7,1,0,0,9,6,0,2067,37914,3,3
2020-12-24,Canada,1,0,0,0,1,1,0,2067,37914,3,3
2020-12-25,Canada,1,0,0,6,0,0,0,2067,37914,3,3
2020-12-25,Canada,1,1,0,8,0,0,0,2067,37914,3,3
2020-12-25,Canada,1,0,1,2,0,0,0,2067,37914,3,3
2020-12-25,Canada,1,1,1,2,0,0,0,2067,37914,3,3
2020-12-25,Canada,1,1,0,0,413,137,10,2067,37914,3,3
2020-12-25,Canada,1,1,1,0,43,21,0,2067,37914,3,3
2020-12-25,Canada,3,1,0,0,13,12,1,2067,37914,3,3
2020-12-25,Canada,7,1,0,0,9,6,0,2067,37914,3,3
2020-12-25,Canada,1,0,0,0,5,0,0,2067,37914,3,3
2020-12-25,Canada,7,1,1,0,2,2,0,2067,37914,3,3
2020-12-25,Canada,1,0,1,0,1,0,0,2067,37914,3,3
2020-12-26,Canada,1,0,0,3,0,0,0,2067,37914,3,3
2020-12-26,Canada,1,1,0,8,0,0,0,2067,37914,3,3
2020-12-26,Canada,1,0,1,2,0,0,0,2067,37914,3,3
2020-12-26,Canada,1,1,1,3,0,0,0,2067,37914,3,3
2020-12-26,Canada,1,1,0,0,418,131,18,2067,37914,3,3
2020-12-26,Canada,1,1,1,0,26,14,2,2067,37914,3,3
2020-12-26,Canada,3,1,0,0,12,9,0,2067,37914,3,3
2020-12-26,Canada,7,1,0,0,8,6,1,2067,37914,3,3
2020-12-26,Canada,1,0,0,0,3,1,0,2067,37914,3,3
2020-12-26,Canada,7,1,1,0,2,2,0,2067,37914,3,3
2020-12-26,Canada,1,0,1,0,2,0,0,2067,37914,3,3
2020-12-27,Canada,1,0,0,3,0,0,0,2067,37914,3,3
2020-12-27,Canada,1,1,0,10,0,0,0,2067,37914,3,3
2020-12-27,Canada,1,0,1,1,0,0,0,2067,37914,3,3
2020-12-27,Canada,1,1,1,1,0,0,0,2067,37914,3,3
2020-12-27,Canada,1,1,0,0,427,123,13,2067,37914,3,3
2020-12-27,Canada,3,1,0,0,12,10,0,2067,37914,3,3
2020-12-27,Canada,1,1,1,0,35,20,3,2067,37914,3,3
2020-12-27,Canada,1,0,0,0,3,1,0,2067,37914,3,3
2020-12-27,Canada,1,0,1,0,3,0,0,2067,37914,3,3
2020-12-27,Canada,7,1,1,0,2,2,0,2067,37914,3,3
2020-12-27,Canada,7,1,0,0,5,4,0,2067,37914,3,3
2020-12-28,Canada,1,0,0,5,0,0,0,2067,37914,3,3
2020-12-28,Canada,1,1,0,10,0,0,0,2067,37914,3,3
2020-12-28,Canada,1,1,1,2,0,0,0,2067,37914,3,3
2020-12-28,Canada,1,1,0,0,424,108,10,2067,37914,3,3
2020-12-28,Canada,3,1,0,0,13,10,0,2067,37914,3,3
2020-12-28,Canada,1,1,1,0,32,16,1,2067,37914,3,3
2020-12-28,Canada,7,1,0,0,5,0,0,2067,37914,3,3
2020-12-28,Canada,1,0,1,0,1,0,0,2067,37914,3,3
2020-12-28,Canada,1,0,0,0,2,0,0,2067,37914,3,3
2020-12-28,Canada,7,1,1,0,2,2,0,2067,37914,3,3
2020-12-29,Canada,1,0,0,5,0,0,0,2067,37914,3,3
2020-12-29,Canada,1,1,0,16,0,0,0,2067,37914,3,3
2020-12-29,Canada,1,1,1,1,0,0,0,2067,37914,3,3
2020-12-29,Canada,1,1,0,0,409,126,10,2067,37914,3,3
2020-12-29,Canada,7,1,1,0,4,4,0,2067,37914,3,3
2020-12-29,Canada,3,1,0,0,12,9,0,2067,37914,3,3
2020-12-29,Canada,1,1,1,0,34,13,4,2067,37914,3,3
2020-12-29,Canada,1,0,1,0,1,0,0,2067,37914,3,3
2020-12-29,Canada,1,0,0,0,7,1,0,2067,37914,3,3
2020-12-29,Canada,7,1,0,0,5,0,0,2067,37914,3,3
2020-12-30,Canada,1,0,0,6,0,0,0,2067,37914,3,3
2020-12-30,Canada,1,1,0,21,0,0,0,2067,37914,3,3
2020-12-30,Canada,1,1,1,7,0,0,0,2067,37914,3,3
2020-12-30,Canada,1,1,0,0,411,121,9,2067,37914,3,3
2020-12-30,Canada,1,1,1,0,40,24,2,2067,37914,3,3
2020-12-30,Canada,3,1,0,0,13,10,0,2067,37914,3,3
2020-12-30,Canada,1,0,0,0,7,1,0,2067,37914,3,3
2020-12-30,Canada,7,1,1,0,2,2,0,2067,37914,3,3
2020-12-30,Canada,7,1,0,0,6,1,0,2067,37914,3,3
2020-12-31,Canada,1,0,0,7,0,0,0,2067,37914,3,3
2020-12-31,Canada,1,1,0,18,0,0,0,2067,37914,3,3
2020-12-31,Canada,1,1,1,5,0,0,0,2067,37914,3,3
2020-12-31,Canada,1,1,1,0,46,26,6,2067,37914,3,3
2020-12-31,Canada,1,1,0,0,396,120,11,2067,37914,3,3
2020-12-31,Canada,3,1,0,0,13,12,1,2067,37914,3,3
2020-12-31,Canada,7,1,1,0,1,1,0,2067,37914,3,3
2020-12-31,Canada,7,1,0,0,6,2,0,2067,37914,3,3
2020-12-31,Canada,1,0,0,0,3,2,0,2067,37914,3,3
2021-01-01,Canada,1,0,0,1,0,0,0,2067,37914,3,3
2021-01-01,Canada,1,1,0,11,0,0,0,2067,37914,3,3
2021-01-01,Canada,7,1,0,1,0,0,0,2067,37914,3,3
2021-01-01,Canada,1,1,1,3,0,0,0,2067,37914,3,3
2021-01-01,Canada,1,1,0,0,408,109,10,2067,37914,3,3
2021-01-01,Canada,1,1,1,0,45,23,4,2067,37914,3,3
2021-01-01,Canada,1,0,0,0,3,0,0,2067,37914,3,3
2021-01-01,Canada,7,1,1,0,2,2,0,2067,37914,3,3
2021-01-01,Canada,3,1,0,0,10,7,0,2067,37914,3,3
2021-01-01,Canada,7,1,0,0,6,5,0,2067,37914,3,3
2021-01-02,Canada,1,0,0,7,0,0,0,2067,37914,3,3
2021-01-02,Canada,1,1,0,9,0,0,0,2067,37914,3,3
2021-01-02,Canada,1,1,1,2,0,0,0,2067,37914,3,3
2021-01-02,Canada,1,1,0,0,397,117,12,2067,37914,3,3
2021-01-02,Canada,1,1,1,0,36,19,1,2067,37914,3,3
2021-01-02,Canada,7,1,0,0,9,6,0,2067,37914,3,3
2021-01-02,Canada,1,0,0,0,4,1,0,2067,37914,3,3
2021-01-02,Canada,7,1,1,0,2,2,0,2067,37914,3,3
2021-01-02,Canada,3,1,0,0,12,7,0,2067,37914,3,3
2021-01-03,Canada,1,0,0,1,0,0,0,2067,37914,3,3
2021-01-03,Canada,1,1,0,10,0,0,0,2067,37914,3,3
2021-01-03,Canada,1,1,1,3,0,0,0,2067,37914,3,3
2021-01-03,Canada,1,1,0,0,388,122,14,2067,37914,3,3
2021-01-03,Canada,1,1,1,0,41,25,2,2067,37914,3,3
2021-01-03,Canada,3,1,0,0,12,8,0,2067,37914,3,3
2021-01-03,Canada,7,1,0,0,7,6,0,2067,37914,3,3
2021-01-03,Canada,1,0,0,0,1,0,0,2067,37914,3,3
2021-01-03,Canada,7,1,1,0,2,2,0,2067,37914,3,3
2021-01-04,Canada,1,0,0,5,0,0,0,2067,37914,3,3
2021-01-04,Canada,1,1,0,13,0,0,0,2067,37914,3,3
2021-01-04,Canada,1,1,1,5,0,0,0,2067,37914,3,3
2021-01-04,Canada,1,1,0,0,380,117,22,2067,37914,3,3
2021-01-04,Canada,1,1,1,0,40,14,1,2067,37914,3,3
2021-01-04,Canada,7,1,0,0,7,6,1,2067,37914,3,3
2021-01-04,Canada,7,1,1,0,2,2,0,2067,37914,3,3
2021-01-04,Canada,3,1,0,0,10,9,1,2067,37914,3,3
2021-01-04,Canada,1,0,0,0,2,2,0,2067,37914,3,3
2021-01-05,Canada,1,0,0,8,0,0,0,2067,37914,3,3
2021-01-05,Canada,1,1,0,12,0,0,0,2067,37914,3,3
2021-01-05,Canada,1,0,1,1,0,0,0,2067,37914,3,3
2021-01-05,Canada,1,1,1,6,0,0,0,2067,37914,3,3
2021-01-05,Canada,1,1,0,0,356,118,14,2067,37914,3,3
2021-01-05,Canada,1,1,1,0,37,17,2,2067,37914,3,3
2021-01-05,Canada,7,1,1,0,4,4,0,2067,37914,3,3
2021-01-05,Canada,1,0,0,0,7,2,0,2067,37914,3,3
2021-01-05,Canada,3,1,0,0,12,9,0,2067,37914,3,3
2021-01-05,Canada,7,1,0,0,5,0,0,2067,37914,3,3
2021-01-06,Canada,1,0,0,6,0,0,0,2067,37914,3,3
2021-01-06,Canada,1,1,0,15,0,0,0,2067,37914,3,3
2021-01-06,Canada,1,1,1,6,0,0,0,2067,37914,3,3
2021-01-06,Canada,1,1,1,0,43,27,2,2067,37914,3,3
2021-01-06,Canada,1,1,0,0,357,118,8,2067,37914,3,3
2021-01-06,Canada,3,1,0,0,12,7,0,2067,37914,3,3
2021-01-06,Canada,7,1,1,0,2,2,0,2067,37914,3,3
2021-01-06,Canada,7,1,0,0,1,0,0,2067,37914,3,3
2021-01-06,Canada,1,0,0,0,6,1,0,2067,37914,3,3
2021-01-07,Canada,1,0,0,7,0,0,0,2067,37914,3,3
2021-01-07,Canada,1,1,0,17,0,0,0,2067,37914,3,3
2021-01-07,Canada,1,1,1,2,0,0,0,2067,37914,3,3
2021-01-07,Canada,7,1,1,1,0,0,0,2067,37914,3,3
2021-01-07,Canada,1,1,0,0,357,121,12,2067,37914,3,3
2021-01-07,Canada,1,1,1,0,43,27,4,2067,37914,3,3
2021-01-07,Canada,1,0,0,0,2,1,0,2067,37914,3,3
2021-01-07,Canada,7,1,1,0,2,2,0,2067,37914,3,3
2021-01-07,Canada,3,1,0,0,10,7,0,2067,37914,3,3
2021-01-07,Canada,7,1,0,0,1,0,0,2067,37914,3,3
2021-01-08,Canada,1,0,0,5,0,0,0,2067,37914,3,3
2021-01-08,Canada,1,1,0,13,0,0,0,2067,37914,3,3
2021-01-08,Canada,1,0,1,1,0,0,0,2067,37914,3,3
2021-01-08,Canada,1,1,1,2,0,0,0,2067,37914,3,3
2021-01-08,Canada,1,1,0,0,348,103,14,2067,37914,3,3
2021-01-08,Canada,1,1,1,0,41,27,6,2067,37914,3,3
2021-01-08,Canada,7,1,0,0,3,3,1,2067,37914,3,3
2021-01-08,Canada,1,0,0,0,4,2,0,2067,37914,3,3
2021-01-08,Canada,7,1,1,0,2,2,0,2067,37914,3,3
2021-01-08,Canada,3,1,0,0,12,11,0,2067,37914,3,3
2021-01-08,Canada,1,0,1,0,3,0,0,2067,37914,3,3
2021-01-09,Canada,1,0,0,5,0,0,0,2067,37914,3,3
2021-01-09,Canada,1,1,0,7,0,0,0,2067,37914,3,3
2021-01-09,Canada,1,0,1,1,0,0,0,2067,37914,3,3
2021-01-09,Canada,7,1,1,1,0,0,0,2067,37914,3,3
2021-01-09,Canada,1,1,1,2,0,0,0,2067,37914,3,3
2021-01-09,Canada,1,1,0,0,318,121,8,2067,37914,3,3
2021-01-09,Canada,1,1,1,0,50,34,4,2067,37914,3,3
2021-01-09,Canada,3,1,0,0,12,6,0,2067,37914,3,3
2021-01-09,Canada,1,0,1,0,4,0,0,2067,37914,3,3
2021-01-09,Canada,1,0,0,0,4,1,0,2067,37914,3,3
2021-01-09,Canada,7,1,0,0,1,1,0,2067,37914,3,3
2021-01-09,Canada,7,1,1,0,2,2,0,2067,37914,3,3
2021-01-10,Canada,1,0,0,2,0,0,0,2067,37914,3,3
2021-01-10,Canada,1,1,0,2,0,0,0,2067,37914,3,3
2021-01-10,Canada,1,1,1,4,0,0,0,2067,37914,3,3
2021-01-10,Canada,1,1,1,0,47,36,5,2067,37914,3,3
2021-01-10,Canada,1,1,0,0,299,96,13,2067,37914,3,3
2021-01-10,Canada,1,0,0,0,2,1,0,2067,37914,3,3
2021-01-10,Canada,7,1,0,0,1,0,0,2067,37914,3,3
2021-01-10,Canada,7,1,1,0,2,2,0,2067,37914,3,3
2021-01-10,Canada,3,1,0,0,5,5,0,2067,37914,3,3
2021-01-11,Canada,1,0,0,2,0,0,0,2067,37914,3,3
2021-01-11,Canada,1,1,0,13,0,0,0,2067,37914,3,3
2021-01-11,Canada,1,1,1,3,0,0,0,2067,37914,3,3
2021-01-11,Canada,1,1,1,0,49,34,5,2067,37914,3,3
2021-01-11,Canada,1,1,0,0,291,82,12,2067,37914,3,3
2021-01-11,Canada,1,0,0,0,3,0,0,2067,37914,3,3
2021-01-11,Canada,1,0,1,0,1,0,0,2067,37914,3,3
2021-01-11,Canada,7,1,0,0,1,0,0,2067,37914,3,3
2021-01-11,Canada,7,1,1,0,1,1,0,2067,37914,3,3
2021-01-11,Canada,3,1,0,0,6,6,0,2067,37914,3,3
2021-01-12,Canada,1,0,0,4,0,0,0,2067,37914,3,3
2021-01-12,Canada,1,1,0,21,0,0,0,2067,37914,3,3
2021-01-12,Canada,1,1,1,2,0,0,0,2067,37914,3,3
2021-01-12,Canada,1,1,0,0,297,101,10,2067,37914,3,3
2021-01-12,Canada,1,1,1,0,58,41,4,2067,37914,3,3
2021-01-12,Canada,7,1,1,0,4,4,0,2067,37914,3,3
2021-01-12,Canada,3,1,0,0,6,6,0,2067,37914,3,3
2021-01-12,Canada,1,0,1,0,1,0,0,2067,37914,3,3
2021-01-12,Canada,1,0,0,0,5,0,0,2067,37914,3,3
2021-01-12,Canada,7,1,0,0,1,1,0,2067,37914,3,3
2021-01-13,Canada,1,0,0,7,0,0,0,2067,37914,3,3
2021-01-13,Canada,1,1,0,10,0,0,0,2067,37914,3,3
2021-01-13,Canada,1,0,1,1,0,0,0,2067,37914,3,3
2021-01-13,Canada,1,1,1,6,0,0,0,2067,37914,3,3
2021-01-13,Canada,1,1,0,0,307,107,6,2067,37914,3,3
2021-01-13,Canada,1,1,1,0,59,29,6,2067,37914,3,3
2021-01-13,Canada,1,0,0,0,9,4,0,2067,37914,3,3
2021-01-13,Canada,7,1,0,0,1,0,0,2067,37914,3,3
2021-01-13,Canada,7,1,1,0,2,2,0,2067,37914,3,3
2021-01-13,Canada,3,1,0,0,5,5,0,2067,37914,3,3
2021-01-14,Canada,1,0,0,10,0,0,0,2067,37914,3,3
2021-01-14,Canada,1,1,0,14,0,0,0,2067,37914,3,3
2021-01-14,Canada,1,0,1,1,0,0,0,2067,37914,3,3
2021-01-14,Canada,1,1,1,5,0,0,0,2067,37914,3,3
2021-01-14,Canada,1,1,0,0,324,120,4,2067,37914,3,3
2021-01-14,Canada,1,1,1,0,57,31,1,2067,37914,3,3
2021-01-14,Canada,1,0,0,0,3,0,0,2067,37914,3,3
2021-01-14,Canada,1,0,1,0,3,0,0,2067,37914,3,3
2021-01-14,Canada,7,1,0,0,1,0,0,2067,37914,3,3
2021-01-14,Canada,7,1,1,0,2,2,0,2067,37914,3,3
2021-01-14,Canada,3,1,0,0,6,5,0,2067,37914,3,3
2021-01-15,Canada,1,0,0,13,0,0,0,2067,37914,3,3
2021-01-15,Canada,1,1,0,10,0,0,0,2067,37914,3,3
2021-01-15,Canada,3,1,0,1,0,0,0,2067,37914,3,3
2021-01-15,Canada,1,1,1,1,0,0,0,2067,37914,3,3
2021-01-15,Canada,1,1,0,0,326,126,5,2067,37914,3,3
2021-01-15,Canada,1,1,1,0,53,37,4,2067,37914,3,3
2021-01-15,Canada,7,1,0,0,3,0,0,2067,37914,3,3
2021-01-15,Canada,3,1,0,0,9,4,3,2067,37914,3,3
2021-01-15,Canada,1,0,0,0,9,3,0,2067,37914,3,3
2021-01-15,Canada,7,1,1,0,2,1,0,2067,37914,3,3
2021-01-16,Canada,1,0,0,6,0,0,0,2067,37914,3,3
2021-01-16,Canada,1,1,0,7,0,0,0,2067,37914,3,3
2021-01-16,Canada,1,0,1,1,0,0,0,2067,37914,3,3
2021-01-16,Canada,7,1,1,1,0,0,0,2067,37914,3,3
2021-01-16,Canada,1,1,1,3,0,0,0,2067,37914,3,3
2021-01-16,Canada,1,1,0,0,314,104,6,2067,37914,3,3
2021-01-16,Canada,3,1,0,0,3,3,1,2067,37914,3,3
2021-01-16,Canada,1,1,1,0,54,22,0,2067,37914,3,3
2021-01-16,Canada,1,0,0,0,11,4,0,2067,37914,3,3
2021-01-16,Canada,7,1,0,0,1,0,0,2067,37914,3,3
2021-01-16,Canada,7,1,1,0,2,2,0,2067,37914,3,3
2021-01-17,Canada,1,0,0,4,0,0,0,2067,37914,3,3
2021-01-17,Canada,1,1,0,14,0,0,0,2067,37914,3,3
2021-01-17,Canada,1,1,0,0,316,119,11,2067,37914,3,3
2021-01-17,Canada,3,1,0,0,3,3,1,2067,37914,3,3
2021-01-17,Canada,1,1,1,0,46,22,0,2067,37914,3,3
2021-01-17,Canada,1,0,0,0,3,0,0,2067,37914,3,3
2021-01-17,Canada,7,1,1,0,4,3,1,2067,37914,3,3
2021-01-17,Canada,7,1,0,0,1,0,0,2067,37914,3,3
2021-01-18,Canada,1,0,0,7,0,0,0,2067,37914,3,3
2021-01-18,Canada,1,1,0,11,0,0,0,2067,37914,3,3
2021-01-18,Canada,1,1,1,2,0,0,0,2067,37914,3,3
2021-01-18,Canada,1,1,0,0,306,110,9,2067,37914,3,3
2021-01-18,Canada,3,1,0,0,3,3,0,2067,37914,3,3
2021-01-18,Canada,1,1,1,0,44,29,1,2067,37914,3,3
2021-01-18,Canada,1,0,0,0,3,1,0,2067,37914,3,3
2021-01-18,Canada,7,1,0,0,1,1,0,2067,37914,3,3
2021-01-19,Canada,1,0,0,7,0,0,0,2067,37914,3,3
2021-01-19,Canada,1,1,0,14,0,0,0,2067,37914,3,3
2021-01-19,Canada,1,1,1,3,0,0,0,2067,37914,3,3
2021-01-19,Canada,1,1,0,0,310,96,7,2067,37914,3,3
2021-01-19,Canada,3,1,0,0,3,3,1,2067,37914,3,3
2021-01-19,Canada,1,1,1,0,47,31,1,2067,37914,3,3
2021-01-19,Canada,1,0,0,0,5,1,0,2067,37914,3,3
2021-01-19,Canada,7,1,1,0,2,2,0,2067,37914,3,3
2021-01-19,Canada,7,1,0,0,1,0,0,2067,37914,3,3
2021-01-20,Canada,1,0,0,5,0,0,0,2067,37914,3,3
2021-01-20,Canada,1,1,0,17,0,0,0,2067,37914,3,3
2021-01-20,Canada,7,1,0,1,0,0,0,2067,37914,3,3
2021-01-20,Canada,1,1,1,5,0,0,0,2067,37914,3,3
2021-01-20,Canada,1,1,0,0,305,105,16,2067,37914,3,3
2021-01-20,Canada,3,1,0,0,3,3,2,2067,37914,3,3
2021-01-20,Canada,1,1,1,0,58,34,2,2067,37914,3,3
2021-01-20,Canada,7,1,0,0,1,0,0,2067,37914,3,3
2021-01-20,Canada,1,0,0,0,2,1,0,2067,37914,3,3
2021-01-21,Canada,1,0,0,5,0,0,0,2067,37914,3,3
2021-01-21,Canada,1,1,0,15,0,0,0,2067,37914,3,3
2021-01-21,Canada,1,0,1,3,0,0,0,2067,37914,3,3
2021-01-21,Canada,1,1,1,3,0,0,0,2067,37914,3,3
2021-01-21,Canada,1,1,0,0,319,105,6,2067,37914,3,3
2021-01-21,Canada,1,1,1,0,55,35,5,2067,37914,3,3
2021-01-21,Canada,1,0,0,0,2,0,0,2067,37914,3,3
2021-01-21,Canada,3,1,0,0,1,1,0,2067,37914,3,3
2021-01-21,Canada,7,1,0,0,1,0,0,2067,37914,3,3
2021-01-22,Canada,1,0,0,7,0,0,0,2067,37914,3,3
2021-01-22,Canada,1,1,0,16,0,0,0,2067,37914,3,3
2021-01-22,Canada,1,1,1,4,0,0,0,2067,37914,3,3
2021-01-22,Canada,7,1,1,1,0,0,0,2067,37914,3,3
2021-01-22,Canada,1,1,0,0,333,118,13,2067,37914,3,3
2021-01-22,Canada,1,1,1,0,38,24,2,2067,37914,3,3
2021-01-22,Canada,7,1,0,0,3,0,0,2067,37914,3,3
2021-01-22,Canada,1,0,0,0,6,2,0,2067,37914,3,3
2021-01-23,Canada,1,0,0,1,0,0,0,2067,37914,3,3
2021-01-23,Canada,1,1,0,16,0,0,0,2067,37914,3,3
2021-01-23,Canada,1,1,1,5,0,0,0,2067,37914,3,3
2021-01-23,Canada,1,1,0,0,316,101,12,2067,37914,3,3
2021-01-23,Canada,1,1,1,0,34,20,3,2067,37914,3,3
2021-01-23,Canada,3,1,0,0,2,2,0,2067,37914,3,3
2021-01-23,Canada,7,1,0,0,1,0,0,2067,37914,3,3
2021-01-24,Canada,1,0,0,6,0,0,0,2067,37914,3,3
2021-01-24,Canada,1,1,0,7,0,0,0,2067,37914,3,3
2021-01-24,Canada,1,0,1,1,0,0,0,2067,37914,3,3
2021-01-24,Canada,1,1,1,2,0,0,0,2067,37914,3,3
2021-01-24,Canada,1,1,0,0,309,103,14,2067,37914,3,3
2021-01-24,Canada,1,1,1,0,28,20,0,2067,37914,3,3
2021-01-24,Canada,7,1,0,0,1,0,0,2067,37914,3,3
2021-01-25,Canada,1,0,0,7,0,0,0,2067,37914,3,3
2021-01-25,Canada,1,1,0,17,0,0,0,2067,37914,3,3
2021-01-25,Canada,1,1,1,2,0,0,0,2067,37914,3,3
2021-01-25,Canada,1,1,0,0,306,108,9,2067,37914,3,3
2021-01-25,Canada,1,1,1,0,22,15,2,2067,37914,3,3
2021-01-25,Canada,1,0,0,0,5,0,0,2067,37914,3,3
2021-01-25,Canada,7,1,0,0,1,0,0,2067,37914,3,3
2021-01-26,Canada,1,0,0,7,0,0,0,2067,37914,3,3
2021-01-26,Canada,1,1,0,11,0,0,0,2067,37914,3,3
2021-01-26,Canada,1,1,1,4,0,0,0,2067,37914,3,3
2021-01-26,Canada,1,1,0,0,315,102,10,2067,37914,3,3
2021-01-26,Canada,1,1,1,0,25,17,0,2067,37914,3,3
2021-01-26,Canada,3,1,0,0,2,2,1,2067,37914,3,3
2021-01-26,Canada,1,0,0,0,4,1,0,2067,37914,3,3
2021-01-26,Canada,7,1,0,0,1,0,0,2067,37914,3,3
2021-01-27,Canada,1,0,0,2,0,0,0,2067,37914,3,3
2021-01-27,Canada,1,1,0,11,0,0,0,2067,37914,3,3
2021-01-27,Canada,7,1,1,1,0,0,0,2067,37914,3,3
2021-01-27,Canada,1,1,1,4,0,0,0,2067,37914,3,3
2021-01-27,Canada,1,1,1,0,28,18,7,2067,37914,3,3
2021-01-27,Canada,1,1,0,0,340,112,6,2067,37914,3,3
2021-01-27,Canada,7,1,0,0,1,0,0,2067,37914,3,3
2021-01-27,Canada,1,0,0,0,2,0,0,2067,37914,3,3
2021-01-28,Canada,1,1,0,0,342,101,7,2067,37914,3,3
2021-01-28,Canada,1,1,1,0,35,21,3,2067,37914,3,3
2021-01-28,Canada,1,0,0,0,2,1,0,2067,37914,3,3
2021-01-28,Canada,7,1,0,0,1,0,0,2067,37914,3,3
2021-01-29,Canada,1,1,0,0,338,95,6,2067,37914,3,3
2021-01-29,Canada,1,1,1,0,38,23,5,2067,37914,3,3
2021-01-29,Canada,7,1,0,0,3,0,0,2067,37914,3,3
2021-01-29,Canada,1,0,0,0,2,1,0,2067,37914,3,3
2021-01-30,Canada,1,1,0,0,315,93,13,2067,37914,3,3
2021-01-30,Canada,1,1,1,0,31,15,2,2067,37914,3,3
2021-01-30,Canada,7,1,1,0,2,1,0,2067,37914,3,3
2021-01-30,Canada,7,1,0,0,1,0,0,2067,37914,3,3
2021-01-31,Canada,1,1,0,0,290,71,5,2067,37914,3,3
2021-01-31,Canada,1,1,1,0,15,4,2,2067,37914,3,3
2021-01-31,Canada,7,1,1,0,1,0,0,2067,37914,3,3
2021-02-01,Canada,1,1,1,0,9,6,3,2067,37914,3,3
2021-02-01,Canada,1,1,0,0,284,73,8,2067,37914,3,3
2021-02-01,Canada,7,1,1,0,1,1,0,2067,37914,3,3
2021-02-01,Canada,1,0,0,0,1,0,0,2067,37914,3,3
2021-02-02,Canada,1,1,1,0,11,10,2,2067,37914,3,3
2021-02-02,Canada,1,1,0,0,267,75,2,2067,37914,3,3
2021-02-02,Canada,1,0,0,0,5,0,0,2067,37914,3,3
2021-02-02,Canada,7,1,1,0,1,1,1,2067,37914,3,3
2021-02-03,Canada,1,1,1,0,12,12,2,2067,37914,3,3
2021-02-03,Canada,1,1,0,0,258,67,4,2067,37914,3,3
2021-02-03,Canada,1,0,0,0,5,0,0,2067,37914,3,3
2021-02-03,Canada,7,1,1,0,2,1,0,2067,37914,3,3
2021-02-04,Canada,1,1,1,0,12,7,1,2067,37914,3,3
2021-02-04,Canada,1,1,0,0,235,54,4,2067,37914,3,3
2021-02-04,Canada,1,0,0,0,5,0,0,2067,37914,3,3
2021-02-04,Canada,7,1,1,0,2,0,0,2067,37914,3,3
2021-02-05,Canada,1,1,1,0,13,10,2,2067,37914,3,3
2021-02-05,Canada,1,1,0,0,228,57,6,2067,37914,3,3
2021-02-05,Canada,1,0,0,0,5,0,0,2067,37914,3,3
2021-02-05,Canada,7,1,1,0,1,1,0,2067,37914,3,3
2021-02-06,Canada,1,1,1,0,7,4,0,2067,37914,3,3
2021-02-06,Canada,1,1,0,0,229,61,2,2067,37914,3,3
2021-02-06,Canada,1,0,0,0,5,0,0,2067,37914,3,3
2021-02-06,Canada,7,1,1,0,1,0,0,2067,37914,3,3
2021-02-07,Canada,1,1,1,0,5,5,0,2067,37914,3,3
2021-02-07,Canada,1,1,0,0,214,54,2,2067,37914,3,3
2021-02-07,Canada,1,0,0,0,6,0,0,2067,37914,3,3
2021-02-07,Canada,7,1,1,0,1,0,0,2067,37914,3,3
2021-02-08,Canada,1,1,1,0,3,2,0,2067,37914,3,3
2021-02-08,Canada,1,1,0,0,210,55,7,2067,37914,3,3
2021-02-08,Canada,1,0,0,0,5,0,0,2067,37914,3,3
2021-02-09,Canada,1,1,1,0,3,3,0,2067,37914,3,3
2021-02-09,Canada,1,1,0,0,218,51,4,2067,37914,3,3
2021-02-09,Canada,7,1,0,0,4,0,0,2067,37914,3,3
2021-02-09,Canada,1,0,0,0,5,0,0,2067,37914,3,3
2021-02-10,Canada,1,1,1,0,4,4,0,2067,37914,3,3
2021-02-10,Canada,1,1,0,0,204,50,3,2067,37914,3,3
2021-02-10,Canada,7,1,0,0,4,0,0,2067,37914,3,3
2021-02-10,Canada,1,0,0,0,5,0,0,2067,37914,3,3
2021-02-11,Canada,1,1,1,0,7,6,0,2067,37914,3,3
2021-02-11,Canada,1,1,0,0,187,48,7,2067,37914,3,3
2021-02-11,Canada,7,1,0,0,4,0,0,2067,37914,3,3
2021-02-11,Canada,1,0,0,0,5,2,0,2067,37914,3,3
2021-02-12,Canada,1,1,1,0,3,3,0,2067,37914,3,3
2021-02-12,Canada,1,1,0,0,179,36,3,2067,37914,3,3
2021-02-12,Canada,7,1,0,0,4,0,0,2067,37914,3,3
2021-02-12,Canada,1,0,0,0,5,0,0,2067,37914,3,3
2021-02-13,Canada,1,1,1,0,4,3,0,2067,37914,3,3
2021-02-13,Canada,1,1,0,0,170,51,6,2067,37914,3,3
2021-02-13,Canada,7,1,0,0,5,0,0,2067,37914,3,3
2021-02-13,Canada,1,0,0,0,5,0,0,2067,37914,3,3
2021-02-14,Canada,1,1,0,0,160,34,5,2067,37914,3,3
2021-02-14,Canada,1,1,1,0,2,2,0,2067,37914,3,3
2021-02-14,Canada,7,1,0,0,5,0,0,2067,37914,3,3
2021-02-14,Canada,1,0,0,0,5,0,0,2067,37914,3,3
2021-02-15,Canada,1,1,0,0,159,46,1,2067,37914,3,3
2021-02-15,Canada,1,1,1,0,3,3,1,2067,37914,3,3
2021-02-15,Canada,7,1,0,0,5,0,0,2067,37914,3,3
2021-02-15,Canada,1,0,0,0,5,0,0,2067,37914,3,3
2021-02-16,Canada,1,1,0,0,151,44,5,2067,37914,3,3
2021-02-16,Canada,1,1,1,0,4,4,0,2067,37914,3,3
2021-02-16,Canada,1,0,0,0,5,0,0,2067,37914,3,3
2021-02-16,Canada,7,1,0,0,1,0,0,2067,37914,3,3
2021-02-17,Canada,1,1,0,0,144,37,5,2067,37914,3,3
2021-02-17,Canada,1,1,1,0,3,3,0,2067,37914,3,3
2021-02-17,Canada,1,0,0,0,5,0,0,2067,37914,3,3
2021-02-18,Canada,1,1,0,0,150,36,5,2067,37914,3,3
2021-02-18,Canada,1,1,1,0,7,6,1,2067,37914,3,3
2021-02-18,Canada,1,0,0,0,5,0,0,2067,37914,3,3
2021-02-19,Canada,1,1,0,0,119,31,4,2067,37914,3,3
2021-02-19,Canada,1,1,1,0,2,2,0,2067,37914,3,3
2021-02-20,Canada,1,1,0,0,100,26,2,2067,37914,3,3
2021-02-21,Canada,1,1,0,0,76,22,1,2067,37914,3,3
2021-02-22,Canada,1,1,0,0,50,1,0,2067,37914,3,3
2021-02-23,Canada,1,1,0,0,35,2,1,2067,37914,3,3
2021-02-24,Canada,1,1,0,0,16,0,0,2067,37914,3,3
2021-02-25,Canada,1,1,0,0,5,0,0,2067,37914,3,3
2020-11-01,China,1,1,0,2,0,0,0,490,10181,8,5
2020-11-01,China,1,1,0,0,3,0,0,490,10181,8,5
2020-11-02,China,1,0,0,2,0,0,0,490,10181,8,5
2020-11-02,China,1,1,0,1,0,0,0,490,10181,8,5
2020-11-02,China,1,1,1,1,0,0,0,490,10181,8,5
2020-11-02,China,1,1,0,0,5,0,0,490,10181,8,5
2020-11-03,China,1,0,0,4,0,0,0,490,10181,8,5
2020-11-03,China,1,1,0,4,0,0,0,490,10181,8,5
2020-11-03,China,1,1,1,4,0,0,0,490,10181,8,5
2020-11-03,China,1,1,0,0,5,0,0,490,10181,8,5
2020-11-03,China,1,1,1,0,7,6,0,490,10181,8,5
2020-11-03,China,1,0,0,0,3,0,0,490,10181,8,5
2020-11-04,China,1,0,0,3,0,0,0,490,10181,8,5
2020-11-04,China,1,1,0,3,0,0,0,490,10181,8,5
2020-11-04,China,1,0,1,1,0,0,0,490,10181,8,5
2020-11-04,China,1,1,1,1,0,0,0,490,10181,8,5
2020-11-04,China,1,1,1,0,13,11,0,490,10181,8,5
2020-11-04,China,1,1,0,0,5,0,0,490,10181,8,5
2020-11-05,China,1,1,0,4,0,0,0,490,10181,8,5
2020-11-05,China,1,1,1,2,0,0,0,490,10181,8,5
2020-11-05,China,1,1,1,0,7,7,0,490,10181,8,5
2020-11-05,China,1,1,0,0,6,0,0,490,10181,8,5
2020-11-06,China,1,0,0,1,0,0,0,490,10181,8,5
2020-11-06,China,1,1,0,3,0,0,0,490,10181,8,5
2020-11-06,China,1,1,0,0,7,1,1,490,10181,8,5
2020-11-06,China,1,0,0,0,1,0,0,490,10181,8,5
2020-11-06,China,1,1,1,0,2,2,0,490,10181,8,5
2020-11-07,China,1,1,0,3,0,0,0,490,10181,8,5
2020-11-07,China,1,1,0,0,14,12,2,490,10181,8,5
2020-11-07,China,1,0,0,0,1,0,0,490,10181,8,5
2020-11-08,China,1,0,0,2,0,0,0,490,10181,8,5
2020-11-08,China,1,1,0,0,8,8,1,490,10181,8,5
2020-11-08,China,1,0,0,0,4,0,0,490,10181,8,5
2020-11-09,China,1,0,0,3,0,0,0,490,10181,8,5
2020-11-09,China,1,1,0,2,0,0,0,490,10181,8,5
2020-11-09,China,1,1,1,2,0,0,0,490,10181,8,5
2020-11-09,China,1,1,0,0,7,7,4,490,10181,8,5
2020-11-09,China,1,1,1,0,2,2,0,490,10181,8,5
2020-11-10,China,1,0,0,2,0,0,0,490,10181,8,5
2020-11-10,China,1,1,0,4,0,0,0,490,10181,8,5
2020-11-10,China,1,1,1,3,0,0,0,490,10181,8,5
2020-11-10,China,1,1,1,0,7,7,1,490,10181,8,5
2020-11-10,China,1,1,0,0,10,10,1,490,10181,8,5
2020-11-11,China,1,0,0,1,0,0,0,490,10181,8,5
2020-11-11,China,1,1,0,4,0,0,0,490,10181,8,5
2020-11-11,China,1,1,0,0,14,14,1,490,10181,8,5
2020-11-11,China,1,1,1,0,9,9,0,490,10181,8,5
2020-11-11,China,1,0,0,0,3,0,0,490,10181,8,5
2020-11-12,China,1,1,0,3,0,0,0,490,10181,8,5
2020-11-12,China,1,1,1,1,0,0,0,490,10181,8,5
2020-11-12,China,1,1,0,0,15,12,0,490,10181,8,5
2020-11-12,China,1,1,1,0,9,9,0,490,10181,8,5
2020-11-13,China,1,0,0,1,0,0,0,490,10181,8,5
2020-11-13,China,1,1,0,5,0,0,0,490,10181,8,5
2020-11-13,China,1,1,1,3,0,0,0,490,10181,8,5
2020-11-13,China,1,1,0,0,18,15,0,490,10181,8,5
2020-11-13,China,1,1,1,0,7,5,0,490,10181,8,5
2020-11-14,China,1,1,0,1,0,0,0,490,10181,8,5
2020-11-14,China,1,0,1,1,0,0,0,490,10181,8,5
2020-11-14,China,1,1,1,1,0,0,0,490,10181,8,5
2020-11-14,China,1,1,0,0,33,23,2,490,10181,8,5
2020-11-14,China,1,1,1,0,4,4,0,490,10181,8,5
2020-11-14,China,1,0,0,0,1,0,0,490,10181,8,5
2020-11-15,China,1,1,0,2,0,0,0,490,10181,8,5
2020-11-15,China,1,1,0,0,36,22,2,490,10181,8,5
2020-11-15,China,1,1,1,0,4,4,0,490,10181,8,5
2020-11-16,China,1,0,0,1,0,0,0,490,10181,8,5
2020-11-16,China,1,1,0,0,43,30,3,490,10181,8,5
2020-11-16,China,1,1,1,0,4,4,0,490,10181,8,5
2020-11-16,China,1,0,0,0,1,0,0,490,10181,8,5
2020-11-17,China,1,0,0,2,0,0,0,490,10181,8,5
2020-11-17,China,1,1,0,3,0,0,0,490,10181,8,5
2020-11-17,China,1,1,0,0,46,26,2,490,10181,8,5
2020-11-17,China,1,1,1,0,4,4,0,490,10181,8,5
2020-11-17,China,1,0,0,0,1,0,0,490,10181,8,5
2020-11-18,China,1,0,0,1,0,0,0,490,10181,8,5
2020-11-18,China,1,1,1,1,0,0,0,490,10181,8,5
2020-11-18,China,1,1,0,0,55,27,1,490,10181,8,5
2020-11-18,China,1,1,1,0,4,4,0,490,10181,8,5
2020-11-19,China,1,1,0,4,0,0,0,490,10181,8,5
2020-11-19,China,1,1,0,0,61,32,2,490,10181,8,5
2020-11-19,China,1,1,1,0,4,4,0,490,10181,8,5
2020-11-19,China,1,0,0,0,1,0,0,490,10181,8,5
2020-11-20,China,1,1,0,4,0,0,0,490,10181,8,5
2020-11-20,China,1,1,0,0,61,29,5,490,10181,8,5
2020-11-20,China,1,1,1,0,4,4,0,490,10181,8,5
2020-11-20,China,1,0,0,0,1,0,0,490,10181,8,5
2020-11-21,China,1,0,0,1,0,0,0,490,10181,8,5
2020-11-21,China,1,1,0,4,0,0,0,490,10181,8,5
2020-11-21,China,1,1,1,1,0,0,0,490,10181,8,5
2020-11-21,China,1,1,0,0,57,29,1,490,10181,8,5
2020-11-21,China,1,1,1,0,4,4,0,490,10181,8,5
2020-11-22,China,1,1,0,1,0,0,0,490,10181,8,5
2020-11-22,China,1,1,0,0,57,28,1,490,10181,8,5
2020-11-22,China,1,1,1,0,5,5,0,490,10181,8,5
2020-11-23,China,1,0,0,1,0,0,0,490,10181,8,5
2020-11-23,China,1,1,0,4,0,0,0,490,10181,8,5
2020-11-23,China,1,1,0,0,61,33,0,490,10181,8,5
2020-11-23,China,1,0,0,0,1,0,0,490,10181,8,5
2020-11-24,China,1,0,0,2,0,0,0,490,10181,8,5
2020-11-24,China,1,1,0,3,0,0,0,490,10181,8,5
2020-11-24,China,1,1,1,4,0,0,0,490,10181,8,5
2020-11-24,China,1,1,0,0,64,27,2,490,10181,8,5
2020-11-24,China,1,1,1,0,4,2,0,490,10181,8,5
2020-11-24,China,1,0,0,0,2,0,0,490,10181,8,5
2020-11-25,China,1,0,0,2,0,0,0,490,10181,8,5
2020-11-25,China,1,1,0,1,0,0,0,490,10181,8,5
2020-11-25,China,1,1,1,0,9,5,0,490,10181,8,5
2020-11-25,China,1,1,0,0,69,29,0,490,10181,8,5
2020-11-26,China,1,0,0,3,0,0,0,490,10181,8,5
2020-11-26,China,1,1,0,2,0,0,0,490,10181,8,5
2020-11-26,China,1,1,1,1,0,0,0,490,10181,8,5
2020-11-26,China,1,1,1,0,9,0,0,490,10181,8,5
2020-11-26,China,1,1,0,0,81,32,1,490,10181,8,5
2020-11-26,China,1,0,0,0,2,0,0,490,10181,8,5
2020-11-27,China,1,1,0,1,0,0,0,490,10181,8,5
2020-11-27,China,1,1,1,0,9,0,0,490,10181,8,5
2020-11-27,China,1,1,0,0,72,30,3,490,10181,8,5
2020-11-28,China,1,0,0,2,0,0,0,490,10181,8,5
2020-11-28,China,1,1,1,2,0,0,0,490,10181,8,5
2020-11-28,China,1,1,0,0,77,26,1,490,10181,8,5
2020-11-28,China,1,1,1,0,13,5,0,490,10181,8,5
2020-11-28,China,1,0,0,0,1,0,0,490,10181,8,5
2020-11-29,China,1,0,0,1,0,0,0,490,10181,8,5
2020-11-29,China,1,1,0,4,0,0,0,490,10181,8,5
2020-11-29,China,1,1,1,1,0,0,0,490,10181,8,5
2020-11-29,China,1,1,0,0,78,20,0,490,10181,8,5
2020-11-29,China,1,1,1,0,11,1,0,490,10181,8,5
2020-11-29,China,1,0,0,0,1,1,0,490,10181,8,5
2020-11-30,China,1,0,0,1,0,0,0,490,10181,8,5
2020-11-30,China,1,1,0,3,0,0,0,490,10181,8,5
2020-11-30,China,1,1,1,2,0,0,0,490,10181,8,5
2020-11-30,China,1,1,0,0,82,29,1,490,10181,8,5
2020-11-30,China,1,1,1,0,8,1,0,490,10181,8,5
2020-11-30,China,1,0,0,0,2,0,0,490,10181,8,5
2020-12-01,China,1,0,0,2,0,0,0,490,10181,8,5
2020-12-01,China,1,1,0,1,0,0,0,490,10181,8,5
2020-12-01,China,1,1,0,0,82,31,1,490,10181,8,5
2020-12-01,China,1,1,1,0,7,4,0,490,10181,8,5
2020-12-01,China,1,0,0,0,2,2,0,490,10181,8,5
2020-12-02,China,1,0,0,1,0,0,0,490,10181,8,5
2020-12-02,China,1,1,0,3,0,0,0,490,10181,8,5
2020-12-02,China,1,1,1,2,0,0,0,490,10181,8,5
2020-12-02,China,1,1,0,0,81,35,3,490,10181,8,5
2020-12-02,China,1,1,1,0,15,10,1,490,10181,8,5
2020-12-03,China,1,0,0,3,0,0,0,490,10181,8,5
2020-12-03,China,1,1,0,2,0,0,0,490,10181,8,5
2020-12-03,China,1,1,0,0,75,28,1,490,10181,8,5
2020-12-03,China,1,1,1,0,9,6,2,490,10181,8,5
2020-12-03,China,1,0,0,0,2,1,0,490,10181,8,5
2020-12-04,China,1,0,0,1,0,0,0,490,10181,8,5
2020-12-04,China,1,1,0,1,0,0,0,490,10181,8,5
2020-12-04,China,1,1,1,2,0,0,0,490,10181,8,5
2020-12-04,China,7,1,1,1,0,0,0,490,10181,8,5
2020-12-04,China,1,1,1,0,12,12,2,490,10181,8,5
2020-12-04,China,1,1,0,0,74,32,2,490,10181,8,5
2020-12-04,China,1,0,0,0,1,1,0,490,10181,8,5
2020-12-04,China,7,1,1,0,1,1,0,490,10181,8,5
2020-12-05,China,1,1,0,7,0,0,0,490,10181,8,5
2020-12-05,China,1,1,1,1,0,0,0,490,10181,8,5
2020-12-05,China,1,1,0,0,70,24,2,490,10181,8,5
2020-12-05,China,1,1,1,0,16,12,2,490,10181,8,5
2020-12-05,China,7,1,1,0,6,6,1,490,10181,8,5
2020-12-06,China,1,0,0,3,0,0,0,490,10181,8,5
2020-12-06,China,1,1,0,1,0,0,0,490,10181,8,5
2020-12-06,China,1,1,0,0,78,33,3,490,10181,8,5
2020-12-06,China,1,1,1,0,16,15,5,490,10181,8,5
2020-12-06,China,7,1,1,0,6,6,1,490,10181,8,5
2020-12-06,China,1,0,0,0,1,0,0,490,10181,8,5
2020-12-07,China,1,0,0,1,0,0,0,490,10181,8,5
2020-12-07,China,1,1,0,7,0,0,0,490,10181,8,5
2020-12-07,China,1,1,1,1,0,0,0,490,10181,8,5
2020-12-07,China,1,1,0,0,78,34,4,490,10181,8,5
2020-12-07,China,1,1,1,0,15,11,3,490,10181,8,5
2020-12-07,China,7,1,1,0,6,6,1,490,10181,8,5
2020-12-08,China,1,0,0,2,0,0,0,490,10181,8,5
2020-12-08,China,1,1,0,6,0,0,0,490,10181,8,5
2020-12-08,China,1,1,1,1,0,0,0,490,10181,8,5
2020-12-08,China,1,1,0,0,92,50,5,490,10181,8,5
2020-12-08,China,1,1,1,0,17,10,0,490,10181,8,5
2020-12-08,China,7,1,1,0,6,6,0,490,10181,8,5
2020-12-08,China,1,0,0,0,3,0,0,490,10181,8,5
2020-12-09,China,1,0,0,2,0,0,0,490,10181,8,5
2020-12-09,China,1,1,0,4,0,0,0,490,10181,8,5
2020-12-09,China,1,1,1,2,0,0,0,490,10181,8,5
2020-12-09,China,1,1,0,0,100,46,10,490,10181,8,5
2020-12-09,China,1,1,1,0,17,8,0,490,10181,8,5
2020-12-09,China,7,1,1,0,6,6,0,490,10181,8,5
2020-12-09,China,1,0,0,0,1,0,0,490,10181,8,5
2020-12-10,China,1,0,0,4,0,0,0,490,10181,8,5
2020-12-10,China,1,1,0,4,0,0,0,490,10181,8,5
2020-12-10,China,1,1,1,1,0,0,0,490,10181,8,5
2020-12-10,China,1,1,0,0,100,47,10,490,10181,8,5
2020-12-10,China,1,1,1,0,16,15,1,490,10181,8,5
2020-12-10,China,7,1,1,0,6,6,0,490,10181,8,5
2020-12-10,China,1,0,0,0,1,0,0,490,10181,8,5
2020-12-11,China,1,0,0,4,0,0,0,490,10181,8,5
2020-12-11,China,1,1,0,4,0,0,0,490,10181,8,5
2020-12-11,China,1,1,1,4,0,0,0,490,10181,8,5
2020-12-11,China,1,1,0,0,96,47,5,490,10181,8,5
2020-12-11,China,1,1,1,0,10,8,0,490,10181,8,5
2020-12-11,China,1,0,0,0,4,1,0,490,10181,8,5
2020-12-11,China,7,1,1,0,4,4,1,490,10181,8,5
2020-12-12,China,1,0,0,4,0,0,0,490,10181,8,5
2020-12-12,China,1,1,0,3,0,0,0,490,10181,8,5
2020-12-12,China,1,1,0,0,99,39,4,490,10181,8,5
2020-12-12,China,1,1,1,0,9,8,0,490,10181,8,5
2020-12-12,China,1,0,0,0,3,0,0,490,10181,8,5
2020-12-13,China,1,0,0,1,0,0,0,490,10181,8,5
2020-12-13,China,1,1,0,5,0,0,0,490,10181,8,5
2020-12-13,China,7,1,1,1,0,0,0,490,10181,8,5
2020-12-13,China,1,1,1,1,0,0,0,490,10181,8,5
2020-12-13,China,1,1,0,0,102,37,8,490,10181,8,5
2020-12-13,China,1,1,1,0,7,7,0,490,10181,8,5
2020-12-13,China,7,1,1,0,2,2,0,490,10181,8,5
2020-12-14,China,1,0,0,3,0,0,0,490,10181,8,5
2020-12-14,China,1,1,0,6,0,0,0,490,10181,8,5
2020-12-14,China,1,1,1,2,0,0,0,490,10181,8,5
2020-12-14,China,1,1,0,0,117,50,9,490,10181,8,5
2020-12-14,China,7,1,1,0,5,3,2,490,10181,8,5
2020-12-14,China,1,1,1,0,8,7,0,490,10181,8,5
2020-12-14,China,1,0,0,0,3,1,0,490,10181,8,5
2020-12-15,China,1,0,0,1,0,0,0,490,10181,8,5
2020-12-15,China,1,1,0,3,0,0,0,490,10181,8,5
2020-12-15,China,1,1,0,0,124,45,3,490,10181,8,5
2020-12-15,China,7,1,1,0,5,5,0,490,10181,8,5
2020-12-15,China,1,1,1,0,11,11,0,490,10181,8,5
2020-12-15,China,1,0,0,0,1,1,0,490,10181,8,5
2020-12-16,China,1,0,0,3,0,0,0,490,10181,8,5
2020-12-16,China,1,1,0,6,0,0,0,490,10181,8,5
2020-12-16,China,3,1,0,1,0,0,0,490,10181,8,5
2020-12-16,China,1,0,1,2,0,0,0,490,10181,8,5
2020-12-16,China,1,1,1,2,0,0,0,490,10181,8,5
2020-12-16,China,1,1,0,0,140,50,6,490,10181,8,5
2020-12-16,China,7,1,1,0,5,2,1,490,10181,8,5
2020-12-16,China,1,1,1,0,15,14,0,490,10181,8,5
2020-12-16,China,1,0,0,0,2,1,0,490,10181,8,5
2020-12-17,China,1,1,0,4,0,0,0,490,10181,8,5
2020-12-17,China,1,1,1,1,0,0,0,490,10181,8,5
2020-12-17,China,1,1,0,0,143,48,7,490,10181,8,5
2020-12-17,China,1,1,1,0,15,14,4,490,10181,8,5
2020-12-17,China,7,1,1,0,5,5,2,490,10181,8,5
2020-12-18,China,1,1,0,2,0,0,0,490,10181,8,5
2020-12-18,China,1,1,1,2,0,0,0,490,10181,8,5
2020-12-18,China,1,1,0,0,152,55,9,490,10181,8,5
2020-12-18,China,7,1,1,0,6,5,2,490,10181,8,5
2020-12-18,China,1,1,1,0,13,11,2,490,10181,8,5
2020-12-19,China,1,0,0,2,0,0,0,490,10181,8,5
2020-12-19,China,1,1,0,2,0,0,0,490,10181,8,5
2020-12-19,China,1,0,1,1,0,0,0,490,10181,8,5
2020-12-19,China,1,1,1,1,0,0,0,490,10181,8,5
2020-12-19,China,1,1,0,0,143,46,7,490,10181,8,5
2020-12-19,China,7,1,1,0,7,0,0,490,10181,8,5
2020-12-19,China,1,1,1,0,13,13,0,490,10181,8,5
2020-12-19,China,1,0,0,0,2,0,0,490,10181,8,5
2020-12-20,China,1,0,0,2,0,0,0,490,10181,8,5
2020-12-20,China,1,1,0,1,0,0,0,490,10181,8,5
2020-12-20,China,1,1,1,1,0,0,0,490,10181,8,5
2020-12-20,China,1,1,0,0,135,50,8,490,10181,8,5
2020-12-20,China,7,1,1,0,7,5,2,490,10181,8,5
2020-12-20,China,1,1,1,0,13,13,0,490,10181,8,5
2020-12-21,China,1,0,0,3,0,0,0,490,10181,8,5
2020-12-21,China,1,1,0,3,0,0,0,490,10181,8,5
2020-12-21,China,1,1,1,2,0,0,0,490,10181,8,5
2020-12-21,China,1,1,0,0,139,50,8,490,10181,8,5
2020-12-21,China,7,1,1,0,7,5,0,490,10181,8,5
2020-12-21,China,1,1,1,0,14,14,1,490,10181,8,5
2020-12-21,China,1,0,0,0,1,0,0,490,10181,8,5
2020-12-22,China,1,0,0,3,0,0,0,490,10181,8,5
2020-12-22,China,1,1,0,2,0,0,0,490,10181,8,5
2020-12-22,China,1,0,1,1,0,0,0,490,10181,8,5
2020-12-22,China,1,1,0,0,125,34,5,490,10181,8,5
2020-12-22,China,1,1,1,0,13,13,0,490,10181,8,5
2020-12-22,China,1,0,0,0,4,3,0,490,10181,8,5
2020-12-22,China,7,1,1,0,4,4,0,490,10181,8,5
2020-12-22,China,1,0,1,0,1,0,0,490,10181,8,5
2020-12-23,China,1,0,0,5,0,0,0,490,10181,8,5
2020-12-23,China,1,1,0,3,0,0,0,490,10181,8,5
2020-12-23,China,1,1,0,0,127,40,4,490,10181,8,5
2020-12-23,China,1,1,1,0,14,12,0,490,10181,8,5
2020-12-23,China,7,1,1,0,4,2,0,490,10181,8,5
2020-12-23,China,1,0,0,0,3,3,0,490,10181,8,5
2020-12-24,China,1,0,0,1,0,0,0,490,10181,8,5
2020-12-24,China,1,1,0,5,0,0,0,490,10181,8,5
2020-12-24,China,1,1,1,1,0,0,0,490,10181,8,5
2020-12-24,China,1,1,0,0,108,24,3,490,10181,8,5
2020-12-24,China,1,1,1,0,6,6,0,490,10181,8,5
2020-12-24,China,1,0,0,0,1,0,0,490,10181,8,5
2020-12-24,China,7,1,1,0,4,4,0,490,10181,8,5
2020-12-25,China,1,0,0,1,0,0,0,490,10181,8,5
2020-12-25,China,1,1,0,3,0,0,0,490,10181,8,5
2020-12-25,China,1,1,0,0,112,22,3,490,10181,8,5
2020-12-25,China,1,1,1,0,6,6,0,490,10181,8,5
2020-12-25,China,1,0,0,0,1,0,0,490,10181,8,5
2020-12-25,China,1,0,1,0,1,0,0,490,10181,8,5
2020-12-25,China,7,1,1,0,3,2,0,490,10181,8,5
2020-12-26,China,1,0,0,2,0,0,0,490,10181,8,5
2020-12-26,China,1,1,0,1,0,0,0,490,10181,8,5
2020-12-26,China,1,1,1,1,0,0,0,490,10181,8,5
2020-12-26,China,1,1,0,0,113,41,8,490,10181,8,5
2020-12-26,China,1,1,1,0,6,6,0,490,10181,8,5
2020-12-26,China,1,0,0,0,3,2,0,490,10181,8,5
2020-12-27,China,1,1,0,2,0,0,0,490,10181,8,5
2020-12-27,China,1,1,0,0,129,37,2,490,10181,8,5
2020-12-27,China,1,1,1,0,6,6,2,490,10181,8,5
2020-12-28,China,1,0,0,1,0,0,0,490,10181,8,5
2020-12-28,China,1,1,0,4,0,0,0,490,10181,8,5
2020-12-28,China,1,1,0,0,120,44,6,490,10181,8,5
2020-12-28,China,1,1,1,0,8,8,0,490,10181,8,5
2020-12-29,China,1,0,0,1,0,0,0,490,10181,8,5
2020-12-29,China,1,1,0,1,0,0,0,490,10181,8,5
2020-12-29,China,1,1,1,1,0,0,0,490,10181,8,5
2020-12-29,China,1,1,0,0,98,37,6,490,10181,8,5
2020-12-29,China,1,1,1,0,5,5,1,490,10181,8,5
2020-12-29,China,1,0,0,0,1,0,0,490,10181,8,5
2020-12-30,China,1,0,0,1,0,0,0,490,10181,8,5
2020-12-30,China,1,1,0,3,0,0,0,490,10181,8,5
2020-12-30,China,1,1,1,1,0,0,0,490,10181,8,5
2020-12-30,China,1,1,0,0,96,48,6,490,10181,8,5
2020-12-30,China,1,1,1,0,10,8,0,490,10181,8,5
2020-12-31,China,1,0,0,2,0,0,0,490,10181,8,5
2020-12-31,China,1,1,0,4,0,0,0,490,10181,8,5
2020-12-31,China,1,1,1,1,0,0,0,490,10181,8,5
2020-12-31,China,1,1,0,0,96,38,8,490,10181,8,5
2020-12-31,China,1,1,1,0,9,8,1,490,10181,8,5
2021-01-01,China,1,0,0,3,0,0,0,490,10181,8,5
2021-01-01,China,1,1,0,3,0,0,0,490,10181,8,5
2021-01-01,China,1,1,1,1,0,0,0,490,10181,8,5
2021-01-01,China,1,1,0,0,107,34,8,490,10181,8,5
2021-01-01,China,1,1,1,0,4,4,0,490,10181,8,5
2021-01-01,China,1,0,0,0,2,0,0,490,10181,8,5
2021-01-02,China,1,0,0,1,0,0,0,490,10181,8,5
2021-01-02,China,1,1,0,7,0,0,0,490,10181,8,5
2021-01-02,China,1,1,0,0,123,43,6,490,10181,8,5
2021-01-02,China,1,1,1,0,2,2,0,490,10181,8,5
2021-01-03,China,1,0,0,2,0,0,0,490,10181,8,5
2021-01-03,China,1,1,0,2,0,0,0,490,10181,8,5
2021-01-03,China,1,1,0,0,129,36,4,490,10181,8,5
2021-01-03,China,1,0,0,0,1,0,0,490,10181,8,5
2021-01-04,China,1,0,0,2,0,0,0,490,10181,8,5
2021-01-04,China,1,1,0,2,0,0,0,490,10181,8,5
2021-01-04,China,1,1,0,0,112,48,8,490,10181,8,5
2021-01-04,China,1,0,0,0,3,2,0,490,10181,8,5
2021-01-05,China,1,0,0,3,0,0,0,490,10181,8,5
2021-01-05,China,1,1,0,3,0,0,0,490,10181,8,5
2021-01-05,China,1,0,1,1,0,0,0,490,10181,8,5
2021-01-05,China,3,1,1,1,0,0,0,490,10181,8,5
2021-01-05,China,1,1,0,0,130,61,9,490,10181,8,5
2021-01-05,China,1,0,1,0,1,0,0,490,10181,8,5
2021-01-05,China,1,0,0,0,2,0,0,490,10181,8,5
2021-01-06,China,1,1,0,3,0,0,0,490,10181,8,5
2021-01-06,China,1,1,0,0,126,53,7,490,10181,8,5
2021-01-06,China,1,1,1,0,3,0,0,490,10181,8,5
2021-01-07,China,1,1,0,3,0,0,0,490,10181,8,5
2021-01-07,China,1,1,1,1,0,0,0,490,10181,8,5
2021-01-07,China,1,1,0,0,128,60,4,490,10181,8,5
2021-01-07,China,1,1,1,0,8,1,0,490,10181,8,5
2021-01-07,China,1,0,0,0,1,0,0,490,10181,8,5
2021-01-08,China,1,0,0,2,0,0,0,490,10181,8,5
2021-01-08,China,1,1,0,2,0,0,0,490,10181,8,5
2021-01-08,China,1,0,1,1,0,0,0,490,10181,8,5
2021-01-08,China,1,1,0,0,118,54,5,490,10181,8,5
2021-01-08,China,1,1,1,0,3,0,0,490,10181,8,5
2021-01-08,China,1,0,0,0,6,1,0,490,10181,8,5
2021-01-09,China,1,0,0,3,0,0,0,490,10181,8,5
2021-01-09,China,1,1,0,2,0,0,0,490,10181,8,5
2021-01-09,China,1,1,1,1,0,0,0,490,10181,8,5
2021-01-09,China,1,1,0,0,108,39,5,490,10181,8,5
2021-01-09,China,1,0,0,0,2,0,0,490,10181,8,5
2021-01-09,China,1,1,1,0,1,1,0,490,10181,8,5
2021-01-10,China,1,0,0,2,0,0,0,490,10181,8,5
2021-01-10,China,1,1,0,0,101,30,3,490,10181,8,5
2021-01-10,China,1,1,1,0,5,0,0,490,10181,8,5
2021-01-11,China,1,1,0,7,0,0,0,490,10181,8,5
2021-01-11,China,1,1,0,0,104,44,8,490,10181,8,5
2021-01-11,China,1,1,1,0,6,0,0,490,10181,8,5
2021-01-11,China,1,0,0,0,2,0,0,490,10181,8,5
2021-01-12,China,1,0,0,4,0,0,0,490,10181,8,5
2021-01-12,China,1,1,0,4,0,0,0,490,10181,8,5
2021-01-12,China,1,1,0,0,119,44,12,490,10181,8,5
2021-01-12,China,1,0,0,0,7,1,0,490,10181,8,5
2021-01-13,China,1,0,0,2,0,0,0,490,10181,8,5
2021-01-13,China,1,1,0,1,0,0,0,490,10181,8,5
2021-01-13,China,1,1,0,0,127,46,8,490,10181,8,5
2021-01-14,China,1,0,0,1,0,0,0,490,10181,8,5
2021-01-14,China,1,1,0,2,0,0,0,490,10181,8,5
2021-01-14,China,1,1,1,2,0,0,0,490,10181,8,5
2021-01-14,China,1,1,0,0,114,40,2,490,10181,8,5
2021-01-14,China,1,1,1,0,6,3,0,490,10181,8,5
2021-01-14,China,1,0,0,0,1,0,0,490,10181,8,5
2021-01-15,China,1,1,0,7,0,0,0,490,10181,8,5
2021-01-15,China,1,1,0,0,112,47,5,490,10181,8,5
2021-01-15,China,1,0,0,0,2,0,0,490,10181,8,5
2021-01-15,China,1,1,1,0,3,3,2,490,10181,8,5
2021-01-16,China,1,0,0,3,0,0,0,490,10181,8,5
2021-01-16,China,1,1,0,1,0,0,0,490,10181,8,5
2021-01-16,China,1,1,1,1,0,0,0,490,10181,8,5
2021-01-16,China,1,1,0,0,113,49,7,490,10181,8,5
2021-01-16,China,1,1,1,0,4,2,0,490,10181,8,5
2021-01-17,China,1,1,1,1,0,0,0,490,10181,8,5
2021-01-17,China,1,1,0,0,108,47,5,490,10181,8,5
2021-01-17,China,1,1,1,0,4,0,0,490,10181,8,5
2021-01-17,China,1,0,0,0,1,0,0,490,10181,8,5
2021-01-18,China,1,1,0,3,0,0,0,490,10181,8,5
2021-01-18,China,1,1,1,1,0,0,0,490,10181,8,5
2021-01-18,China,1,1,0,0,94,42,6,490,10181,8,5
2021-01-18,China,1,1,1,0,4,0,0,490,10181,8,5
2021-01-19,China,1,0,0,1,0,0,0,490,10181,8,5
2021-01-19,China,1,1,0,4,0,0,0,490,10181,8,5
2021-01-19,China,1,1,0,0,110,37,1,490,10181,8,5
2021-01-19,China,1,1,1,0,4,0,0,490,10181,8,5
2021-01-20,China,1,0,0,2,0,0,0,490,10181,8,5
2021-01-20,China,1,1,0,5,0,0,0,490,10181,8,5
2021-01-20,China,1,1,1,1,0,0,0,490,10181,8,5
2021-01-20,China,1,1,0,0,110,48,5,490,10181,8,5
2021-01-20,China,1,1,1,0,6,2,2,490,10181,8,5
2021-01-20,China,1,0,0,0,3,0,0,490,10181,8,5
2021-01-21,China,1,0,0,2,0,0,0,490,10181,8,5
2021-01-21,China,1,1,0,8,0,0,0,490,10181,8,5
2021-01-21,China,1,1,1,2,0,0,0,490,10181,8,5
2021-01-21,China,1,1,1,0,10,7,1,490,10181,8,5
2021-01-21,China,1,1,0,0,120,55,7,490,10181,8,5
2021-01-21,China,1,0,0,0,2,2,0,490,10181,8,5
2021-01-22,China,1,1,0,5,0,0,0,490,10181,8,5
2021-01-22,China,1,1,0,0,134,56,5,490,10181,8,5
2021-01-22,China,1,1,1,0,6,5,2,490,10181,8,5
2021-01-23,China,1,0,0,2,0,0,0,490,10181,8,5
2021-01-23,China,1,1,0,2,0,0,0,490,10181,8,5
2021-01-23,China,1,1,0,0,130,63,7,490,10181,8,5
2021-01-23,China,1,1,1,0,6,3,0,490,10181,8,5
2021-01-23,China,1,0,0,0,3,2,0,490,10181,8,5
2021-01-24,China,1,0,0,1,0,0,0,490,10181,8,5
2021-01-24,China,1,1,0,3,0,0,0,490,10181,8,5
2021-01-24,China,1,1,0,0,133,57,6,490,10181,8,5
2021-01-24,China,1,1,1,0,4,1,0,490,10181,8,5
2021-01-24,China,1,0,0,0,4,1,0,490,10181,8,5
2021-01-25,China,1,0,0,2,0,0,0,490,10181,8,5
2021-01-25,China,1,1,0,2,0,0,0,490,10181,8,5
2021-01-25,China,1,1,1,2,0,0,0,490,10181,8,5
2021-01-25,China,1,1,0,0,134,46,4,490,10181,8,5
2021-01-25,China,1,1,1,0,3,0,0,490,10181,8,5
2021-01-26,China,1,1,0,3,0,0,0,490,10181,8,5
2021-01-26,China,1,0,1,1,0,0,0,490,10181,8,5
2021-01-26,China,1,1,1,1,0,0,0,490,10181,8,5
2021-01-26,China,1,1,0,0,134,52,6,490,10181,8,5
2021-01-26,China,1,1,1,0,3,2,0,490,10181,8,5
2021-01-27,China,1,0,0,4,0,0,0,490,10181,8,5
2021-01-27,China,1,1,0,3,0,0,0,490,10181,8,5
2021-01-27,China,1,1,0,0,137,53,8,490,10181,8,5
2021-01-27,China,1,1,1,0,3,1,0,490,10181,8,5
2021-01-27,China,1,0,0,0,2,2,0,490,10181,8,5
2021-01-28,China,1,1,0,0,130,41,2,490,10181,8,5
2021-01-28,China,1,1,1,0,3,2,0,490,10181,8,5
2021-01-28,China,1,0,0,0,1,0,0,490,10181,8,5
2021-01-29,China,1,1,0,0,130,62,11,490,10181,8,5
2021-01-29,China,1,1,1,0,3,2,1,490,10181,8,5
2021-01-30,China,1,1,0,0,107,43,2,490,10181,8,5
2021-01-30,China,1,1,1,0,3,1,0,490,10181,8,5
2021-01-30,China,1,0,0,0,1,0,0,490,10181,8,5
2021-01-31,China,1,1,0,0,105,48,4,490,10181,8,5
2021-01-31,China,1,1,1,0,3,0,0,490,10181,8,5
2021-02-01,China,1,1,0,0,89,38,1,490,10181,8,5
2021-02-01,China,1,1,1,0,3,0,0,490,10181,8,5
2021-02-02,China,1,1,0,0,105,38,2,490,10181,8,5
2021-02-02,China,1,1,1,0,3,0,0,490,10181,8,5
2021-02-03,China,1,1,0,0,99,19,1,490,10181,8,5
2021-02-03,China,1,1,1,0,3,1,0,490,10181,8,5
2021-02-04,China,1,1,0,0,99,44,3,490,10181,8,5
2021-02-04,China,1,1,1,0,3,3,0,490,10181,8,5
2021-02-05,China,1,1,0,0,97,33,4,490,10181,8,5
2021-02-05,China,1,1,1,0,3,2,1,490,10181,8,5
2021-02-06,China,1,1,0,0,76,27,5,490,10181,8,5
2021-02-06,China,1,1,1,0,3,3,0,490,10181,8,5
2021-02-07,China,1,1,0,0,72,31,5,490,10181,8,5
2021-02-07,China,1,1,1,0,3,1,0,490,10181,8,5
2021-02-08,China,1,1,0,0,56,14,7,490,10181,8,5
2021-02-08,China,1,1,1,0,3,1,0,490,10181,8,5
2021-02-09,China,1,1,0,0,62,22,1,490,10181,8,5
2021-02-09,China,1,1,1,0,3,1,0,490,10181,8,5
2021-02-10,China,1,1,0,0,63,26,2,490,10181,8,5
2021-02-10,China,1,1,1,0,3,0,0,490,10181,8,5
2021-02-11,China,1,1,0,0,54,20,1,490,10181,8,5
2021-02-11,China,1,1,1,0,3,1,0,490,10181,8,5
2021-02-12,China,1,1,0,0,54,13,1,490,10181,8,5
2021-02-12,China,1,1,1,0,3,3,0,490,10181,8,5
2021-02-13,China,1,1,0,0,43,2,0,490,10181,8,5
2021-02-13,China,1,1,1,0,5,4,1,490,10181,8,5
2021-02-14,China,1,1,0,0,22,1,0,490,10181,8,5
2021-02-15,China,1,1,0,0,17,0,0,490,10181,8,5
2021-02-16,China,1,1,0,0,17,0,0,490,10181,8,5
2021-02-17,China,1,1,0,0,18,0,0,490,10181,8,5
2021-02-18,China,1,1,0,0,25,2,0,490,10181,8,5
2021-02-19,China,1,1,0,0,22,5,2,490,10181,8,5
2021-02-20,China,1,1,0,0,22,6,2,490,10181,8,5
2021-02-21,China,1,1,0,0,3,0,0,490,10181,8,5
2020-11-01,France,1,1,0,4,0,0,0,553,9520,5,6
2020-11-01,France,1,1,1,1,0,0,0,553,9520,5,6
2020-11-02,France,1,1,0,4,0,0,0,553,9520,5,6
2020-11-02,France,1,1,0,0,3,1,0,553,9520,5,6
2020-11-03,France,1,0,0,2,0,0,0,553,9520,5,6
2020-11-03,France,1,1,0,3,0,0,0,553,9520,5,6
2020-11-03,France,1,0,1,1,0,0,0,553,9520,5,6
2020-11-03,France,1,1,0,0,3,3,0,553,9520,5,6
2020-11-03,France,1,0,1,0,1,0,0,553,9520,5,6
2020-11-03,France,1,0,0,0,2,0,0,553,9520,5,6
2020-11-04,France,1,0,0,4,0,0,0,553,9520,5,6
2020-11-04,France,1,1,0,4,0,0,0,553,9520,5,6
2020-11-04,France,1,1,0,0,3,1,0,553,9520,5,6
2020-11-04,France,1,0,0,0,2,0,0,553,9520,5,6
2020-11-05,France,1,1,0,1,0,0,0,553,9520,5,6
2020-11-05,France,1,1,1,1,0,0,0,553,9520,5,6
2020-11-05,France,1,1,0,0,4,3,0,553,9520,5,6
2020-11-06,France,1,0,0,1,0,0,0,553,9520,5,6
2020-11-06,France,1,1,0,1,0,0,0,553,9520,5,6
2020-11-06,France,1,1,0,0,7,1,0,553,9520,5,6
2020-11-06,France,1,0,0,0,2,0,0,553,9520,5,6
2020-11-06,France,1,0,1,0,1,0,0,553,9520,5,6
2020-11-07,France,1,0,0,4,0,0,0,553,9520,5,6
2020-11-07,France,1,1,0,0,7,2,0,553,9520,5,6
2020-11-07,France,1,0,0,0,3,1,0,553,9520,5,6
2020-11-08,France,1,1,0,1,0,0,0,553,9520,5,6
2020-11-08,France,1,1,0,0,4,1,0,553,9520,5,6
2020-11-09,France,1,0,0,2,0,0,0,553,9520,5,6
2020-11-09,France,1,1,0,1,0,0,0,553,9520,5,6
2020-11-09,France,1,1,0,0,4,3,0,553,9520,5,6
2020-11-09,France,1,0,0,0,1,0,0,553,9520,5,6
2020-11-10,France,1,0,0,2,0,0,0,553,9520,5,6
2020-11-10,France,1,1,0,2,0,0,0,553,9520,5,6
2020-11-10,France,1,1,0,0,15,3,0,553,9520,5,6
2020-11-11,France,1,1,0,1,0,0,0,553,9520,5,6
2020-11-11,France,1,0,1,1,0,0,0,553,9520,5,6
2020-11-11,France,7,1,1,1,0,0,0,553,9520,5,6
2020-11-11,France,1,1,0,0,11,3,0,553,9520,5,6
2020-11-11,France,1,0,1,0,3,3,0,553,9520,5,6
2020-11-11,France,7,1,1,0,3,3,1,553,9520,5,6
2020-11-12,France,1,0,0,1,0,0,0,553,9520,5,6
2020-11-12,France,1,1,0,2,0,0,0,553,9520,5,6
2020-11-12,France,1,1,0,0,18,4,0,553,9520,5,6
2020-11-12,France,7,1,1,0,1,1,0,553,9520,5,6
2020-11-13,France,1,0,0,4,0,0,0,553,9520,5,6
2020-11-13,France,1,1,0,1,0,0,0,553,9520,5,6
2020-11-13,France,1,1,0,0,22,8,0,553,9520,5,6
2020-11-13,France,1,0,0,0,1,1,0,553,9520,5,6
2020-11-13,France,7,1,1,0,1,1,0,553,9520,5,6
2020-11-14,France,1,0,0,2,0,0,0,553,9520,5,6
2020-11-14,France,1,1,1,1,0,0,0,553,9520,5,6
2020-11-14,France,1,1,0,0,22,8,0,553,9520,5,6
2020-11-14,France,7,1,1,0,3,2,2,553,9520,5,6
2020-11-14,France,1,0,0,0,2,2,0,553,9520,5,6
2020-11-15,France,1,0,0,2,0,0,0,553,9520,5,6
2020-11-15,France,1,1,0,3,0,0,0,553,9520,5,6
2020-11-15,France,1,1,0,0,24,9,1,553,9520,5,6
2020-11-15,France,7,1,1,0,1,1,0,553,9520,5,6
2020-11-16,France,1,0,0,1,0,0,0,553,9520,5,6
2020-11-16,France,1,1,0,2,0,0,0,553,9520,5,6
2020-11-16,France,1,1,0,0,26,7,0,553,9520,5,6
2020-11-16,France,7,1,1,0,1,1,0,553,9520,5,6
2020-11-17,France,1,0,0,1,0,0,0,553,9520,5,6
2020-11-17,France,1,1,0,1,0,0,0,553,9520,5,6
2020-11-17,France,1,1,1,2,0,0,0,553,9520,5,6
2020-11-17,France,1,1,0,0,26,9,1,553,9520,5,6
2020-11-17,France,7,1,1,0,3,3,1,553,9520,5,6
2020-11-17,France,1,0,0,0,1,1,0,553,9520,5,6
2020-11-17,France,1,1,1,0,1,1,1,553,9520,5,6
2020-11-18,France,1,0,0,3,0,0,0,553,9520,5,6
2020-11-18,France,1,1,0,5,0,0,0,553,9520,5,6
2020-11-18,France,1,0,1,1,0,0,0,553,9520,5,6
2020-11-18,France,1,1,1,2,0,0,0,553,9520,5,6
2020-11-18,France,1,1,1,0,4,4,2,553,9520,5,6
2020-11-18,France,1,1,0,0,29,11,0,553,9520,5,6
2020-11-18,France,7,1,1,0,1,1,0,553,9520,5,6
2020-11-18,France,1,0,0,0,2,1,0,553,9520,5,6
2020-11-19,France,1,0,0,1,0,0,0,553,9520,5,6
2020-11-19,France,1,1,0,6,0,0,0,553,9520,5,6
2020-11-19,France,1,1,1,2,0,0,0,553,9520,5,6
2020-11-19,France,1,1,0,0,37,10,2,553,9520,5,6
2020-11-19,France,1,1,1,0,4,4,1,553,9520,5,6
2020-11-19,France,7,1,1,0,1,1,0,553,9520,5,6
2020-11-20,France,1,0,0,2,0,0,0,553,9520,5,6
2020-11-20,France,1,1,0,3,0,0,0,553,9520,5,6
2020-11-20,France,1,1,1,1,0,0,0,553,9520,5,6
2020-11-20,France,1,1,0,0,39,11,1,553,9520,5,6
2020-11-20,France,1,1,1,0,5,5,2,553,9520,5,6
2020-11-20,France,7,1,1,0,4,4,0,553,9520,5,6
2020-11-21,France,1,0,0,1,0,0,0,553,9520,5,6
2020-11-21,France,1,1,0,1,0,0,0,553,9520,5,6
2020-11-21,France,1,1,1,1,0,0,0,553,9520,5,6
2020-11-21,France,1,1,0,0,43,18,0,553,9520,5,6
2020-11-21,France,1,1,1,0,5,5,0,553,9520,5,6
2020-11-21,France,1,0,0,0,1,0,0,553,9520,5,6
2020-11-21,France,7,1,1,0,3,3,1,553,9520,5,6
2020-11-22,France,1,1,0,2,0,0,0,553,9520,5,6
2020-11-22,France,1,1,1,1,0,0,0,553,9520,5,6
2020-11-22,France,1,1,1,0,5,4,0,553,9520,5,6
2020-11-22,France,1,1,0,0,51,18,1,553,9520,5,6
2020-11-23,France,1,0,0,2,0,0,0,553,9520,5,6
2020-11-23,France,1,1,0,2,0,0,0,553,9520,5,6
2020-11-23,France,1,1,1,2,0,0,0,553,9520,5,6
2020-11-23,France,1,1,1,0,3,0,0,553,9520,5,6
2020-11-23,France,1,1,0,0,53,16,0,553,9520,5,6
2020-11-23,France,1,0,0,0,3,1,0,553,9520,5,6
2020-11-24,France,1,0,0,3,0,0,0,553,9520,5,6
2020-11-24,France,1,1,0,5,0,0,0,553,9520,5,6
2020-11-24,France,1,1,1,1,0,0,0,553,9520,5,6
2020-11-24,France,1,1,1,0,3,0,0,553,9520,5,6
2020-11-24,France,1,1,0,0,59,21,2,553,9520,5,6
2020-11-24,France,1,0,0,0,2,2,0,553,9520,5,6
2020-11-25,France,1,0,0,1,0,0,0,553,9520,5,6
2020-11-25,France,1,1,0,5,0,0,0,553,9520,5,6
2020-11-25,France,1,1,1,2,0,0,0,553,9520,5,6
2020-11-25,France,1,1,0,0,62,21,3,553,9520,5,6
2020-11-25,France,1,1,1,0,3,3,0,553,9520,5,6
2020-11-26,France,1,0,0,3,0,0,0,553,9520,5,6
2020-11-26,France,1,1,0,6,0,0,0,553,9520,5,6
2020-11-26,France,1,0,1,1,0,0,0,553,9520,5,6
2020-11-26,France,1,1,1,2,0,0,0,553,9520,5,6
2020-11-26,France,1,1,0,0,59,28,2,553,9520,5,6
2020-11-26,France,1,1,1,0,3,3,0,553,9520,5,6
2020-11-26,France,1,0,0,0,1,0,0,553,9520,5,6
2020-11-27,France,1,0,0,1,0,0,0,553,9520,5,6
2020-11-27,France,1,1,0,4,0,0,0,553,9520,5,6
2020-11-27,France,1,1,0,0,68,27,5,553,9520,5,6
2020-11-27,France,1,1,1,0,3,3,0,553,9520,5,6
2020-11-27,France,1,0,0,0,1,1,0,553,9520,5,6
2020-11-28,France,1,0,0,1,0,0,0,553,9520,5,6
2020-11-28,France,1,1,0,6,0,0,0,553,9520,5,6
2020-11-28,France,1,1,1,1,0,0,0,553,9520,5,6
2020-11-28,France,1,1,0,0,68,35,2,553,9520,5,6
2020-11-28,France,1,1,1,0,3,3,0,553,9520,5,6
2020-11-29,France,1,0,0,2,0,0,0,553,9520,5,6
2020-11-29,France,1,1,0,4,0,0,0,553,9520,5,6
2020-11-29,France,1,1,1,1,0,0,0,553,9520,5,6
2020-11-29,France,1,1,0,0,78,41,4,553,9520,5,6
2020-11-29,France,1,1,1,0,7,3,0,553,9520,5,6
2020-11-30,France,1,0,0,4,0,0,0,553,9520,5,6
2020-11-30,France,1,1,0,0,77,29,3,553,9520,5,6
2020-11-30,France,1,1,1,0,7,5,1,553,9520,5,6
2020-11-30,France,1,0,0,0,4,1,0,553,9520,5,6
2020-12-01,France,1,0,0,1,0,0,0,553,9520,5,6
2020-12-01,France,1,1,0,3,0,0,0,553,9520,5,6
2020-12-01,France,1,1,1,2,0,0,0,553,9520,5,6
2020-12-01,France,1,1,0,0,73,26,0,553,9520,5,6
2020-12-01,France,1,1,1,0,8,2,0,553,9520,5,6
2020-12-02,France,1,0,0,3,0,0,0,553,9520,5,6
2020-12-02,France,1,1,0,2,0,0,0,553,9520,5,6
2020-12-02,France,1,1,1,1,0,0,0,553,9520,5,6
2020-12-02,France,1,1,1,0,10,1,0,553,9520,5,6
2020-12-02,France,1,1,0,0,70,28,1,553,9520,5,6
2020-12-03,France,1,0,0,3,0,0,0,553,9520,5,6
2020-12-03,France,1,1,0,4,0,0,0,553,9520,5,6
2020-12-03,France,1,1,1,0,5,0,0,553,9520,5,6
2020-12-03,France,1,1,0,0,76,32,2,553,9520,5,6
2020-12-03,France,1,0,0,0,3,1,0,553,9520,5,6
2020-12-04,France,1,0,0,4,0,0,0,553,9520,5,6
2020-12-04,France,1,1,0,5,0,0,0,553,9520,5,6
2020-12-04,France,1,1,1,2,0,0,0,553,9520,5,6
2020-12-04,France,1,1,0,0,66,32,1,553,9520,5,6
2020-12-04,France,1,1,1,0,5,0,0,553,9520,5,6
2020-12-04,France,1,0,0,0,2,1,0,553,9520,5,6
2020-12-05,France,1,0,0,1,0,0,0,553,9520,5,6
2020-12-05,France,1,1,0,3,0,0,0,553,9520,5,6
2020-12-05,France,1,1,1,2,0,0,0,553,9520,5,6
2020-12-05,France,1,1,0,0,65,22,3,553,9520,5,6
2020-12-05,France,1,1,1,0,5,0,0,553,9520,5,6
2020-12-06,France,1,1,0,2,0,0,0,553,9520,5,6
2020-12-06,France,1,1,0,0,61,27,5,553,9520,5,6
2020-12-06,France,1,1,1,0,5,0,0,553,9520,5,6
2020-12-07,France,1,0,0,1,0,0,0,553,9520,5,6
2020-12-07,France,1,1,0,4,0,0,0,553,9520,5,6
2020-12-07,France,1,1,1,3,0,0,0,553,9520,5,6
2020-12-07,France,1,1,0,0,69,27,3,553,9520,5,6
2020-12-07,France,1,1,1,0,12,2,1,553,9520,5,6
2020-12-07,France,1,0,0,0,1,0,0,553,9520,5,6
2020-12-08,France,1,0,0,1,0,0,0,553,9520,5,6
2020-12-08,France,1,1,0,6,0,0,0,553,9520,5,6
2020-12-08,France,1,0,1,1,0,0,0,553,9520,5,6
2020-12-08,France,1,1,1,2,0,0,0,553,9520,5,6
2020-12-08,France,1,1,1,0,16,1,0,553,9520,5,6
2020-12-08,France,1,1,0,0,76,31,0,553,9520,5,6
2020-12-08,France,1,0,1,0,2,2,0,553,9520,5,6
2020-12-08,France,1,0,0,0,2,2,0,553,9520,5,6
2020-12-09,France,1,0,0,3,0,0,0,553,9520,5,6
2020-12-09,France,1,1,0,6,0,0,0,553,9520,5,6
2020-12-09,France,1,1,1,2,0,0,0,553,9520,5,6
2020-12-09,France,1,1,0,0,85,23,0,553,9520,5,6
2020-12-09,France,1,1,1,0,17,2,1,553,9520,5,6
2020-12-09,France,1,0,0,0,1,0,0,553,9520,5,6
2020-12-10,France,1,0,0,1,0,0,0,553,9520,5,6
2020-12-10,France,1,1,0,4,0,0,0,553,9520,5,6
2020-12-10,France,1,1,1,1,0,0,0,553,9520,5,6
2020-12-10,France,1,1,0,0,84,17,0,553,9520,5,6
2020-12-10,France,1,1,1,0,17,3,0,553,9520,5,6
2020-12-11,France,1,0,0,1,0,0,0,553,9520,5,6
2020-12-11,France,1,1,0,6,0,0,0,553,9520,5,6
2020-12-11,France,1,1,0,0,79,16,1,553,9520,5,6
2020-12-11,France,1,1,1,0,12,1,0,553,9520,5,6
2020-12-11,France,1,0,0,0,1,0,0,553,9520,5,6
2020-12-12,France,1,0,0,3,0,0,0,553,9520,5,6
2020-12-12,France,1,1,0,4,0,0,0,553,9520,5,6
2020-12-12,France,1,1,1,1,0,0,0,553,9520,5,6
2020-12-12,France,1,1,0,0,82,15,4,553,9520,5,6
2020-12-12,France,1,1,1,0,10,0,0,553,9520,5,6
2020-12-12,France,1,0,1,0,3,3,2,553,9520,5,6
2020-12-12,France,1,0,0,0,1,1,0,553,9520,5,6
2020-12-13,France,1,0,0,3,0,0,0,553,9520,5,6
2020-12-13,France,1,1,0,4,0,0,0,553,9520,5,6
2020-12-13,France,1,1,1,1,0,0,0,553,9520,5,6
2020-12-13,France,1,1,0,0,82,15,0,553,9520,5,6
2020-12-13,France,1,0,1,0,3,3,0,553,9520,5,6
2020-12-13,France,1,1,1,0,10,5,0,553,9520,5,6
2020-12-13,France,1,0,0,0,7,0,0,553,9520,5,6
2020-12-14,France,1,0,0,1,0,0,0,553,9520,5,6
2020-12-14,France,1,1,0,5,0,0,0,553,9520,5,6
2020-12-14,France,1,1,1,4,0,0,0,553,9520,5,6
2020-12-14,France,1,1,0,0,90,21,6,553,9520,5,6
2020-12-14,France,1,0,1,0,3,3,0,553,9520,5,6
2020-12-14,France,1,1,1,0,10,3,0,553,9520,5,6
2020-12-15,France,1,0,0,4,0,0,0,553,9520,5,6
2020-12-15,France,1,1,0,3,0,0,0,553,9520,5,6
2020-12-15,France,1,0,1,1,0,0,0,553,9520,5,6
2020-12-15,France,1,1,1,3,0,0,0,553,9520,5,6
2020-12-15,France,1,1,0,0,88,26,1,553,9520,5,6
2020-12-15,France,1,0,1,0,5,2,0,553,9520,5,6
2020-12-15,France,1,1,1,0,5,0,0,553,9520,5,6
2020-12-16,France,1,0,0,4,0,0,0,553,9520,5,6
2020-12-16,France,1,1,0,6,0,0,0,553,9520,5,6
2020-12-16,France,1,1,1,3,0,0,0,553,9520,5,6
2020-12-16,France,1,1,0,0,81,25,4,553,9520,5,6
2020-12-16,France,1,0,1,0,1,0,0,553,9520,5,6
2020-12-16,France,1,1,1,0,6,4,0,553,9520,5,6
2020-12-16,France,1,0,0,0,2,0,0,553,9520,5,6
2020-12-17,France,1,0,0,6,0,0,0,553,9520,5,6
2020-12-17,France,1,1,0,10,0,0,0,553,9520,5,6
2020-12-17,France,1,1,1,2,0,0,0,553,9520,5,6
2020-12-17,France,1,1,0,0,97,27,3,553,9520,5,6
2020-12-17,France,1,1,1,0,9,4,0,553,9520,5,6
2020-12-17,France,1,0,0,0,2,0,0,553,9520,5,6
2020-12-18,France,1,0,0,4,0,0,0,553,9520,5,6
2020-12-18,France,1,1,0,4,0,0,0,553,9520,5,6
2020-12-18,France,3,1,0,1,0,0,0,553,9520,5,6
2020-12-18,France,1,1,0,0,106,30,4,553,9520,5,6
2020-12-18,France,1,1,1,0,16,4,0,553,9520,5,6
2020-12-18,France,1,0,0,0,2,1,0,553,9520,5,6
2020-12-19,France,1,1,0,6,0,0,0,553,9520,5,6
2020-12-19,France,1,1,0,0,89,30,7,553,9520,5,6
2020-12-19,France,1,1,1,0,14,4,0,553,9520,5,6
2020-12-19,France,1,0,1,0,1,0,0,553,9520,5,6
2020-12-20,France,1,0,0,3,0,0,0,553,9520,5,6
2020-12-20,France,1,1,0,5,0,0,0,553,9520,5,6
2020-12-20,France,7,1,1,1,0,0,0,553,9520,5,6
2020-12-20,France,1,1,0,0,93,33,5,553,9520,5,6
2020-12-20,France,1,1,1,0,11,4,0,553,9520,5,6
2020-12-20,France,1,0,0,0,3,0,0,553,9520,5,6
2020-12-20,France,7,1,1,0,1,0,0,553,9520,5,6
2020-12-21,France,1,0,0,3,0,0,0,553,9520,5,6
2020-12-21,France,1,1,0,3,0,0,0,553,9520,5,6
2020-12-21,France,1,1,1,1,0,0,0,553,9520,5,6
2020-12-21,France,7,1,1,0,7,1,1,553,9520,5,6
2020-12-21,France,1,1,0,0,91,48,4,553,9520,5,6
2020-12-21,France,1,1,1,0,11,4,0,553,9520,5,6
2020-12-21,France,1,0,0,0,5,2,0,553,9520,5,6
2020-12-22,France,1,0,0,1,0,0,0,553,9520,5,6
2020-12-22,France,1,1,0,2,0,0,0,553,9520,5,6
2020-12-22,France,1,1,1,1,0,0,0,553,9520,5,6
2020-12-22,France,7,1,1,0,7,0,0,553,9520,5,6
2020-12-22,France,1,1,0,0,92,46,4,553,9520,5,6
2020-12-22,France,1,1,1,0,22,8,2,553,9520,5,6
2020-12-23,France,1,0,0,1,0,0,0,553,9520,5,6
2020-12-23,France,1,1,0,6,0,0,0,553,9520,5,6
2020-12-23,France,1,1,0,0,105,52,9,553,9520,5,6
2020-12-23,France,1,1,1,0,21,14,1,553,9520,5,6
2020-12-23,France,7,1,1,0,7,1,0,553,9520,5,6
2020-12-23,France,1,0,0,0,1,0,0,553,9520,5,6
2020-12-24,France,1,0,0,1,0,0,0,553,9520,5,6
2020-12-24,France,1,1,0,2,0,0,0,553,9520,5,6
2020-12-24,France,1,1,1,1,0,0,0,553,9520,5,6
2020-12-24,France,1,1,0,0,103,45,2,553,9520,5,6
2020-12-24,France,1,1,1,0,22,15,0,553,9520,5,6
2020-12-24,France,7,1,1,0,7,1,0,553,9520,5,6
2020-12-24,France,1,0,0,0,4,0,0,553,9520,5,6
2020-12-25,France,1,0,0,1,0,0,0,553,9520,5,6
2020-12-25,France,1,1,0,1,0,0,0,553,9520,5,6
2020-12-25,France,1,1,0,0,103,38,4,553,9520,5,6
2020-12-25,France,7,1,1,0,7,1,0,553,9520,5,6
2020-12-25,France,1,1,1,0,30,23,2,553,9520,5,6
2020-12-25,France,1,0,0,0,2,0,0,553,9520,5,6
2020-12-26,France,1,1,0,1,0,0,0,553,9520,5,6
2020-12-26,France,1,1,0,0,115,47,3,553,9520,5,6
2020-12-26,France,7,1,1,0,7,1,1,553,9520,5,6
2020-12-26,France,1,1,1,0,26,20,0,553,9520,5,6
2020-12-27,France,1,1,0,5,0,0,0,553,9520,5,6
2020-12-27,France,1,1,0,0,113,45,11,553,9520,5,6
2020-12-27,France,7,1,1,0,7,0,0,553,9520,5,6
2020-12-27,France,1,1,1,0,25,18,0,553,9520,5,6
2020-12-28,France,1,1,0,5,0,0,0,553,9520,5,6
2020-12-28,France,1,0,1,1,0,0,0,553,9520,5,6
2020-12-28,France,1,1,1,3,0,0,0,553,9520,5,6
2020-12-28,France,1,1,0,0,106,49,7,553,9520,5,6
2020-12-28,France,7,1,1,0,7,0,0,553,9520,5,6
2020-12-28,France,1,1,1,0,34,31,0,553,9520,5,6
2020-12-28,France,1,0,1,0,2,0,0,553,9520,5,6
2020-12-29,France,1,0,0,3,0,0,0,553,9520,5,6
2020-12-29,France,1,1,0,3,0,0,0,553,9520,5,6
2020-12-29,France,7,1,0,2,0,0,0,553,9520,5,6
2020-12-29,France,1,1,1,0,35,28,1,553,9520,5,6
2020-12-29,France,1,1,0,0,88,41,5,553,9520,5,6
2020-12-29,France,7,1,1,0,7,0,0,553,9520,5,6
2020-12-29,France,7,1,0,0,6,3,1,553,9520,5,6
2020-12-29,France,1,0,0,0,1,0,0,553,9520,5,6
2020-12-30,France,1,1,0,2,0,0,0,553,9520,5,6
2020-12-30,France,1,0,1,1,0,0,0,553,9520,5,6
2020-12-30,France,1,1,1,0,33,27,1,553,9520,5,6
2020-12-30,France,1,1,0,0,87,41,5,553,9520,5,6
2020-12-30,France,7,1,1,0,7,0,0,553,9520,5,6
2020-12-30,France,7,1,0,0,4,1,0,553,9520,5,6
2020-12-31,France,1,1,0,3,0,0,0,553,9520,5,6
2020-12-31,France,1,1,1,0,33,27,1,553,9520,5,6
2020-12-31,France,1,1,0,0,89,44,3,553,9520,5,6
2020-12-31,France,7,1,1,0,7,0,0,553,9520,5,6
2020-12-31,France,7,1,0,0,3,0,0,553,9520,5,6
2021-01-01,France,1,1,0,1,0,0,0,553,9520,5,6
2021-01-01,France,1,1,0,0,89,40,3,553,9520,5,6
2021-01-01,France,7,1,1,0,7,0,0,553,9520,5,6
2021-01-01,France,1,1,1,0,32,28,0,553,9520,5,6
2021-01-01,France,1,0,0,0,1,0,0,553,9520,5,6
2021-01-01,France,7,1,0,0,3,0,0,553,9520,5,6
2021-01-02,France,1,1,0,0,92,47,9,553,9520,5,6
2021-01-02,France,7,1,1,0,7,0,0,553,9520,5,6
2021-01-02,France,1,1,1,0,23,16,0,553,9520,5,6
2021-01-02,France,7,1,0,0,3,0,0,553,9520,5,6
2021-01-03,France,1,0,0,1,0,0,0,553,9520,5,6
2021-01-03,France,1,1,0,5,0,0,0,553,9520,5,6
2021-01-03,France,1,1,0,0,93,38,3,553,9520,5,6
2021-01-03,France,1,1,1,0,18,18,0,553,9520,5,6
2021-01-03,France,7,1,1,0,2,1,0,553,9520,5,6
2021-01-03,France,7,1,0,0,3,0,0,553,9520,5,6
2021-01-03,France,1,0,0,0,1,0,0,553,9520,5,6
2021-01-04,France,1,0,0,2,0,0,0,553,9520,5,6
2021-01-04,France,1,1,0,3,0,0,0,553,9520,5,6
2021-01-04,France,1,1,1,1,0,0,0,553,9520,5,6
2021-01-04,France,1,1,0,0,96,38,4,553,9520,5,6
2021-01-04,France,1,1,1,0,18,17,0,553,9520,5,6
2021-01-04,France,7,1,0,0,3,0,0,553,9520,5,6
2021-01-04,France,1,0,0,0,1,0,0,553,9520,5,6
2021-01-05,France,1,0,0,2,0,0,0,553,9520,5,6
2021-01-05,France,1,1,0,6,0,0,0,553,9520,5,6
2021-01-05,France,1,1,1,1,0,0,0,553,9520,5,6
2021-01-05,France,7,1,0,0,5,3,1,553,9520,5,6
2021-01-05,France,1,1,0,0,98,39,1,553,9520,5,6
2021-01-05,France,1,1,1,0,19,19,1,553,9520,5,6
2021-01-05,France,1,0,0,0,2,0,0,553,9520,5,6
2021-01-06,France,1,0,0,2,0,0,0,553,9520,5,6
2021-01-06,France,1,1,0,5,0,0,0,553,9520,5,6
2021-01-06,France,1,1,1,1,0,0,0,553,9520,5,6
2021-01-06,France,1,1,0,0,92,39,1,553,9520,5,6
2021-01-06,France,1,1,1,0,16,14,0,553,9520,5,6
2021-01-06,France,7,1,0,0,3,0,0,553,9520,5,6
2021-01-06,France,1,0,0,0,2,0,0,553,9520,5,6
2021-01-07,France,1,0,0,3,0,0,0,553,9520,5,6
2021-01-07,France,1,1,0,12,0,0,0,553,9520,5,6
2021-01-07,France,1,0,1,1,0,0,0,553,9520,5,6
2021-01-07,France,1,1,0,0,102,40,5,553,9520,5,6
2021-01-07,France,1,1,1,0,13,13,1,553,9520,5,6
2021-01-07,France,1,0,0,0,2,0,0,553,9520,5,6
2021-01-07,France,7,1,0,0,3,0,0,553,9520,5,6
2021-01-07,France,1,0,1,0,1,0,0,553,9520,5,6
2021-01-08,France,1,0,0,4,0,0,0,553,9520,5,6
2021-01-08,France,1,1,0,3,0,0,0,553,9520,5,6
2021-01-08,France,1,1,0,0,104,45,6,553,9520,5,6
2021-01-08,France,1,1,1,0,13,12,1,553,9520,5,6
2021-01-08,France,7,1,0,0,3,0,0,553,9520,5,6
2021-01-09,France,1,0,0,3,0,0,0,553,9520,5,6
2021-01-09,France,1,1,0,1,0,0,0,553,9520,5,6
2021-01-09,France,1,1,0,0,97,34,3,553,9520,5,6
2021-01-09,France,1,0,0,0,2,0,0,553,9520,5,6
2021-01-09,France,1,1,1,0,7,7,0,553,9520,5,6
2021-01-09,France,7,1,0,0,3,0,0,553,9520,5,6
2021-01-10,France,1,0,0,1,0,0,0,553,9520,5,6
2021-01-10,France,1,1,0,4,0,0,0,553,9520,5,6
2021-01-10,France,1,1,0,0,96,26,0,553,9520,5,6
2021-01-10,France,1,0,0,0,1,0,0,553,9520,5,6
2021-01-10,France,1,0,1,0,1,0,0,553,9520,5,6
2021-01-10,France,7,1,0,0,3,1,0,553,9520,5,6
2021-01-11,France,1,0,0,3,0,0,0,553,9520,5,6
2021-01-11,France,1,1,0,1,0,0,0,553,9520,5,6
2021-01-11,France,1,1,0,0,97,34,3,553,9520,5,6
2021-01-11,France,7,1,0,0,3,0,0,553,9520,5,6
2021-01-11,France,3,1,0,0,5,5,0,553,9520,5,6
2021-01-11,France,1,0,0,0,1,0,0,553,9520,5,6
2021-01-12,France,1,0,0,2,0,0,0,553,9520,5,6
2021-01-12,France,1,1,0,8,0,0,0,553,9520,5,6
2021-01-12,France,1,1,1,1,0,0,0,553,9520,5,6
2021-01-12,France,1,1,0,0,95,29,1,553,9520,5,6
2021-01-12,France,7,1,0,0,10,2,0,553,9520,5,6
2021-01-12,France,3,1,0,0,6,6,1,553,9520,5,6
2021-01-12,France,1,0,0,0,2,0,0,553,9520,5,6
2021-01-13,France,1,0,0,3,0,0,0,553,9520,5,6
2021-01-13,France,1,1,0,5,0,0,0,553,9520,5,6
2021-01-13,France,1,1,0,0,90,35,4,553,9520,5,6
2021-01-13,France,7,1,0,0,6,0,0,553,9520,5,6
2021-01-13,France,3,1,0,0,6,6,0,553,9520,5,6
2021-01-13,France,1,0,0,0,1,0,0,553,9520,5,6
2021-01-14,France,1,0,0,4,0,0,0,553,9520,5,6
2021-01-14,France,3,1,0,1,0,0,0,553,9520,5,6
2021-01-14,France,1,1,0,3,0,0,0,553,9520,5,6
2021-01-14,France,1,1,1,1,0,0,0,553,9520,5,6
2021-01-14,France,1,1,0,0,91,26,4,553,9520,5,6
2021-01-14,France,1,0,0,0,6,2,0,553,9520,5,6
2021-01-14,France,3,1,0,0,7,4,1,553,9520,5,6
2021-01-14,France,7,1,0,0,6,1,0,553,9520,5,6
2021-01-14,France,1,1,1,0,1,1,0,553,9520,5,6
2021-01-15,France,1,1,0,3,0,0,0,553,9520,5,6
2021-01-15,France,1,1,1,2,0,0,0,553,9520,5,6
2021-01-15,France,1,1,1,0,6,6,3,553,9520,5,6
2021-01-15,France,1,1,0,0,101,36,5,553,9520,5,6
2021-01-15,France,3,1,0,0,8,1,0,553,9520,5,6
2021-01-15,France,7,1,0,0,6,0,0,553,9520,5,6
2021-01-16,France,1,0,0,2,0,0,0,553,9520,5,6
2021-01-16,France,1,1,0,2,0,0,0,553,9520,5,6
2021-01-16,France,1,1,0,0,107,33,3,553,9520,5,6
2021-01-16,France,1,0,0,0,2,0,0,553,9520,5,6
2021-01-16,France,7,1,0,0,7,0,0,553,9520,5,6
2021-01-16,France,1,1,1,0,6,5,0,553,9520,5,6
2021-01-16,France,3,1,0,0,8,0,0,553,9520,5,6
2021-01-17,France,1,1,0,1,0,0,0,553,9520,5,6
2021-01-17,France,1,0,1,1,0,0,0,553,9520,5,6
2021-01-17,France,1,1,0,0,118,44,2,553,9520,5,6
2021-01-17,France,1,0,0,0,1,0,0,553,9520,5,6
2021-01-17,France,3,1,0,0,3,0,0,553,9520,5,6
2021-01-17,France,7,1,0,0,6,0,0,553,9520,5,6
2021-01-17,France,1,0,1,0,1,0,0,553,9520,5,6
2021-01-17,France,1,1,1,0,1,1,0,553,9520,5,6
2021-01-18,France,1,0,0,1,0,0,0,553,9520,5,6
2021-01-18,France,1,1,0,1,0,0,0,553,9520,5,6
2021-01-18,France,1,0,1,1,0,0,0,553,9520,5,6
2021-01-18,France,1,1,0,0,116,40,3,553,9520,5,6
2021-01-18,France,3,1,0,0,3,0,0,553,9520,5,6
2021-01-18,France,1,1,1,0,3,1,0,553,9520,5,6
2021-01-18,France,7,1,0,0,6,0,0,553,9520,5,6
2021-01-18,France,1,0,1,0,1,0,0,553,9520,5,6
2021-01-19,France,1,0,0,1,0,0,0,553,9520,5,6
2021-01-19,France,1,1,0,6,0,0,0,553,9520,5,6
2021-01-19,France,1,1,0,0,97,44,3,553,9520,5,6
2021-01-19,France,1,1,1,0,3,2,0,553,9520,5,6
2021-01-19,France,7,1,0,0,11,2,0,553,9520,5,6
2021-01-19,France,3,1,0,0,2,0,0,553,9520,5,6
2021-01-19,France,1,0,0,0,2,2,0,553,9520,5,6
2021-01-20,France,1,1,0,7,0,0,0,553,9520,5,6
2021-01-20,France,1,1,0,0,114,35,5,553,9520,5,6
2021-01-20,France,1,1,1,0,3,3,0,553,9520,5,6
2021-01-20,France,1,0,1,0,1,0,0,553,9520,5,6
2021-01-20,France,3,1,0,0,3,0,0,553,9520,5,6
2021-01-20,France,7,1,0,0,3,0,0,553,9520,5,6
2021-01-21,France,1,0,0,2,0,0,0,553,9520,5,6
2021-01-21,France,1,1,0,6,0,0,0,553,9520,5,6
2021-01-21,France,7,1,0,1,0,0,0,553,9520,5,6
2021-01-21,France,1,1,0,0,110,40,3,553,9520,5,6
2021-01-21,France,3,1,0,0,3,0,0,553,9520,5,6
2021-01-21,France,1,1,1,0,3,3,1,553,9520,5,6
2021-01-21,France,7,1,0,0,6,0,0,553,9520,5,6
2021-01-22,France,1,0,0,1,0,0,0,553,9520,5,6
2021-01-22,France,1,1,0,6,0,0,0,553,9520,5,6
2021-01-22,France,1,1,1,2,0,0,0,553,9520,5,6
2021-01-22,France,1,1,0,0,113,38,4,553,9520,5,6
2021-01-22,France,1,1,1,0,3,1,0,553,9520,5,6
2021-01-22,France,1,0,0,0,1,1,0,553,9520,5,6
2021-01-22,France,3,1,0,0,2,0,0,553,9520,5,6
2021-01-22,France,7,1,0,0,5,0,0,553,9520,5,6
2021-01-23,France,1,0,0,1,0,0,0,553,9520,5,6
2021-01-23,France,1,1,0,2,0,0,0,553,9520,5,6
2021-01-23,France,1,1,1,1,0,0,0,553,9520,5,6
2021-01-23,France,1,1,0,0,116,30,5,553,9520,5,6
2021-01-23,France,1,1,1,0,4,1,0,553,9520,5,6
2021-01-23,France,3,1,0,0,3,0,0,553,9520,5,6
2021-01-23,France,7,1,0,0,6,0,0,553,9520,5,6
2021-01-24,France,1,0,0,1,0,0,0,553,9520,5,6
2021-01-24,France,1,1,0,2,0,0,0,553,9520,5,6
2021-01-24,France,1,1,1,2,0,0,0,553,9520,5,6
2021-01-24,France,1,1,0,0,122,48,8,553,9520,5,6
2021-01-24,France,3,1,0,0,3,0,0,553,9520,5,6
2021-01-24,France,1,1,1,0,8,3,0,553,9520,5,6
2021-01-24,France,7,1,0,0,6,0,0,553,9520,5,6
2021-01-25,France,1,0,0,2,0,0,0,553,9520,5,6
2021-01-25,France,1,1,0,3,0,0,0,553,9520,5,6
2021-01-25,France,1,1,1,1,0,0,0,553,9520,5,6
2021-01-25,France,1,1,0,0,128,45,11,553,9520,5,6
2021-01-25,France,1,1,1,0,3,0,0,553,9520,5,6
2021-01-25,France,3,1,0,0,2,0,0,553,9520,5,6
2021-01-25,France,7,1,0,0,6,3,0,553,9520,5,6
2021-01-25,France,1,0,0,0,1,0,0,553,9520,5,6
2021-01-26,France,1,0,0,1,0,0,0,553,9520,5,6
2021-01-26,France,1,1,0,4,0,0,0,553,9520,5,6
2021-01-26,France,1,1,1,2,0,0,0,553,9520,5,6
2021-01-26,France,1,1,0,0,132,40,6,553,9520,5,6
2021-01-26,France,1,1,1,0,2,2,0,553,9520,5,6
2021-01-26,France,7,1,0,0,10,2,0,553,9520,5,6
2021-01-26,France,3,1,0,0,3,0,0,553,9520,5,6
2021-01-27,France,1,0,0,5,0,0,0,553,9520,5,6
2021-01-27,France,1,1,0,4,0,0,0,553,9520,5,6
2021-01-27,France,1,1,1,1,0,0,0,553,9520,5,6
2021-01-27,France,1,1,0,0,131,36,6,553,9520,5,6
2021-01-27,France,3,1,0,0,3,0,0,553,9520,5,6
2021-01-27,France,1,1,1,0,4,2,0,553,9520,5,6
2021-01-27,France,7,1,0,0,3,1,0,553,9520,5,6
2021-01-27,France,1,0,0,0,5,1,0,553,9520,5,6
2021-01-28,France,1,1,0,0,117,30,2,553,9520,5,6
2021-01-28,France,1,1,1,0,3,0,0,553,9520,5,6
2021-01-28,France,1,0,0,0,1,0,0,553,9520,5,6
2021-01-28,France,3,1,0,0,2,0,0,553,9520,5,6
2021-01-29,France,1,1,0,0,112,36,1,553,9520,5,6
2021-01-29,France,1,1,1,0,2,0,0,553,9520,5,6
2021-01-29,France,1,0,0,0,1,0,0,553,9520,5,6
2021-01-29,France,3,1,0,0,3,0,0,553,9520,5,6
2021-01-30,France,1,1,0,0,114,40,8,553,9520,5,6
2021-01-30,France,3,1,0,0,3,0,0,553,9520,5,6
2021-01-30,France,1,1,1,0,3,0,0,553,9520,5,6
2021-01-30,France,1,0,0,0,1,0,0,553,9520,5,6
2021-01-31,France,1,1,0,0,117,38,6,553,9520,5,6
2021-01-31,France,1,1,1,0,3,0,0,553,9520,5,6
2021-01-31,France,3,1,0,0,2,0,0,553,9520,5,6
2021-02-01,France,1,1,0,0,120,39,4,553,9520,5,6
2021-02-01,France,1,1,1,0,4,3,0,553,9520,5,6
2021-02-01,France,3,1,0,0,3,0,0,553,9520,5,6
2021-02-02,France,1,1,0,0,108,36,8,553,9520,5,6
2021-02-02,France,3,1,0,0,3,0,0,553,9520,5,6
2021-02-02,France,1,1,1,0,2,2,0,553,9520,5,6
2021-02-03,France,1,1,0,0,97,30,2,553,9520,5,6
2021-02-03,France,1,1,1,0,3,0,0,553,9520,5,6
2021-02-03,France,3,1,0,0,2,0,0,553,9520,5,6
2021-02-04,France,1,1,0,0,95,31,3,553,9520,5,6
2021-02-04,France,1,1,1,0,3,0,0,553,9520,5,6
2021-02-04,France,3,1,0,0,3,0,0,553,9520,5,6
2021-02-05,France,1,1,0,0,95,27,1,553,9520,5,6
2021-02-05,France,3,1,0,0,3,0,0,553,9520,5,6
2021-02-06,France,1,1,0,0,87,35,6,553,9520,5,6
2021-02-06,France,3,1,0,0,2,0,0,553,9520,5,6
2021-02-07,France,1,1,0,0,89,33,4,553,9520,5,6
2021-02-07,France,3,1,0,0,3,0,0,553,9520,5,6
2021-02-08,France,1,1,0,0,75,24,5,553,9520,5,6
2021-02-09,France,1,1,0,0,71,26,3,553,9520,5,6
2021-02-10,France,1,1,0,0,71,21,2,553,9520,5,6
2021-02-11,France,1,1,0,0,51,14,1,553,9520,5,6
2021-02-12,France,1,1,0,0,36,16,4,553,9520,5,6
2021-02-13,France,1,1,0,0,36,18,3,553,9520,5,6
2021-02-14,France,1,1,0,0,42,21,2,553,9520,5,6
2021-02-15,France,1,1,0,0,38,14,3,553,9520,5,6
2021-02-16,France,1,1,0,0,35,17,2,553,9520,5,6
2021-02-17,France,1,1,0,0,35,12,0,553,9520,5,6
2021-02-18,France,1,1,0,0,36,17,5,553,9520,5,6
2021-02-19,France,1,1,0,0,24,18,0,553,9520,5,6
2021-02-20,France,1,1,0,0,23,16,3,553,9520,5,6
2021-02-21,France,1,1,0,0,16,14,1,553,9520,5,6
2021-02-22,France,1,1,0,0,16,12,1,553,9520,5,6
2021-02-23,France,1,1,0,0,10,7,1,553,9520,5,6
2021-02-24,France,1,1,0,0,7,5,1,553,9520,5,6
2020-11-01,Germany,1,0,0,2,0,0,0,490,9483,8,8
2020-11-01,Germany,1,1,0,2,0,0,0,490,9483,8,8
2020-11-01,Germany,1,1,0,0,4,4,1,490,9483,8,8
2020-11-01,Germany,1,0,0,0,2,2,0,490,9483,8,8
2020-11-02,Germany,1,1,0,3,0,0,0,490,9483,8,8
2020-11-02,Germany,1,1,0,0,4,4,3,490,9483,8,8
2020-11-03,Germany,1,0,0,1,0,0,0,490,9483,8,8
2020-11-03,Germany,1,1,0,1,0,0,0,490,9483,8,8
2020-11-03,Germany,1,1,1,1,0,0,0,490,9483,8,8
2020-11-03,Germany,1,1,0,0,6,6,1,490,9483,8,8
2020-11-04,Germany,1,0,0,2,0,0,0,490,9483,8,8
2020-11-04,Germany,1,1,0,5,0,0,0,490,9483,8,8
2020-11-04,Germany,1,1,0,0,15,15,4,490,9483,8,8
2020-11-04,Germany,1,0,0,0,1,1,0,490,9483,8,8
2020-11-05,Germany,1,0,0,3,0,0,0,490,9483,8,8
2020-11-05,Germany,1,1,0,3,0,0,0,490,9483,8,8
2020-11-05,Germany,1,1,1,1,0,0,0,490,9483,8,8
2020-11-05,Germany,1,1,0,0,16,15,4,490,9483,8,8
2020-11-06,Germany,1,1,0,2,0,0,0,490,9483,8,8
2020-11-06,Germany,1,1,0,0,16,15,3,490,9483,8,8
2020-11-07,Germany,1,0,0,1,0,0,0,490,9483,8,8
2020-11-07,Germany,1,1,0,1,0,0,0,490,9483,8,8
2020-11-07,Germany,1,1,0,0,15,13,4,490,9483,8,8
2020-11-07,Germany,1,0,0,0,1,1,0,490,9483,8,8
2020-11-08,Germany,1,1,0,2,0,0,0,490,9483,8,8
2020-11-08,Germany,1,1,0,0,16,13,3,490,9483,8,8
2020-11-09,Germany,1,0,0,1,0,0,0,490,9483,8,8
2020-11-09,Germany,1,1,0,4,0,0,0,490,9483,8,8
2020-11-09,Germany,1,1,1,1,0,0,0,490,9483,8,8
2020-11-09,Germany,1,1,0,0,21,16,2,490,9483,8,8
2020-11-10,Germany,1,0,0,2,0,0,0,490,9483,8,8
2020-11-10,Germany,1,1,0,2,0,0,0,490,9483,8,8
2020-11-10,Germany,1,1,0,0,27,15,3,490,9483,8,8
2020-11-10,Germany,1,0,0,0,2,0,0,490,9483,8,8
2020-11-11,Germany,1,0,0,1,0,0,0,490,9483,8,8
2020-11-11,Germany,1,1,0,4,0,0,0,490,9483,8,8
2020-11-11,Germany,1,0,1,1,0,0,0,490,9483,8,8
2020-11-11,Germany,1,1,1,1,0,0,0,490,9483,8,8
2020-11-11,Germany,1,1,0,0,32,13,2,490,9483,8,8
2020-11-11,Germany,1,0,0,0,2,0,0,490,9483,8,8
2020-11-12,Germany,1,0,0,1,0,0,0,490,9483,8,8
2020-11-12,Germany,1,1,0,4,0,0,0,490,9483,8,8
2020-11-12,Germany,1,1,0,0,36,14,2,490,9483,8,8
2020-11-13,Germany,1,0,0,2,0,0,0,490,9483,8,8
2020-11-13,Germany,1,1,0,3,0,0,0,490,9483,8,8
2020-11-13,Germany,1,1,0,0,39,20,2,490,9483,8,8
2020-11-13,Germany,1,0,0,0,1,0,0,490,9483,8,8
2020-11-14,Germany,1,0,0,1,0,0,0,490,9483,8,8
2020-11-14,Germany,1,1,0,2,0,0,0,490,9483,8,8
2020-11-14,Germany,1,1,1,1,0,0,0,490,9483,8,8
2020-11-14,Germany,1,1,0,0,38,13,2,490,9483,8,8
2020-11-14,Germany,1,0,0,0,2,0,0,490,9483,8,8
2020-11-15,Germany,1,0,0,2,0,0,0,490,9483,8,8
2020-11-15,Germany,1,1,0,2,0,0,0,490,9483,8,8
2020-11-15,Germany,1,1,0,0,42,21,2,490,9483,8,8
2020-11-15,Germany,1,0,0,0,2,0,0,490,9483,8,8
2020-11-16,Germany,1,0,0,2,0,0,0,490,9483,8,8
2020-11-16,Germany,1,1,0,1,0,0,0,490,9483,8,8
2020-11-16,Germany,1,1,1,1,0,0,0,490,9483,8,8
2020-11-16,Germany,1,1,0,0,47,21,4,490,9483,8,8
2020-11-16,Germany,1,1,1,0,7,7,0,490,9483,8,8
2020-11-16,Germany,1,0,0,0,1,0,0,490,9483,8,8
2020-11-17,Germany,1,0,0,2,0,0,0,490,9483,8,8
2020-11-17,Germany,1,1,0,5,0,0,0,490,9483,8,8
2020-11-17,Germany,1,1,1,1,0,0,0,490,9483,8,8
2020-11-17,Germany,1,1,0,0,48,18,2,490,9483,8,8
2020-11-17,Germany,1,0,0,0,1,0,0,490,9483,8,8
2020-11-18,Germany,1,0,0,1,0,0,0,490,9483,8,8
2020-11-18,Germany,1,1,0,3,0,0,0,490,9483,8,8
2020-11-18,Germany,7,1,0,1,0,0,0,490,9483,8,8
2020-11-18,Germany,1,1,1,1,0,0,0,490,9483,8,8
2020-11-18,Germany,1,1,0,0,48,18,2,490,9483,8,8
2020-11-19,Germany,1,0,0,2,0,0,0,490,9483,8,8
2020-11-19,Germany,1,1,1,1,0,0,0,490,9483,8,8
2020-11-19,Germany,1,1,0,0,60,26,2,490,9483,8,8
2020-11-19,Germany,1,0,0,0,2,0,0,490,9483,8,8
2020-11-20,Germany,1,0,0,2,0,0,0,490,9483,8,8
2020-11-20,Germany,1,1,0,3,0,0,0,490,9483,8,8
2020-11-20,Germany,1,1,0,0,69,23,2,490,9483,8,8
2020-11-21,Germany,1,0,0,1,0,0,0,490,9483,8,8
2020-11-21,Germany,1,1,0,1,0,0,0,490,9483,8,8
2020-11-21,Germany,1,1,1,2,0,0,0,490,9483,8,8
2020-11-21,Germany,1,1,0,0,69,26,1,490,9483,8,8
2020-11-21,Germany,1,1,1,0,2,0,0,490,9483,8,8
2020-11-22,Germany,1,0,0,1,0,0,0,490,9483,8,8
2020-11-22,Germany,1,1,0,2,0,0,0,490,9483,8,8
2020-11-22,Germany,1,1,1,2,0,0,0,490,9483,8,8
2020-11-22,Germany,1,1,1,0,5,1,1,490,9483,8,8
2020-11-22,Germany,1,1,0,0,53,23,1,490,9483,8,8
2020-11-23,Germany,1,0,0,4,0,0,0,490,9483,8,8
2020-11-23,Germany,1,1,0,1,0,0,0,490,9483,8,8
2020-11-23,Germany,1,1,1,0,7,4,3,490,9483,8,8
2020-11-23,Germany,1,1,0,0,41,23,2,490,9483,8,8
2020-11-23,Germany,1,0,0,0,2,1,0,490,9483,8,8
2020-11-24,Germany,1,0,0,3,0,0,0,490,9483,8,8
2020-11-24,Germany,1,1,0,3,0,0,0,490,9483,8,8
2020-11-24,Germany,7,1,1,1,0,0,0,490,9483,8,8
2020-11-24,Germany,1,1,0,0,47,25,4,490,9483,8,8
2020-11-24,Germany,1,1,1,0,6,3,2,490,9483,8,8
2020-11-25,Germany,1,0,0,3,0,0,0,490,9483,8,8
2020-11-25,Germany,1,1,0,2,0,0,0,490,9483,8,8
2020-11-25,Germany,1,1,0,0,46,27,2,490,9483,8,8
2020-11-25,Germany,1,1,1,0,3,3,1,490,9483,8,8
2020-11-26,Germany,1,0,0,1,0,0,0,490,9483,8,8
2020-11-26,Germany,1,1,0,3,0,0,0,490,9483,8,8
2020-11-26,Germany,1,1,0,0,48,27,2,490,9483,8,8
2020-11-26,Germany,1,1,1,0,3,2,1,490,9483,8,8
2020-11-26,Germany,1,0,0,0,1,0,0,490,9483,8,8
2020-11-27,Germany,1,0,0,1,0,0,0,490,9483,8,8
2020-11-27,Germany,1,1,0,1,0,0,0,490,9483,8,8
2020-11-27,Germany,1,1,1,2,0,0,0,490,9483,8,8
2020-11-27,Germany,1,1,0,0,54,27,3,490,9483,8,8
2020-11-27,Germany,1,1,1,0,9,4,2,490,9483,8,8
2020-11-28,Germany,1,0,0,2,0,0,0,490,9483,8,8
2020-11-28,Germany,1,0,1,1,0,0,0,490,9483,8,8
2020-11-28,Germany,1,1,1,1,0,0,0,490,9483,8,8
2020-11-28,Germany,1,1,0,0,51,26,1,490,9483,8,8
2020-11-28,Germany,1,1,1,0,12,4,2,490,9483,8,8
2020-11-29,Germany,1,0,0,1,0,0,0,490,9483,8,8
2020-11-29,Germany,1,1,0,1,0,0,0,490,9483,8,8
2020-11-29,Germany,1,1,1,1,0,0,0,490,9483,8,8
2020-11-29,Germany,1,1,0,0,56,24,0,490,9483,8,8
2020-11-29,Germany,1,1,1,0,7,5,0,490,9483,8,8
2020-11-30,Germany,1,0,0,2,0,0,0,490,9483,8,8
2020-11-30,Germany,1,1,0,4,0,0,0,490,9483,8,8
2020-11-30,Germany,1,1,1,3,0,0,0,490,9483,8,8
2020-11-30,Germany,1,1,0,0,53,16,3,490,9483,8,8
2020-11-30,Germany,1,1,1,0,7,6,2,490,9483,8,8
2020-11-30,Germany,1,0,0,0,1,0,0,490,9483,8,8
2020-12-01,Germany,1,0,0,5,0,0,0,490,9483,8,8
2020-12-01,Germany,1,1,0,5,0,0,0,490,9483,8,8
2020-12-01,Germany,1,0,1,2,0,0,0,490,9483,8,8
2020-12-01,Germany,1,1,0,0,70,33,4,490,9483,8,8
2020-12-01,Germany,1,1,1,0,3,3,1,490,9483,8,8
2020-12-01,Germany,1,0,1,0,3,0,0,490,9483,8,8
2020-12-02,Germany,1,0,0,1,0,0,0,490,9483,8,8
2020-12-02,Germany,1,1,0,4,0,0,0,490,9483,8,8
2020-12-02,Germany,1,1,1,2,0,0,0,490,9483,8,8
2020-12-02,Germany,1,1,0,0,58,29,3,490,9483,8,8
2020-12-02,Germany,1,1,1,0,3,1,0,490,9483,8,8
2020-12-03,Germany,1,0,0,1,0,0,0,490,9483,8,8
2020-12-03,Germany,1,1,0,3,0,0,0,490,9483,8,8
2020-12-03,Germany,1,1,1,1,0,0,0,490,9483,8,8
2020-12-03,Germany,1,1,0,0,67,24,4,490,9483,8,8
2020-12-04,Germany,1,0,0,3,0,0,0,490,9483,8,8
2020-12-04,Germany,1,1,0,3,0,0,0,490,9483,8,8
2020-12-04,Germany,1,1,0,0,60,14,2,490,9483,8,8
2020-12-04,Germany,1,0,1,0,2,0,0,490,9483,8,8
2020-12-04,Germany,1,0,0,0,3,1,0,490,9483,8,8
2020-12-05,Germany,1,1,0,5,0,0,0,490,9483,8,8
2020-12-05,Germany,1,1,1,2,0,0,0,490,9483,8,8
2020-12-05,Germany,1,1,0,0,63,17,2,490,9483,8,8
2020-12-06,Germany,1,0,0,2,0,0,0,490,9483,8,8
2020-12-06,Germany,1,1,0,2,0,0,0,490,9483,8,8
2020-12-06,Germany,1,1,0,0,75,14,4,490,9483,8,8
2020-12-07,Germany,1,0,0,1,0,0,0,490,9483,8,8
2020-12-07,Germany,1,1,0,6,0,0,0,490,9483,8,8
2020-12-07,Germany,1,1,1,1,0,0,0,490,9483,8,8
2020-12-07,Germany,1,1,0,0,91,31,6,490,9483,8,8
2020-12-07,Germany,1,0,0,0,1,0,0,490,9483,8,8
2020-12-08,Germany,1,0,0,8,0,0,0,490,9483,8,8
2020-12-08,Germany,1,1,0,4,0,0,0,490,9483,8,8
2020-12-08,Germany,1,1,0,0,99,30,3,490,9483,8,8
2020-12-08,Germany,1,0,0,0,2,1,0,490,9483,8,8
2020-12-09,Germany,1,0,0,2,0,0,0,490,9483,8,8
2020-12-09,Germany,1,1,0,7,0,0,0,490,9483,8,8
2020-12-09,Germany,1,1,1,2,0,0,0,490,9483,8,8
2020-12-09,Germany,1,1,0,0,94,35,3,490,9483,8,8
2020-12-09,Germany,1,1,1,0,1,1,0,490,9483,8,8
2020-12-10,Germany,1,0,0,4,0,0,0,490,9483,8,8
2020-12-10,Germany,1,1,0,3,0,0,0,490,9483,8,8
2020-12-10,Germany,7,1,1,1,0,0,0,490,9483,8,8
2020-12-10,Germany,1,1,1,2,0,0,0,490,9483,8,8
2020-12-10,Germany,1,1,0,0,107,37,3,490,9483,8,8
2020-12-10,Germany,1,1,1,0,3,3,2,490,9483,8,8
2020-12-10,Germany,1,0,0,0,2,2,0,490,9483,8,8
2020-12-11,Germany,1,0,0,1,0,0,0,490,9483,8,8
2020-12-11,Germany,1,1,0,6,0,0,0,490,9483,8,8
2020-12-11,Germany,1,1,1,2,0,0,0,490,9483,8,8
2020-12-11,Germany,1,1,0,0,125,42,3,490,9483,8,8
2020-12-11,Germany,1,1,1,0,3,2,1,490,9483,8,8
2020-12-11,Germany,1,0,0,0,3,1,0,490,9483,8,8
2020-12-12,Germany,1,0,0,2,0,0,0,490,9483,8,8
2020-12-12,Germany,1,1,0,3,0,0,0,490,9483,8,8
2020-12-12,Germany,1,1,0,0,131,43,1,490,9483,8,8
2020-12-12,Germany,1,1,1,0,3,0,0,490,9483,8,8
2020-12-12,Germany,1,0,0,0,2,0,0,490,9483,8,8
2020-12-13,Germany,1,0,0,1,0,0,0,490,9483,8,8
2020-12-13,Germany,1,1,0,2,0,0,0,490,9483,8,8
2020-12-13,Germany,1,1,0,0,111,24,3,490,9483,8,8
2020-12-13,Germany,1,1,1,0,3,2,1,490,9483,8,8
2020-12-13,Germany,1,0,0,0,1,1,0,490,9483,8,8
2020-12-14,Germany,1,0,0,1,0,0,0,490,9483,8,8
2020-12-14,Germany,1,1,0,4,0,0,0,490,9483,8,8
2020-12-14,Germany,2,1,0,1,0,0,0,490,9483,8,8
2020-12-14,Germany,1,1,1,2,0,0,0,490,9483,8,8
2020-12-14,Germany,1,1,0,0,111,30,1,490,9483,8,8
2020-12-14,Germany,1,1,1,0,7,2,1,490,9483,8,8
2020-12-14,Germany,1,0,0,0,1,1,0,490,9483,8,8
2020-12-14,Germany,2,1,0,0,5,2,1,490,9483,8,8
2020-12-15,Germany,1,0,0,1,0,0,0,490,9483,8,8
2020-12-15,Germany,1,1,0,3,0,0,0,490,9483,8,8
2020-12-15,Germany,1,1,0,0,115,35,3,490,9483,8,8
2020-12-15,Germany,1,1,1,0,7,2,1,490,9483,8,8
2020-12-15,Germany,1,0,0,0,1,0,0,490,9483,8,8
2020-12-15,Germany,2,1,0,0,4,4,0,490,9483,8,8
2020-12-16,Germany,1,0,0,2,0,0,0,490,9483,8,8
2020-12-16,Germany,1,1,0,4,0,0,0,490,9483,8,8
2020-12-16,Germany,1,1,0,0,115,31,0,490,9483,8,8
2020-12-16,Germany,1,1,1,0,11,6,0,490,9483,8,8
2020-12-16,Germany,2,1,0,0,6,1,0,490,9483,8,8
2020-12-17,Germany,1,0,0,3,0,0,0,490,9483,8,8
2020-12-17,Germany,1,1,0,6,0,0,0,490,9483,8,8
2020-12-17,Germany,1,1,1,3,0,0,0,490,9483,8,8
2020-12-17,Germany,1,1,0,0,107,26,1,490,9483,8,8
2020-12-17,Germany,1,1,1,0,13,9,3,490,9483,8,8
2020-12-17,Germany,2,1,0,0,4,0,0,490,9483,8,8
2020-12-17,Germany,1,0,0,0,4,2,0,490,9483,8,8
2020-12-18,Germany,1,1,0,3,0,0,0,490,9483,8,8
2020-12-18,Germany,1,1,1,1,0,0,0,490,9483,8,8
2020-12-18,Germany,1,1,0,0,104,24,1,490,9483,8,8
2020-12-18,Germany,1,1,1,0,12,7,0,490,9483,8,8
2020-12-18,Germany,2,1,0,0,6,0,0,490,9483,8,8
2020-12-19,Germany,1,0,0,1,0,0,0,490,9483,8,8
2020-12-19,Germany,1,1,0,3,0,0,0,490,9483,8,8
2020-12-19,Germany,1,1,0,0,104,39,2,490,9483,8,8
2020-12-19,Germany,1,1,1,0,12,8,1,490,9483,8,8
2020-12-19,Germany,2,1,0,0,4,0,0,490,9483,8,8
2020-12-20,Germany,1,1,0,7,0,0,0,490,9483,8,8
2020-12-20,Germany,1,1,0,0,106,34,2,490,9483,8,8
2020-12-20,Germany,1,1,1,0,12,8,0,490,9483,8,8
2020-12-20,Germany,2,1,0,0,7,0,0,490,9483,8,8
2020-12-20,Germany,1,0,0,0,2,1,0,490,9483,8,8
2020-12-21,Germany,1,0,0,1,0,0,0,490,9483,8,8
2020-12-21,Germany,1,1,0,2,0,0,0,490,9483,8,8
2020-12-21,Germany,1,1,1,1,0,0,0,490,9483,8,8
2020-12-21,Germany,1,1,0,0,105,37,1,490,9483,8,8
2020-12-21,Germany,1,1,1,0,14,12,2,490,9483,8,8
2020-12-21,Germany,2,1,0,0,4,4,0,490,9483,8,8
2020-12-21,Germany,1,0,0,0,1,0,0,490,9483,8,8
2020-12-22,Germany,1,1,0,3,0,0,0,490,9483,8,8
2020-12-22,Germany,1,1,1,2,0,0,0,490,9483,8,8
2020-12-22,Germany,1,1,1,0,14,10,2,490,9483,8,8
2020-12-22,Germany,1,1,0,0,93,26,0,490,9483,8,8
2020-12-22,Germany,2,1,0,0,6,4,0,490,9483,8,8
2020-12-23,Germany,1,0,0,1,0,0,0,490,9483,8,8
2020-12-23,Germany,1,1,0,5,0,0,0,490,9483,8,8
2020-12-23,Germany,1,1,1,0,13,12,1,490,9483,8,8
2020-12-23,Germany,1,1,0,0,100,31,1,490,9483,8,8
2020-12-23,Germany,2,1,0,0,4,4,0,490,9483,8,8
2020-12-24,Germany,1,0,0,2,0,0,0,490,9483,8,8
2020-12-24,Germany,1,1,0,1,0,0,0,490,9483,8,8
2020-12-24,Germany,1,1,0,0,98,29,3,490,9483,8,8
2020-12-24,Germany,1,1,1,0,10,10,0,490,9483,8,8
2020-12-24,Germany,2,1,0,0,6,1,0,490,9483,8,8
2020-12-25,Germany,1,1,0,2,0,0,0,490,9483,8,8
2020-12-25,Germany,1,1,0,0,107,27,0,490,9483,8,8
2020-12-25,Germany,1,1,1,0,12,11,1,490,9483,8,8
2020-12-25,Germany,2,1,0,0,4,0,0,490,9483,8,8
2020-12-26,Germany,1,1,0,2,0,0,0,490,9483,8,8
2020-12-26,Germany,1,1,0,0,94,30,1,490,9483,8,8
2020-12-26,Germany,1,1,1,0,6,4,1,490,9483,8,8
2020-12-26,Germany,2,1,0,0,7,1,0,490,9483,8,8
2020-12-27,Germany,1,0,0,2,0,0,0,490,9483,8,8
2020-12-27,Germany,1,1,0,3,0,0,0,490,9483,8,8
2020-12-27,Germany,1,1,0,0,98,30,3,490,9483,8,8
2020-12-27,Germany,1,1,1,0,6,4,0,490,9483,8,8
2020-12-27,Germany,2,1,0,0,5,0,0,490,9483,8,8
2020-12-28,Germany,1,0,0,3,0,0,0,490,9483,8,8
2020-12-28,Germany,1,1,0,3,0,0,0,490,9483,8,8
2020-12-28,Germany,1,1,0,0,97,23,1,490,9483,8,8
2020-12-28,Germany,1,1,1,0,8,4,0,490,9483,8,8
2020-12-28,Germany,2,1,0,0,7,6,0,490,9483,8,8
2020-12-29,Germany,1,0,0,1,0,0,0,490,9483,8,8
2020-12-29,Germany,1,1,0,6,0,0,0,490,9483,8,8
2020-12-29,Germany,1,1,1,1,0,0,0,490,9483,8,8
2020-12-29,Germany,1,1,0,0,107,34,3,490,9483,8,8
2020-12-29,Germany,1,1,1,0,7,5,0,490,9483,8,8
2020-12-29,Germany,2,1,0,0,5,0,0,490,9483,8,8
2020-12-30,Germany,1,0,0,2,0,0,0,490,9483,8,8
2020-12-30,Germany,1,1,0,3,0,0,0,490,9483,8,8
2020-12-30,Germany,1,1,1,2,0,0,0,490,9483,8,8
2020-12-30,Germany,1,1,0,0,104,33,6,490,9483,8,8
2020-12-30,Germany,1,1,1,0,5,3,1,490,9483,8,8
2020-12-30,Germany,2,1,0,0,7,6,0,490,9483,8,8
2020-12-31,Germany,1,1,0,1,0,0,0,490,9483,8,8
2020-12-31,Germany,1,1,1,1,0,0,0,490,9483,8,8
2020-12-31,Germany,1,1,0,0,100,32,6,490,9483,8,8
2020-12-31,Germany,1,1,1,0,5,3,0,490,9483,8,8
2021-01-01,Germany,1,0,0,3,0,0,0,490,9483,8,8
2021-01-01,Germany,1,1,1,1,0,0,0,490,9483,8,8
2021-01-01,Germany,1,1,0,0,93,36,2,490,9483,8,8
2021-01-01,Germany,1,1,1,0,3,3,0,490,9483,8,8
2021-01-01,Germany,2,1,0,0,6,2,0,490,9483,8,8
2021-01-02,Germany,1,0,0,2,0,0,0,490,9483,8,8
2021-01-02,Germany,1,1,0,2,0,0,0,490,9483,8,8
2021-01-02,Germany,1,1,1,1,0,0,0,490,9483,8,8
2021-01-02,Germany,1,1,0,0,100,30,1,490,9483,8,8
2021-01-02,Germany,1,1,1,0,6,6,1,490,9483,8,8
2021-01-02,Germany,2,1,0,0,4,4,0,490,9483,8,8
2021-01-02,Germany,1,0,0,0,1,0,0,490,9483,8,8
2021-01-03,Germany,1,1,0,2,0,0,0,490,9483,8,8
2021-01-03,Germany,1,1,1,1,0,0,0,490,9483,8,8
2021-01-03,Germany,1,1,0,0,104,31,0,490,9483,8,8
2021-01-03,Germany,1,1,1,0,6,4,0,490,9483,8,8
2021-01-03,Germany,2,1,0,0,6,1,0,490,9483,8,8
2021-01-04,Germany,1,1,0,6,0,0,0,490,9483,8,8
2021-01-04,Germany,1,1,0,0,113,29,2,490,9483,8,8
2021-01-04,Germany,1,1,1,0,3,0,0,490,9483,8,8
2021-01-04,Germany,2,1,0,0,4,0,0,490,9483,8,8
2021-01-05,Germany,1,1,0,5,0,0,0,490,9483,8,8
2021-01-05,Germany,1,1,1,3,0,0,0,490,9483,8,8
2021-01-05,Germany,1,1,0,0,115,28,2,490,9483,8,8
2021-01-05,Germany,1,1,1,0,3,0,0,490,9483,8,8
2021-01-05,Germany,2,1,0,0,6,1,0,490,9483,8,8
2021-01-05,Germany,1,0,0,0,1,1,0,490,9483,8,8
2021-01-06,Germany,1,0,0,1,0,0,0,490,9483,8,8
2021-01-06,Germany,1,1,0,1,0,0,0,490,9483,8,8
2021-01-06,Germany,1,1,0,0,118,40,1,490,9483,8,8
2021-01-06,Germany,1,1,1,0,3,1,0,490,9483,8,8
2021-01-06,Germany,2,1,0,0,4,4,0,490,9483,8,8
2021-01-06,Germany,1,0,0,0,1,0,0,490,9483,8,8
2021-01-07,Germany,1,0,0,2,0,0,0,490,9483,8,8
2021-01-07,Germany,1,1,0,6,0,0,0,490,9483,8,8
2021-01-07,Germany,1,1,1,1,0,0,0,490,9483,8,8
2021-01-07,Germany,1,1,0,0,124,39,3,490,9483,8,8
2021-01-07,Germany,2,1,0,0,6,0,0,490,9483,8,8
2021-01-07,Germany,1,1,1,0,1,0,0,490,9483,8,8
2021-01-08,Germany,1,0,0,4,0,0,0,490,9483,8,8
2021-01-08,Germany,1,1,0,8,0,0,0,490,9483,8,8
2021-01-08,Germany,1,0,1,1,0,0,0,490,9483,8,8
2021-01-08,Germany,1,1,1,3,0,0,0,490,9483,8,8
2021-01-08,Germany,1,1,0,0,135,50,5,490,9483,8,8
2021-01-08,Germany,1,1,1,0,4,4,1,490,9483,8,8
2021-01-08,Germany,2,1,0,0,4,0,0,490,9483,8,8
2021-01-08,Germany,1,0,0,0,1,1,0,490,9483,8,8
2021-01-09,Germany,1,0,0,1,0,0,0,490,9483,8,8
2021-01-09,Germany,1,1,0,2,0,0,0,490,9483,8,8
2021-01-09,Germany,1,1,1,1,0,0,0,490,9483,8,8
2021-01-09,Germany,1,1,0,0,136,51,2,490,9483,8,8
2021-01-09,Germany,2,1,0,0,6,0,0,490,9483,8,8
2021-01-09,Germany,1,0,0,0,1,0,0,490,9483,8,8
2021-01-09,Germany,1,1,1,0,4,4,0,490,9483,8,8
2021-01-10,Germany,1,0,0,2,0,0,0,490,9483,8,8
2021-01-10,Germany,1,1,0,2,0,0,0,490,9483,8,8
2021-01-10,Germany,1,1,1,1,0,0,0,490,9483,8,8
2021-01-10,Germany,1,1,1,0,5,5,0,490,9483,8,8
2021-01-10,Germany,1,1,0,0,145,52,2,490,9483,8,8
2021-01-10,Germany,2,1,0,0,4,0,0,490,9483,8,8
2021-01-11,Germany,1,0,0,1,0,0,0,490,9483,8,8
2021-01-11,Germany,1,1,0,4,0,0,0,490,9483,8,8
2021-01-11,Germany,1,1,0,0,159,47,5,490,9483,8,8
2021-01-11,Germany,1,1,1,0,5,5,0,490,9483,8,8
2021-01-11,Germany,2,1,0,0,7,4,0,490,9483,8,8
2021-01-11,Germany,1,0,0,0,1,1,0,490,9483,8,8
2021-01-12,Germany,1,0,0,2,0,0,0,490,9483,8,8
2021-01-12,Germany,1,1,0,6,0,0,0,490,9483,8,8
2021-01-12,Germany,7,1,1,1,0,0,0,490,9483,8,8
2021-01-12,Germany,1,1,0,0,166,58,4,490,9483,8,8
2021-01-12,Germany,1,1,1,0,5,5,1,490,9483,8,8
2021-01-12,Germany,2,1,0,0,4,0,0,490,9483,8,8
2021-01-12,Germany,7,1,1,0,2,2,1,490,9483,8,8
2021-01-12,Germany,1,0,0,0,1,1,0,490,9483,8,8
2021-01-13,Germany,1,0,0,3,0,0,0,490,9483,8,8
2021-01-13,Germany,1,1,0,3,0,0,0,490,9483,8,8
2021-01-13,Germany,1,1,1,1,0,0,0,490,9483,8,8
2021-01-13,Germany,1,1,0,0,149,43,5,490,9483,8,8
2021-01-13,Germany,1,1,1,0,2,2,0,490,9483,8,8
2021-01-13,Germany,7,1,1,0,3,1,0,490,9483,8,8
2021-01-13,Germany,1,0,0,0,1,0,0,490,9483,8,8
2021-01-14,Germany,1,0,0,1,0,0,0,490,9483,8,8
2021-01-14,Germany,1,1,0,9,0,0,0,490,9483,8,8
2021-01-14,Germany,1,0,1,1,0,0,0,490,9483,8,8
2021-01-14,Germany,1,1,0,0,144,29,3,490,9483,8,8
2021-01-14,Germany,7,1,1,0,3,0,0,490,9483,8,8
2021-01-15,Germany,1,1,0,4,0,0,0,490,9483,8,8
2021-01-15,Germany,1,1,0,0,136,25,3,490,9483,8,8
2021-01-15,Germany,1,0,0,0,1,1,0,490,9483,8,8
2021-01-15,Germany,7,1,1,0,4,0,0,490,9483,8,8
2021-01-16,Germany,1,0,0,2,0,0,0,490,9483,8,8
2021-01-16,Germany,1,1,0,1,0,0,0,490,9483,8,8
2021-01-16,Germany,1,1,1,1,0,0,0,490,9483,8,8
2021-01-16,Germany,1,1,0,0,135,28,1,490,9483,8,8
2021-01-16,Germany,1,0,0,0,3,1,0,490,9483,8,8
2021-01-16,Germany,1,1,1,0,2,2,0,490,9483,8,8
2021-01-16,Germany,7,1,1,0,3,0,0,490,9483,8,8
2021-01-17,Germany,1,0,0,2,0,0,0,490,9483,8,8
2021-01-17,Germany,1,1,0,0,120,34,5,490,9483,8,8
2021-01-17,Germany,1,0,0,0,3,0,0,490,9483,8,8
2021-01-17,Germany,7,1,1,0,3,1,0,490,9483,8,8
2021-01-18,Germany,1,0,0,2,0,0,0,490,9483,8,8
2021-01-18,Germany,1,1,0,1,0,0,0,490,9483,8,8
2021-01-18,Germany,1,1,0,0,111,39,10,490,9483,8,8
2021-01-18,Germany,7,1,1,0,4,1,0,490,9483,8,8
2021-01-19,Germany,1,0,0,1,0,0,0,490,9483,8,8
2021-01-19,Germany,1,1,0,3,0,0,0,490,9483,8,8
2021-01-19,Germany,1,1,0,0,98,33,7,490,9483,8,8
2021-01-19,Germany,7,1,1,0,4,0,0,490,9483,8,8
2021-01-19,Germany,1,0,0,0,1,0,0,490,9483,8,8
2021-01-20,Germany,1,0,0,1,0,0,0,490,9483,8,8
2021-01-20,Germany,1,1,0,3,0,0,0,490,9483,8,8
2021-01-20,Germany,1,1,0,0,97,31,6,490,9483,8,8
2021-01-20,Germany,7,1,1,0,3,1,0,490,9483,8,8
2021-01-21,Germany,1,0,0,1,0,0,0,490,9483,8,8
2021-01-21,Germany,1,1,0,3,0,0,0,490,9483,8,8
2021-01-21,Germany,1,1,0,0,110,35,9,490,9483,8,8
2021-01-21,Germany,7,1,1,0,3,0,0,490,9483,8,8
2021-01-22,Germany,1,0,0,2,0,0,0,490,9483,8,8
2021-01-22,Germany,1,1,0,5,0,0,0,490,9483,8,8
2021-01-22,Germany,1,1,0,0,120,48,5,490,9483,8,8
2021-01-22,Germany,7,1,1,0,3,0,0,490,9483,8,8
2021-01-23,Germany,1,0,0,1,0,0,0,490,9483,8,8
2021-01-23,Germany,1,1,0,4,0,0,0,490,9483,8,8
2021-01-23,Germany,1,1,0,0,105,34,10,490,9483,8,8
2021-01-23,Germany,7,1,1,0,3,0,0,490,9483,8,8
2021-01-24,Germany,1,0,0,3,0,0,0,490,9483,8,8
2021-01-24,Germany,1,1,0,4,0,0,0,490,9483,8,8
2021-01-24,Germany,1,1,0,0,96,33,6,490,9483,8,8
2021-01-24,Germany,7,1,1,0,3,0,0,490,9483,8,8
2021-01-25,Germany,1,0,0,2,0,0,0,490,9483,8,8
2021-01-25,Germany,1,1,0,4,0,0,0,490,9483,8,8
2021-01-25,Germany,1,0,1,1,0,0,0,490,9483,8,8
2021-01-25,Germany,1,1,1,1,0,0,0,490,9483,8,8
2021-01-25,Germany,1,1,0,0,95,42,6,490,9483,8,8
2021-01-25,Germany,1,1,1,0,5,3,1,490,9483,8,8
2021-01-25,Germany,7,1,1,0,4,2,0,490,9483,8,8
2021-01-25,Germany,1,0,1,0,1,0,0,490,9483,8,8
2021-01-26,Germany,1,0,0,1,0,0,0,490,9483,8,8
2021-01-26,Germany,1,1,0,3,0,0,0,490,9483,8,8
2021-01-26,Germany,1,1,0,0,90,39,7,490,9483,8,8
2021-01-26,Germany,1,1,1,0,5,1,0,490,9483,8,8
2021-01-26,Germany,7,1,1,0,4,0,0,490,9483,8,8
2021-01-27,Germany,1,1,0,4,0,0,0,490,9483,8,8
2021-01-27,Germany,1,1,1,1,0,0,0,490,9483,8,8
2021-01-27,Germany,1,1,0,0,82,27,6,490,9483,8,8
2021-01-27,Germany,1,1,1,0,5,2,0,490,9483,8,8
2021-01-27,Germany,1,0,0,0,1,0,0,490,9483,8,8
2021-01-27,Germany,7,1,1,0,3,0,0,490,9483,8,8
2021-01-28,Germany,1,1,0,0,73,23,3,490,9483,8,8
2021-01-28,Germany,1,1,1,0,5,1,0,490,9483,8,8
2021-01-28,Germany,1,0,1,0,1,0,0,490,9483,8,8
2021-01-28,Germany,7,1,1,0,3,0,0,490,9483,8,8
2021-01-29,Germany,1,1,0,0,74,23,4,490,9483,8,8
2021-01-29,Germany,1,1,1,0,10,3,0,490,9483,8,8
2021-01-29,Germany,7,1,1,0,3,3,0,490,9483,8,8
2021-01-30,Germany,1,1,1,0,5,3,0,490,9483,8,8
2021-01-30,Germany,1,1,0,0,68,24,8,490,9483,8,8
2021-01-30,Germany,7,1,1,0,3,0,0,490,9483,8,8
2021-01-31,Germany,1,1,1,0,5,3,0,490,9483,8,8
2021-01-31,Germany,1,1,0,0,66,17,3,490,9483,8,8
2021-01-31,Germany,7,1,1,0,3,1,0,490,9483,8,8
2021-02-01,Germany,1,1,1,0,5,2,0,490,9483,8,8
2021-02-01,Germany,1,1,0,0,64,19,0,490,9483,8,8
2021-02-01,Germany,7,1,1,0,1,1,0,490,9483,8,8
2021-02-02,Germany,1,1,1,0,5,1,0,490,9483,8,8
2021-02-02,Germany,1,1,0,0,65,16,6,490,9483,8,8
2021-02-03,Germany,1,1,1,0,5,3,0,490,9483,8,8
2021-02-03,Germany,1,1,0,0,58,12,3,490,9483,8,8
2021-02-04,Germany,1,1,1,0,5,5,0,490,9483,8,8
2021-02-04,Germany,1,1,0,0,58,12,3,490,9483,8,8
2021-02-05,Germany,1,1,1,0,5,5,0,490,9483,8,8
2021-02-05,Germany,1,1,0,0,66,12,1,490,9483,8,8
2021-02-06,Germany,1,1,0,0,56,15,4,490,9483,8,8
2021-02-06,Germany,1,1,1,0,1,1,0,490,9483,8,8
2021-02-07,Germany,1,1,0,0,48,11,1,490,9483,8,8
2021-02-08,Germany,1,1,0,0,51,18,3,490,9483,8,8
2021-02-09,Germany,1,1,0,0,51,18,3,490,9483,8,8
2021-02-10,Germany,1,1,0,0,57,20,6,490,9483,8,8
2021-02-11,Germany,1,1,0,0,60,19,2,490,9483,8,8
2021-02-12,Germany,1,1,0,0,57,18,4,490,9483,8,8
2021-02-13,Germany,1,1,0,0,49,21,4,490,9483,8,8
2021-02-14,Germany,1,1,0,0,49,17,0,490,9483,8,8
2021-02-15,Germany,1,1,0,0,51,21,3,490,9483,8,8
2021-02-16,Germany,1,1,0,0,52,20,2,490,9483,8,8
2021-02-17,Germany,1,1,0,0,53,16,1,490,9483,8,8
2021-02-18,Germany,1,1,0,0,50,20,3,490,9483,8,8
2021-02-19,Germany,1,1,0,0,46,16,1,490,9483,8,8
2021-02-20,Germany,1,1,0,0,41,14,6,490,9483,8,8
2021-02-21,Germany,1,1,0,0,41,12,2,490,9483,8,8
2021-02-22,Germany,1,1,0,0,30,5,1,490,9483,8,8
2021-02-23,Germany,1,1,0,0,26,3,0,490,9483,8,8
2021-02-24,Germany,1,1,0,0,16,0,0,490,9483,8,8
2021-02-25,Germany,1,1,0,0,14,0,0,490,9483,8,8
2020-11-01,India,1,0,0,7,0,0,0,2687,51189,2,2
2020-11-01,India,1,1,0,9,0,0,0,2687,51189,2,2
2020-11-01,India,7,1,0,1,0,0,0,2687,51189,2,2
2020-11-01,India,1,1,1,5,0,0,0,2687,51189,2,2
2020-11-01,India,1,1,0,0,4,2,1,2687,51189,2,2
2020-11-01,India,7,1,0,0,8,4,0,2687,51189,2,2
2020-11-01,India,1,0,0,0,2,0,0,2687,51189,2,2
2020-11-02,India,1,0,0,9,0,0,0,2687,51189,2,2
2020-11-02,India,1,1,0,15,0,0,0,2687,51189,2,2
2020-11-02,India,1,1,1,8,0,0,0,2687,51189,2,2
2020-11-02,India,1,1,0,0,24,10,3,2687,51189,2,2
2020-11-02,India,1,1,1,0,3,3,0,2687,51189,2,2
2020-11-02,India,7,1,0,0,3,0,0,2687,51189,2,2
2020-11-02,India,1,0,0,0,7,0,0,2687,51189,2,2
2020-11-03,India,1,0,0,12,0,0,0,2687,51189,2,2
2020-11-03,India,1,1,0,24,0,0,0,2687,51189,2,2
2020-11-03,India,1,1,1,9,0,0,0,2687,51189,2,2
2020-11-03,India,3,1,1,1,0,0,0,2687,51189,2,2
2020-11-03,India,1,1,1,0,7,6,0,2687,51189,2,2
2020-11-03,India,1,1,0,0,63,28,3,2687,51189,2,2
2020-11-03,India,7,1,0,0,2,0,0,2687,51189,2,2
2020-11-03,India,1,0,0,0,8,6,0,2687,51189,2,2
2020-11-04,India,1,0,0,6,0,0,0,2687,51189,2,2
2020-11-04,India,1,1,0,14,0,0,0,2687,51189,2,2
2020-11-04,India,1,0,1,1,0,0,0,2687,51189,2,2
2020-11-04,India,1,1,1,3,0,0,0,2687,51189,2,2
2020-11-04,India,1,1,0,0,90,38,8,2687,51189,2,2
2020-11-04,India,1,1,1,0,7,4,0,2687,51189,2,2
2020-11-04,India,1,0,0,0,3,0,0,2687,51189,2,2
2020-11-04,India,7,1,0,0,1,0,0,2687,51189,2,2
2020-11-04,India,1,0,1,0,1,0,0,2687,51189,2,2
2020-11-05,India,1,0,0,9,0,0,0,2687,51189,2,2
2020-11-05,India,1,1,0,13,0,0,0,2687,51189,2,2
2020-11-05,India,1,1,1,5,0,0,0,2687,51189,2,2
2020-11-05,India,1,1,0,0,111,51,10,2687,51189,2,2
2020-11-05,India,1,1,1,0,4,3,0,2687,51189,2,2
2020-11-05,India,1,0,0,0,3,0,0,2687,51189,2,2
2020-11-05,India,7,1,0,0,1,0,0,2687,51189,2,2
2020-11-06,India,1,0,0,12,0,0,0,2687,51189,2,2
2020-11-06,India,1,1,0,14,0,0,0,2687,51189,2,2
2020-11-06,India,1,0,1,1,0,0,0,2687,51189,2,2
2020-11-06,India,1,1,1,3,0,0,0,2687,51189,2,2
2020-11-06,India,1,1,0,0,117,61,15,2687,51189,2,2
2020-11-06,India,1,1,1,0,6,5,1,2687,51189,2,2
2020-11-06,India,1,0,0,0,12,5,0,2687,51189,2,2
2020-11-06,India,7,1,0,0,2,0,0,2687,51189,2,2
2020-11-07,India,1,0,0,9,0,0,0,2687,51189,2,2
2020-11-07,India,1,1,0,12,0,0,0,2687,51189,2,2
2020-11-07,India,2,1,1,1,0,0,0,2687,51189,2,2
2020-11-07,India,1,1,1,1,0,0,0,2687,51189,2,2
2020-11-07,India,1,1,0,0,135,57,14,2687,51189,2,2
2020-11-07,India,1,1,1,0,5,3,0,2687,51189,2,2
2020-11-07,India,1,0,1,0,1,0,0,2687,51189,2,2
2020-11-07,India,1,0,0,0,4,0,0,2687,51189,2,2
2020-11-07,India,7,1,0,0,2,0,0,2687,51189,2,2
2020-11-08,India,1,0,0,1,0,0,0,2687,51189,2,2
2020-11-08,India,1,1,0,13,0,0,0,2687,51189,2,2
2020-11-08,India,1,1,1,2,0,0,0,2687,51189,2,2
2020-11-08,India,1,1,0,0,141,64,9,2687,51189,2,2
2020-11-08,India,1,1,1,0,15,8,1,2687,51189,2,2
2020-11-08,India,7,1,0,0,3,0,0,2687,51189,2,2
2020-11-09,India,1,0,0,5,0,0,0,2687,51189,2,2
2020-11-09,India,1,1,0,18,0,0,0,2687,51189,2,2
2020-11-09,India,1,1,1,4,0,0,0,2687,51189,2,2
2020-11-09,India,1,1,0,0,171,82,17,2687,51189,2,2
2020-11-09,India,1,1,1,0,22,10,1,2687,51189,2,2
2020-11-09,India,1,0,0,0,5,0,0,2687,51189,2,2
2020-11-09,India,7,1,0,0,2,0,0,2687,51189,2,2
2020-11-10,India,1,0,0,9,0,0,0,2687,51189,2,2
2020-11-10,India,1,1,0,12,0,0,0,2687,51189,2,2
2020-11-10,India,1,0,1,1,0,0,0,2687,51189,2,2
2020-11-10,India,1,1,1,4,0,0,0,2687,51189,2,2
2020-11-10,India,1,1,0,0,189,84,19,2687,51189,2,2
2020-11-10,India,1,1,1,0,19,5,1,2687,51189,2,2
2020-11-10,India,1,0,0,0,3,1,0,2687,51189,2,2
2020-11-10,India,7,1,0,0,1,0,0,2687,51189,2,2
2020-11-11,India,1,0,0,7,0,0,0,2687,51189,2,2
2020-11-11,India,1,1,0,15,0,0,0,2687,51189,2,2
2020-11-11,India,1,1,1,3,0,0,0,2687,51189,2,2
2020-11-11,India,1,1,1,0,19,6,0,2687,51189,2,2
2020-11-11,India,1,1,0,0,197,82,12,2687,51189,2,2
2020-11-11,India,7,1,0,0,2,0,0,2687,51189,2,2
2020-11-11,India,1,0,0,0,3,1,0,2687,51189,2,2
2020-11-12,India,1,0,0,7,0,0,0,2687,51189,2,2
2020-11-12,India,1,1,0,17,0,0,0,2687,51189,2,2
2020-11-12,India,1,0,1,1,0,0,0,2687,51189,2,2
2020-11-12,India,1,1,1,4,0,0,0,2687,51189,2,2
2020-11-12,India,1,1,0,0,213,82,12,2687,51189,2,2
2020-11-12,India,1,1,1,0,10,5,2,2687,51189,2,2
2020-11-12,India,1,0,0,0,1,0,0,2687,51189,2,2
2020-11-12,India,7,1,0,0,1,0,0,2687,51189,2,2
2020-11-13,India,1,0,0,5,0,0,0,2687,51189,2,2
2020-11-13,India,1,1,0,15,0,0,0,2687,51189,2,2
2020-11-13,India,1,1,1,2,0,0,0,2687,51189,2,2
2020-11-13,India,1,1,0,0,222,98,16,2687,51189,2,2
2020-11-13,India,1,1,1,0,13,9,0,2687,51189,2,2
2020-11-13,India,1,0,0,0,4,3,0,2687,51189,2,2
2020-11-14,India,1,0,0,6,0,0,0,2687,51189,2,2
2020-11-14,India,1,1,0,11,0,0,0,2687,51189,2,2
2020-11-14,India,1,1,1,2,0,0,0,2687,51189,2,2
2020-11-14,India,1,1,0,0,236,90,10,2687,51189,2,2
2020-11-14,India,1,1,1,0,11,4,2,2687,51189,2,2
2020-11-14,India,1,0,0,0,6,4,0,2687,51189,2,2
2020-11-15,India,1,0,0,4,0,0,0,2687,51189,2,2
2020-11-15,India,1,1,0,13,0,0,0,2687,51189,2,2
2020-11-15,India,1,1,1,4,0,0,0,2687,51189,2,2
2020-11-15,India,1,1,0,0,266,99,13,2687,51189,2,2
2020-11-15,India,1,1,1,0,11,3,1,2687,51189,2,2
2020-11-16,India,1,0,0,4,0,0,0,2687,51189,2,2
2020-11-16,India,1,1,0,13,0,0,0,2687,51189,2,2
2020-11-16,India,1,0,1,3,0,0,0,2687,51189,2,2
2020-11-16,India,1,1,1,6,0,0,0,2687,51189,2,2
2020-11-16,India,1,1,0,0,277,97,22,2687,51189,2,2
2020-11-16,India,1,1,1,0,24,17,4,2687,51189,2,2
2020-11-16,India,1,0,0,0,4,2,0,2687,51189,2,2
2020-11-17,India,1,0,0,5,0,0,0,2687,51189,2,2
2020-11-17,India,1,1,0,14,0,0,0,2687,51189,2,2
2020-11-17,India,1,1,1,5,0,0,0,2687,51189,2,2
2020-11-17,India,7,1,1,1,0,0,0,2687,51189,2,2
2020-11-17,India,1,1,0,0,279,104,18,2687,51189,2,2
2020-11-17,India,1,1,1,0,23,15,2,2687,51189,2,2
2020-11-17,India,1,0,0,0,4,2,0,2687,51189,2,2
2020-11-17,India,7,1,1,0,2,2,2,2687,51189,2,2
2020-11-18,India,1,0,0,7,0,0,0,2687,51189,2,2
2020-11-18,India,1,1,0,18,0,0,0,2687,51189,2,2
2020-11-18,India,1,0,1,2,0,0,0,2687,51189,2,2
2020-11-18,India,1,1,1,5,0,0,0,2687,51189,2,2
2020-11-18,India,7,1,1,0,9,7,5,2687,51189,2,2
2020-11-18,India,1,1,0,0,306,114,22,2687,51189,2,2
2020-11-18,India,1,1,1,0,17,3,0,2687,51189,2,2
2020-11-18,India,1,0,0,0,4,0,0,2687,51189,2,2
2020-11-19,India,1,0,0,8,0,0,0,2687,51189,2,2
2020-11-19,India,1,1,0,16,0,0,0,2687,51189,2,2
2020-11-19,India,1,0,1,1,0,0,0,2687,51189,2,2
2020-11-19,India,1,1,1,4,0,0,0,2687,51189,2,2
2020-11-19,India,1,1,0,0,311,116,18,2687,51189,2,2
2020-11-19,India,7,1,1,0,7,0,0,2687,51189,2,2
2020-11-19,India,1,1,1,0,20,8,0,2687,51189,2,2
2020-11-19,India,1,0,0,0,4,1,0,2687,51189,2,2
2020-11-19,India,1,0,1,0,2,0,0,2687,51189,2,2
2020-11-20,India,1,0,0,11,0,0,0,2687,51189,2,2
2020-11-20,India,1,1,0,22,0,0,0,2687,51189,2,2
2020-11-20,India,1,0,1,3,0,0,0,2687,51189,2,2
2020-11-20,India,1,1,1,5,0,0,0,2687,51189,2,2
2020-11-20,India,1,1,1,0,35,9,1,2687,51189,2,2
2020-11-20,India,1,1,0,0,333,106,13,2687,51189,2,2
2020-11-20,India,7,1,1,0,10,5,1,2687,51189,2,2
2020-11-20,India,1,0,0,0,3,1,0,2687,51189,2,2
2020-11-21,India,1,0,0,6,0,0,0,2687,51189,2,2
2020-11-21,India,1,1,0,15,0,0,0,2687,51189,2,2
2020-11-21,India,1,1,1,3,0,0,0,2687,51189,2,2
2020-11-21,India,1,1,0,0,352,114,12,2687,51189,2,2
2020-11-21,India,1,1,1,0,31,14,0,2687,51189,2,2
2020-11-21,India,1,0,0,0,5,1,0,2687,51189,2,2
2020-11-22,India,1,0,0,5,0,0,0,2687,51189,2,2
2020-11-22,India,1,1,0,17,0,0,0,2687,51189,2,2
2020-11-22,India,1,0,1,1,0,0,0,2687,51189,2,2
2020-11-22,India,1,1,1,3,0,0,0,2687,51189,2,2
2020-11-22,India,1,1,0,0,376,125,16,2687,51189,2,2
2020-11-22,India,1,1,1,0,39,18,2,2687,51189,2,2
2020-11-22,India,1,0,0,0,7,4,0,2687,51189,2,2
2020-11-22,India,1,0,1,0,1,0,0,2687,51189,2,2
2020-11-23,India,1,0,0,5,0,0,0,2687,51189,2,2
2020-11-23,India,1,1,0,19,0,0,0,2687,51189,2,2
2020-11-23,India,1,0,1,1,0,0,0,2687,51189,2,2
2020-11-23,India,1,1,1,2,0,0,0,2687,51189,2,2
2020-11-23,India,7,1,1,1,0,0,0,2687,51189,2,2
2020-11-23,India,1,1,0,0,387,132,17,2687,51189,2,2
2020-11-23,India,1,1,1,0,40,24,3,2687,51189,2,2
2020-11-23,India,1,0,0,0,4,2,0,2687,51189,2,2
2020-11-24,India,1,0,0,11,0,0,0,2687,51189,2,2
2020-11-24,India,1,1,0,17,0,0,0,2687,51189,2,2
2020-11-24,India,1,0,1,1,0,0,0,2687,51189,2,2
2020-11-24,India,1,1,1,6,0,0,0,2687,51189,2,2
2020-11-24,India,1,1,0,0,413,147,25,2687,51189,2,2
2020-11-24,India,1,1,1,0,34,25,3,2687,51189,2,2
2020-11-24,India,1,0,0,0,6,2,0,2687,51189,2,2
2020-11-25,India,1,0,0,15,0,0,0,2687,51189,2,2
2020-11-25,India,1,1,0,24,0,0,0,2687,51189,2,2
2020-11-25,India,1,0,1,2,0,0,0,2687,51189,2,2
2020-11-25,India,1,1,1,2,0,0,0,2687,51189,2,2
2020-11-25,India,1,1,0,0,418,156,18,2687,51189,2,2
2020-11-25,India,1,1,1,0,42,24,1,2687,51189,2,2
2020-11-25,India,1,0,0,0,11,8,0,2687,51189,2,2
2020-11-25,India,1,0,1,0,1,0,0,2687,51189,2,2
2020-11-26,India,1,0,0,13,0,0,0,2687,51189,2,2
2020-11-26,India,1,1,0,9,0,0,0,2687,51189,2,2
2020-11-26,India,1,0,1,1,0,0,0,2687,51189,2,2
2020-11-26,India,1,1,1,1,0,0,0,2687,51189,2,2
2020-11-26,India,1,1,0,0,436,130,18,2687,51189,2,2
2020-11-26,India,1,1,1,0,46,25,1,2687,51189,2,2
2020-11-26,India,1,0,0,0,10,3,0,2687,51189,2,2
2020-11-26,India,1,0,1,0,3,1,1,2687,51189,2,2
2020-11-27,India,1,0,0,9,0,0,0,2687,51189,2,2
2020-11-27,India,1,1,0,13,0,0,0,2687,51189,2,2
2020-11-27,India,1,1,1,4,0,0,0,2687,51189,2,2
2020-11-27,India,7,1,1,1,0,0,0,2687,51189,2,2
2020-11-27,India,1,0,1,0,5,0,0,2687,51189,2,2
2020-11-27,India,1,1,0,0,442,132,16,2687,51189,2,2
2020-11-27,India,1,1,1,0,45,26,2,2687,51189,2,2
2020-11-27,India,1,0,0,0,10,2,0,2687,51189,2,2
2020-11-27,India,7,1,1,0,6,0,0,2687,51189,2,2
2020-11-28,India,1,0,0,5,0,0,0,2687,51189,2,2
2020-11-28,India,1,1,0,13,0,0,0,2687,51189,2,2
2020-11-28,India,1,0,1,1,0,0,0,2687,51189,2,2
2020-11-28,India,1,1,1,5,0,0,0,2687,51189,2,2
2020-11-28,India,1,1,1,0,52,35,12,2687,51189,2,2
2020-11-28,India,1,1,0,0,450,143,16,2687,51189,2,2
2020-11-28,India,7,1,1,0,7,1,0,2687,51189,2,2
2020-11-28,India,1,0,1,0,6,0,0,2687,51189,2,2
2020-11-28,India,1,0,0,0,4,2,0,2687,51189,2,2
2020-11-29,India,1,0,0,7,0,0,0,2687,51189,2,2
2020-11-29,India,1,1,0,14,0,0,0,2687,51189,2,2
2020-11-29,India,3,1,0,1,0,0,0,2687,51189,2,2
2020-11-29,India,1,0,1,1,0,0,0,2687,51189,2,2
2020-11-29,India,1,1,1,3,0,0,0,2687,51189,2,2
2020-11-29,India,1,1,0,0,448,141,20,2687,51189,2,2
2020-11-29,India,1,1,1,0,49,31,4,2687,51189,2,2
2020-11-29,India,7,1,1,0,7,0,0,2687,51189,2,2
2020-11-29,India,1,0,1,0,5,0,0,2687,51189,2,2
2020-11-29,India,1,0,0,0,5,1,0,2687,51189,2,2
2020-11-29,India,3,1,0,0,2,1,1,2687,51189,2,2
2020-11-30,India,1,0,0,15,0,0,0,2687,51189,2,2
2020-11-30,India,1,1,0,22,0,0,0,2687,51189,2,2
2020-11-30,India,7,1,0,1,0,0,0,2687,51189,2,2
2020-11-30,India,1,1,1,4,0,0,0,2687,51189,2,2
2020-11-30,India,1,1,0,0,462,149,19,2687,51189,2,2
2020-11-30,India,3,1,0,0,3,3,3,2687,51189,2,2
2020-11-30,India,1,1,1,0,45,28,2,2687,51189,2,2
2020-11-30,India,7,1,1,0,7,0,0,2687,51189,2,2
2020-11-30,India,1,0,1,0,6,3,3,2687,51189,2,2
2020-11-30,India,1,0,0,0,6,2,0,2687,51189,2,2
2020-12-01,India,1,0,0,8,0,0,0,2687,51189,2,2
2020-12-01,India,1,1,0,13,0,0,0,2687,51189,2,2
2020-12-01,India,1,1,1,7,0,0,0,2687,51189,2,2
2020-12-01,India,1,1,0,0,480,156,17,2687,51189,2,2
2020-12-01,India,3,1,0,0,3,2,1,2687,51189,2,2
2020-12-01,India,1,1,1,0,35,23,1,2687,51189,2,2
2020-12-01,India,1,0,1,0,6,3,3,2687,51189,2,2
2020-12-01,India,7,1,1,0,8,8,0,2687,51189,2,2
2020-12-01,India,1,0,0,0,3,3,0,2687,51189,2,2
2020-12-02,India,1,0,0,11,0,0,0,2687,51189,2,2
2020-12-02,India,1,1,0,22,0,0,0,2687,51189,2,2
2020-12-02,India,1,1,1,3,0,0,0,2687,51189,2,2
2020-12-02,India,1,1,0,0,502,171,21,2687,51189,2,2
2020-12-02,India,3,1,0,0,3,0,0,2687,51189,2,2
2020-12-02,India,1,1,1,0,32,15,1,2687,51189,2,2
2020-12-02,India,1,0,1,0,7,1,1,2687,51189,2,2
2020-12-02,India,1,0,0,0,5,0,0,2687,51189,2,2
2020-12-03,India,1,0,0,8,0,0,0,2687,51189,2,2
2020-12-03,India,1,1,0,17,0,0,0,2687,51189,2,2
2020-12-03,India,1,0,1,2,0,0,0,2687,51189,2,2
2020-12-03,India,1,1,1,7,0,0,0,2687,51189,2,2
2020-12-03,India,1,1,0,0,539,168,5,2687,51189,2,2
2020-12-03,India,3,1,0,0,3,0,0,2687,51189,2,2
2020-12-03,India,1,1,1,0,23,8,0,2687,51189,2,2
2020-12-03,India,1,0,0,0,4,1,0,2687,51189,2,2
2020-12-03,India,1,0,1,0,1,0,0,2687,51189,2,2
2020-12-04,India,1,0,0,12,0,0,0,2687,51189,2,2
2020-12-04,India,1,1,0,23,0,0,0,2687,51189,2,2
2020-12-04,India,7,1,0,1,0,0,0,2687,51189,2,2
2020-12-04,India,1,1,1,7,0,0,0,2687,51189,2,2
2020-12-04,India,1,1,0,0,542,185,15,2687,51189,2,2
2020-12-04,India,3,1,0,0,3,1,1,2687,51189,2,2
2020-12-04,India,1,1,1,0,21,8,3,2687,51189,2,2
2020-12-04,India,1,0,0,0,4,3,0,2687,51189,2,2
2020-12-04,India,1,0,1,0,1,0,0,2687,51189,2,2
2020-12-05,India,1,0,0,2,0,0,0,2687,51189,2,2
2020-12-05,India,1,1,0,10,0,0,0,2687,51189,2,2
2020-12-05,India,1,1,1,4,0,0,0,2687,51189,2,2
2020-12-05,India,1,1,1,0,19,8,1,2687,51189,2,2
2020-12-05,India,1,1,0,0,545,169,22,2687,51189,2,2
2020-12-05,India,3,1,0,0,3,0,0,2687,51189,2,2
2020-12-05,India,1,0,0,0,3,1,0,2687,51189,2,2
2020-12-06,India,1,0,0,11,0,0,0,2687,51189,2,2
2020-12-06,India,1,1,0,13,0,0,0,2687,51189,2,2
2020-12-06,India,1,1,1,5,0,0,0,2687,51189,2,2
2020-12-06,India,1,1,1,0,28,8,3,2687,51189,2,2
2020-12-06,India,1,1,0,0,506,141,9,2687,51189,2,2
2020-12-06,India,3,1,0,0,4,3,2,2687,51189,2,2
2020-12-06,India,1,0,0,0,8,0,0,2687,51189,2,2
2020-12-06,India,1,0,1,0,1,0,0,2687,51189,2,2
2020-12-07,India,1,0,0,15,0,0,0,2687,51189,2,2
2020-12-07,India,1,1,0,32,0,0,0,2687,51189,2,2
2020-12-07,India,1,1,1,9,0,0,0,2687,51189,2,2
2020-12-07,India,1,1,0,0,519,180,16,2687,51189,2,2
2020-12-07,India,1,1,1,0,28,10,4,2687,51189,2,2
2020-12-07,India,3,1,0,0,2,2,1,2687,51189,2,2
2020-12-07,India,1,0,0,0,10,4,0,2687,51189,2,2
2020-12-08,India,1,0,0,19,0,0,0,2687,51189,2,2
2020-12-08,India,1,1,0,33,0,0,0,2687,51189,2,2
2020-12-08,India,3,1,0,1,0,0,0,2687,51189,2,2
2020-12-08,India,7,1,0,1,0,0,0,2687,51189,2,2
2020-12-08,India,1,0,1,2,0,0,0,2687,51189,2,2
2020-12-08,India,1,1,1,8,0,0,0,2687,51189,2,2
2020-12-08,India,1,1,0,0,559,186,26,2687,51189,2,2
2020-12-08,India,1,1,1,0,33,11,1,2687,51189,2,2
2020-12-08,India,3,1,0,0,1,1,0,2687,51189,2,2
2020-12-08,India,1,0,0,0,8,4,0,2687,51189,2,2
2020-12-08,India,7,1,0,0,1,1,1,2687,51189,2,2
2020-12-09,India,1,0,0,18,0,0,0,2687,51189,2,2
2020-12-09,India,1,1,0,21,0,0,0,2687,51189,2,2
2020-12-09,India,1,1,1,9,0,0,0,2687,51189,2,2
2020-12-09,India,7,1,1,1,0,0,0,2687,51189,2,2
2020-12-09,India,1,1,0,0,540,169,19,2687,51189,2,2
2020-12-09,India,1,1,1,0,38,16,1,2687,51189,2,2
2020-12-09,India,1,0,0,0,9,5,0,2687,51189,2,2
2020-12-09,India,7,1,0,0,2,2,2,2687,51189,2,2
2020-12-09,India,3,1,0,0,2,0,0,2687,51189,2,2
2020-12-10,India,1,0,0,8,0,0,0,2687,51189,2,2
2020-12-10,India,1,1,0,23,0,0,0,2687,51189,2,2
2020-12-10,India,1,0,1,1,0,0,0,2687,51189,2,2
2020-12-10,India,1,1,1,8,0,0,0,2687,51189,2,2
2020-12-10,India,1,1,0,0,556,188,27,2687,51189,2,2
2020-12-10,India,1,1,1,0,45,25,8,2687,51189,2,2
2020-12-10,India,3,1,0,0,2,0,0,2687,51189,2,2
2020-12-10,India,1,0,0,0,7,3,0,2687,51189,2,2
2020-12-10,India,7,1,0,0,4,4,2,2687,51189,2,2
2020-12-11,India,1,0,0,17,0,0,0,2687,51189,2,2
2020-12-11,India,1,1,0,22,0,0,0,2687,51189,2,2
2020-12-11,India,1,0,1,2,0,0,0,2687,51189,2,2
2020-12-11,India,1,1,1,5,0,0,0,2687,51189,2,2
2020-12-11,India,1,1,1,0,47,25,5,2687,51189,2,2
2020-12-11,India,1,1,0,0,555,168,19,2687,51189,2,2
2020-12-11,India,1,0,0,0,10,6,0,2687,51189,2,2
2020-12-11,India,7,1,0,0,4,4,2,2687,51189,2,2
2020-12-11,India,3,1,0,0,1,0,0,2687,51189,2,2
2020-12-11,India,1,0,1,0,2,0,0,2687,51189,2,2
2020-12-12,India,1,0,0,9,0,0,0,2687,51189,2,2
2020-12-12,India,1,1,0,20,0,0,0,2687,51189,2,2
2020-12-12,India,1,0,1,1,0,0,0,2687,51189,2,2
2020-12-12,India,1,1,1,3,0,0,0,2687,51189,2,2
2020-12-12,India,7,1,1,1,0,0,0,2687,51189,2,2
2020-12-12,India,1,1,0,0,538,171,20,2687,51189,2,2
2020-12-12,India,1,1,1,0,56,33,5,2687,51189,2,2
2020-12-12,India,1,0,0,0,10,2,0,2687,51189,2,2
2020-12-12,India,7,1,0,0,6,5,2,2687,51189,2,2
2020-12-12,India,3,1,0,0,2,0,0,2687,51189,2,2
2020-12-12,India,7,1,1,0,1,1,0,2687,51189,2,2
2020-12-13,India,1,0,0,7,0,0,0,2687,51189,2,2
2020-12-13,India,1,1,0,28,0,0,0,2687,51189,2,2
2020-12-13,India,1,1,1,4,0,0,0,2687,51189,2,2
2020-12-13,India,1,1,0,0,580,188,20,2687,51189,2,2
2020-12-13,India,7,1,1,0,3,2,0,2687,51189,2,2
2020-12-13,India,1,1,1,0,48,30,3,2687,51189,2,2
2020-12-13,India,3,1,0,0,2,1,1,2687,51189,2,2
2020-12-13,India,1,0,0,0,5,1,0,2687,51189,2,2
2020-12-13,India,7,1,0,0,10,9,3,2687,51189,2,2
2020-12-14,India,1,0,0,6,0,0,0,2687,51189,2,2
2020-12-14,India,1,1,0,27,0,0,0,2687,51189,2,2
2020-12-14,India,7,1,0,1,0,0,0,2687,51189,2,2
2020-12-14,India,1,1,1,8,0,0,0,2687,51189,2,2
2020-12-14,India,1,1,0,0,580,190,23,2687,51189,2,2
2020-12-14,India,7,1,1,0,3,0,0,2687,51189,2,2
2020-12-14,India,1,1,1,0,53,27,1,2687,51189,2,2
2020-12-14,India,7,1,0,0,12,12,7,2687,51189,2,2
2020-12-14,India,1,0,0,0,11,5,0,2687,51189,2,2
2020-12-14,India,1,0,1,0,1,0,0,2687,51189,2,2
2020-12-14,India,3,1,0,0,1,0,0,2687,51189,2,2
2020-12-15,India,1,0,0,10,0,0,0,2687,51189,2,2
2020-12-15,India,1,1,0,30,0,0,0,2687,51189,2,2
2020-12-15,India,7,1,0,1,0,0,0,2687,51189,2,2
2020-12-15,India,1,0,1,4,0,0,0,2687,51189,2,2
2020-12-15,India,1,1,1,8,0,0,0,2687,51189,2,2
2020-12-15,India,1,1,0,0,579,184,17,2687,51189,2,2
2020-12-15,India,1,1,1,0,59,28,2,2687,51189,2,2
2020-12-15,India,7,1,1,0,3,0,0,2687,51189,2,2
2020-12-15,India,7,1,0,0,12,11,5,2687,51189,2,2
2020-12-15,India,1,0,0,0,12,6,0,2687,51189,2,2
2020-12-15,India,1,0,1,0,3,1,0,2687,51189,2,2
2020-12-15,India,3,1,0,0,2,1,0,2687,51189,2,2
2020-12-16,India,1,0,0,12,0,0,0,2687,51189,2,2
2020-12-16,India,1,1,0,31,0,0,0,2687,51189,2,2
2020-12-16,India,1,0,1,1,0,0,0,2687,51189,2,2
2020-12-16,India,1,1,1,9,0,0,0,2687,51189,2,2
2020-12-16,India,1,1,0,0,628,193,34,2687,51189,2,2
2020-12-16,India,1,1,1,0,70,38,7,2687,51189,2,2
2020-12-16,India,7,1,1,0,3,0,0,2687,51189,2,2
2020-12-16,India,3,1,0,0,2,0,0,2687,51189,2,2
2020-12-16,India,1,0,0,0,14,9,1,2687,51189,2,2
2020-12-16,India,7,1,0,0,11,11,6,2687,51189,2,2
2020-12-17,India,1,0,0,14,0,0,0,2687,51189,2,2
2020-12-17,India,1,1,0,25,0,0,0,2687,51189,2,2
2020-12-17,India,1,1,1,6,0,0,0,2687,51189,2,2
2020-12-17,India,1,1,0,0,628,183,24,2687,51189,2,2
2020-12-17,India,1,1,1,0,79,46,8,2687,51189,2,2
2020-12-17,India,7,1,1,0,3,0,0,2687,51189,2,2
2020-12-17,India,1,0,0,0,11,5,0,2687,51189,2,2
2020-12-17,India,7,1,0,0,10,7,0,2687,51189,2,2
2020-12-17,India,3,1,0,0,1,0,0,2687,51189,2,2
2020-12-18,India,1,0,0,10,0,0,0,2687,51189,2,2
2020-12-18,India,1,1,0,18,0,0,0,2687,51189,2,2
2020-12-18,India,1,1,1,3,0,0,0,2687,51189,2,2
2020-12-18,India,1,1,0,0,621,187,14,2687,51189,2,2
2020-12-18,India,1,1,1,0,85,57,4,2687,51189,2,2
2020-12-18,India,7,1,1,0,3,0,0,2687,51189,2,2
2020-12-18,India,1,0,0,0,17,8,0,2687,51189,2,2
2020-12-18,India,7,1,0,0,10,10,2,2687,51189,2,2
2020-12-19,India,1,0,0,7,0,0,0,2687,51189,2,2
2020-12-19,India,1,1,0,13,0,0,0,2687,51189,2,2
2020-12-19,India,7,1,0,1,0,0,0,2687,51189,2,2
2020-12-19,India,1,1,1,5,0,0,0,2687,51189,2,2
2020-12-19,India,1,1,0,0,636,190,13,2687,51189,2,2
2020-12-19,India,1,1,1,0,79,42,3,2687,51189,2,2
2020-12-19,India,7,1,1,0,3,0,0,2687,51189,2,2
2020-12-19,India,1,0,0,0,13,9,0,2687,51189,2,2
2020-12-19,India,7,1,0,0,10,8,1,2687,51189,2,2
2020-12-20,India,1,0,0,5,0,0,0,2687,51189,2,2
2020-12-20,India,1,1,0,14,0,0,0,2687,51189,2,2
2020-12-20,India,1,1,1,9,0,0,0,2687,51189,2,2
2020-12-20,India,1,1,0,0,630,196,22,2687,51189,2,2
2020-12-20,India,1,1,1,0,70,31,2,2687,51189,2,2
2020-12-20,India,7,1,1,0,3,0,0,2687,51189,2,2
2020-12-20,India,1,0,0,0,8,5,0,2687,51189,2,2
2020-12-20,India,7,1,0,0,10,9,3,2687,51189,2,2
2020-12-21,India,1,0,0,10,0,0,0,2687,51189,2,2
2020-12-21,India,1,1,0,11,0,0,0,2687,51189,2,2
2020-12-21,India,1,1,1,4,0,0,0,2687,51189,2,2
2020-12-21,India,1,1,1,0,70,37,4,2687,51189,2,2
2020-12-21,India,1,1,0,0,637,203,16,2687,51189,2,2
2020-12-21,India,7,1,1,0,3,0,0,2687,51189,2,2
2020-12-21,India,7,1,0,0,12,12,3,2687,51189,2,2
2020-12-21,India,1,0,0,0,15,6,0,2687,51189,2,2
2020-12-22,India,1,0,0,9,0,0,0,2687,51189,2,2
2020-12-22,India,1,1,0,14,0,0,0,2687,51189,2,2
2020-12-22,India,7,1,0,1,0,0,0,2687,51189,2,2
2020-12-22,India,1,1,1,3,0,0,0,2687,51189,2,2
2020-12-22,India,7,1,1,1,0,0,0,2687,51189,2,2
2020-12-22,India,1,1,0,0,619,206,23,2687,51189,2,2
2020-12-22,India,1,1,1,0,70,28,3,2687,51189,2,2
2020-12-22,India,7,1,1,0,3,0,0,2687,51189,2,2
2020-12-22,India,7,1,0,0,16,14,0,2687,51189,2,2
2020-12-22,India,1,0,0,0,20,5,0,2687,51189,2,2
2020-12-23,India,1,0,0,5,0,0,0,2687,51189,2,2
2020-12-23,India,1,1,0,12,0,0,0,2687,51189,2,2
2020-12-23,India,1,1,1,5,0,0,0,2687,51189,2,2
2020-12-23,India,1,1,0,0,594,178,18,2687,51189,2,2
2020-12-23,India,1,1,1,0,66,26,2,2687,51189,2,2
2020-12-23,India,7,1,1,0,3,2,1,2687,51189,2,2
2020-12-23,India,1,0,0,0,3,0,0,2687,51189,2,2
2020-12-23,India,7,1,0,0,13,8,1,2687,51189,2,2
2020-12-24,India,1,0,0,3,0,0,0,2687,51189,2,2
2020-12-24,India,1,1,0,12,0,0,0,2687,51189,2,2
2020-12-24,India,1,1,1,7,0,0,0,2687,51189,2,2
2020-12-24,India,1,1,0,0,582,187,15,2687,51189,2,2
2020-12-24,India,1,1,1,0,65,27,2,2687,51189,2,2
2020-12-24,India,7,1,1,0,4,0,0,2687,51189,2,2
2020-12-24,India,1,0,0,0,3,0,0,2687,51189,2,2
2020-12-24,India,7,1,0,0,12,9,0,2687,51189,2,2
2020-12-25,India,1,0,0,1,0,0,0,2687,51189,2,2
2020-12-25,India,1,1,0,8,0,0,0,2687,51189,2,2
2020-12-25,India,1,1,1,1,0,0,0,2687,51189,2,2
2020-12-25,India,1,1,0,0,569,150,14,2687,51189,2,2
2020-12-25,India,1,1,1,0,54,19,1,2687,51189,2,2
2020-12-25,India,7,1,1,0,4,0,0,2687,51189,2,2
2020-12-25,India,1,0,0,0,6,1,0,2687,51189,2,2
2020-12-25,India,7,1,0,0,12,11,3,2687,51189,2,2
2020-12-26,India,1,0,0,5,0,0,0,2687,51189,2,2
2020-12-26,India,1,1,0,14,0,0,0,2687,51189,2,2
2020-12-26,India,7,1,0,1,0,0,0,2687,51189,2,2
2020-12-26,India,1,1,1,1,0,0,0,2687,51189,2,2
2020-12-26,India,1,1,0,0,583,186,20,2687,51189,2,2
2020-12-26,India,1,1,1,0,58,21,4,2687,51189,2,2
2020-12-26,India,7,1,1,0,4,0,0,2687,51189,2,2
2020-12-26,India,1,0,0,0,3,1,0,2687,51189,2,2
2020-12-26,India,7,1,0,0,12,6,0,2687,51189,2,2
2020-12-27,India,1,0,0,5,0,0,0,2687,51189,2,2
2020-12-27,India,1,1,0,9,0,0,0,2687,51189,2,2
2020-12-27,India,1,1,0,0,608,202,21,2687,51189,2,2
2020-12-27,India,1,1,1,0,60,27,5,2687,51189,2,2
2020-12-27,India,7,1,1,0,4,1,0,2687,51189,2,2
2020-12-27,India,7,1,0,0,12,10,2,2687,51189,2,2
2020-12-27,India,1,0,0,0,2,0,0,2687,51189,2,2
2020-12-28,India,1,0,0,8,0,0,0,2687,51189,2,2
2020-12-28,India,1,1,0,14,0,0,0,2687,51189,2,2
2020-12-28,India,1,1,1,1,0,0,0,2687,51189,2,2
2020-12-28,India,1,1,0,0,615,222,22,2687,51189,2,2
2020-12-28,India,1,1,1,0,65,23,2,2687,51189,2,2
2020-12-28,India,7,1,0,0,14,5,2,2687,51189,2,2
2020-12-28,India,7,1,1,0,2,1,1,2687,51189,2,2
2020-12-28,India,1,0,0,0,5,2,0,2687,51189,2,2
2020-12-29,India,1,0,0,4,0,0,0,2687,51189,2,2
2020-12-29,India,1,1,0,15,0,0,0,2687,51189,2,2
2020-12-29,India,1,1,1,6,0,0,0,2687,51189,2,2
2020-12-29,India,1,1,0,0,629,203,19,2687,51189,2,2
2020-12-29,India,1,1,1,0,61,16,1,2687,51189,2,2
2020-12-29,India,7,1,0,0,15,12,2,2687,51189,2,2
2020-12-29,India,1,0,0,0,4,1,0,2687,51189,2,2
2020-12-30,India,1,0,0,6,0,0,0,2687,51189,2,2
2020-12-30,India,1,1,0,17,0,0,0,2687,51189,2,2
2020-12-30,India,1,0,1,1,0,0,0,2687,51189,2,2
2020-12-30,India,1,1,1,5,0,0,0,2687,51189,2,2
2020-12-30,India,1,1,0,0,600,213,26,2687,51189,2,2
2020-12-30,India,1,1,1,0,46,12,1,2687,51189,2,2
2020-12-30,India,1,0,0,0,6,0,0,2687,51189,2,2
2020-12-30,India,7,1,0,0,7,5,0,2687,51189,2,2
2020-12-31,India,1,0,0,5,0,0,0,2687,51189,2,2
2020-12-31,India,1,1,0,11,0,0,0,2687,51189,2,2
2020-12-31,India,1,1,1,2,0,0,0,2687,51189,2,2
2020-12-31,India,1,1,0,0,600,209,25,2687,51189,2,2
2020-12-31,India,1,1,1,0,39,7,3,2687,51189,2,2
2020-12-31,India,1,0,0,0,6,3,0,2687,51189,2,2
2020-12-31,India,7,1,0,0,7,0,0,2687,51189,2,2
2021-01-01,India,1,0,0,4,0,0,0,2687,51189,2,2
2021-01-01,India,1,1,0,4,0,0,0,2687,51189,2,2
2021-01-01,India,1,1,1,1,0,0,0,2687,51189,2,2
2021-01-01,India,1,1,0,0,560,189,22,2687,51189,2,2
2021-01-01,India,1,1,1,0,37,5,1,2687,51189,2,2
2021-01-01,India,1,0,0,0,3,3,0,2687,51189,2,2
2021-01-01,India,7,1,0,0,7,3,2,2687,51189,2,2
2021-01-02,India,1,0,0,3,0,0,0,2687,51189,2,2
2021-01-02,India,1,1,0,14,0,0,0,2687,51189,2,2
2021-01-02,India,1,1,1,5,0,0,0,2687,51189,2,2
2021-01-02,India,1,1,0,0,561,197,25,2687,51189,2,2
2021-01-02,India,1,1,1,0,40,8,2,2687,51189,2,2
2021-01-02,India,1,0,0,0,5,1,0,2687,51189,2,2
2021-01-02,India,7,1,0,0,7,5,1,2687,51189,2,2
2021-01-03,India,1,0,0,2,0,0,0,2687,51189,2,2
2021-01-03,India,1,1,0,17,0,0,0,2687,51189,2,2
2021-01-03,India,1,1,1,5,0,0,0,2687,51189,2,2
2021-01-03,India,1,1,0,0,559,211,25,2687,51189,2,2
2021-01-03,India,1,1,1,0,35,6,1,2687,51189,2,2
2021-01-03,India,1,0,0,0,1,1,0,2687,51189,2,2
2021-01-03,India,7,1,0,0,7,3,0,2687,51189,2,2
2021-01-04,India,1,0,0,11,0,0,0,2687,51189,2,2
2021-01-04,India,1,1,0,12,0,0,0,2687,51189,2,2
2021-01-04,India,1,1,1,5,0,0,0,2687,51189,2,2
2021-01-04,India,1,1,0,0,574,230,29,2687,51189,2,2
2021-01-04,India,1,1,1,0,35,13,1,2687,51189,2,2
2021-01-04,India,1,0,0,0,9,4,0,2687,51189,2,2
2021-01-04,India,7,1,0,0,2,0,0,2687,51189,2,2
2021-01-05,India,1,0,0,9,0,0,0,2687,51189,2,2
2021-01-05,India,1,1,0,10,0,0,0,2687,51189,2,2
2021-01-05,India,1,1,1,5,0,0,0,2687,51189,2,2
2021-01-05,India,1,1,0,0,546,224,23,2687,51189,2,2
2021-01-05,India,1,1,1,0,38,16,2,2687,51189,2,2
2021-01-05,India,7,1,0,0,5,1,0,2687,51189,2,2
2021-01-05,India,1,0,0,0,6,5,0,2687,51189,2,2
2021-01-06,India,1,0,0,12,0,0,0,2687,51189,2,2
2021-01-06,India,1,1,0,32,0,0,0,2687,51189,2,2
2021-01-06,India,1,1,1,9,0,0,0,2687,51189,2,2
2021-01-06,India,1,1,0,0,567,223,14,2687,51189,2,2
2021-01-06,India,1,1,1,0,33,13,2,2687,51189,2,2
2021-01-06,India,1,0,0,0,8,4,0,2687,51189,2,2
2021-01-06,India,7,1,0,0,3,3,1,2687,51189,2,2
2021-01-07,India,1,0,0,5,0,0,0,2687,51189,2,2
2021-01-07,India,1,1,0,15,0,0,0,2687,51189,2,2
2021-01-07,India,7,1,0,1,0,0,0,2687,51189,2,2
2021-01-07,India,1,1,1,8,0,0,0,2687,51189,2,2
2021-01-07,India,1,1,1,0,60,37,6,2687,51189,2,2
2021-01-07,India,1,1,0,0,548,208,19,2687,51189,2,2
2021-01-07,India,1,0,0,0,6,4,0,2687,51189,2,2
2021-01-07,India,7,1,0,0,3,1,0,2687,51189,2,2
2021-01-08,India,1,0,0,8,0,0,0,2687,51189,2,2
2021-01-08,India,1,1,0,23,0,0,0,2687,51189,2,2
2021-01-08,India,1,0,1,1,0,0,0,2687,51189,2,2
2021-01-08,India,1,1,1,8,0,0,0,2687,51189,2,2
2021-01-08,India,3,1,1,1,0,0,0,2687,51189,2,2
2021-01-08,India,7,1,1,1,0,0,0,2687,51189,2,2
2021-01-08,India,1,1,0,0,539,204,26,2687,51189,2,2
2021-01-08,India,1,1,1,0,51,36,6,2687,51189,2,2
2021-01-08,India,1,0,0,0,8,6,0,2687,51189,2,2
2021-01-08,India,1,0,1,0,5,4,0,2687,51189,2,2
2021-01-08,India,7,1,0,0,3,1,0,2687,51189,2,2
2021-01-09,India,1,0,0,2,0,0,0,2687,51189,2,2
2021-01-09,India,1,1,0,14,0,0,0,2687,51189,2,2
2021-01-09,India,1,1,1,3,0,0,0,2687,51189,2,2
2021-01-09,India,1,1,0,0,522,198,17,2687,51189,2,2
2021-01-09,India,1,1,1,0,52,30,3,2687,51189,2,2
2021-01-09,India,1,0,1,0,5,5,0,2687,51189,2,2
2021-01-09,India,7,1,0,0,5,4,2,2687,51189,2,2
2021-01-09,India,1,0,0,0,6,5,0,2687,51189,2,2
2021-01-10,India,1,0,0,6,0,0,0,2687,51189,2,2
2021-01-10,India,1,1,0,16,0,0,0,2687,51189,2,2
2021-01-10,India,7,1,0,1,0,0,0,2687,51189,2,2
2021-01-10,India,1,1,1,4,0,0,0,2687,51189,2,2
2021-01-10,India,1,1,0,0,461,195,13,2687,51189,2,2
2021-01-10,India,1,1,1,0,48,30,5,2687,51189,2,2
2021-01-10,India,1,0,1,0,5,5,0,2687,51189,2,2
2021-01-10,India,1,0,0,0,5,4,0,2687,51189,2,2
2021-01-10,India,7,1,0,0,3,3,1,2687,51189,2,2
2021-01-11,India,1,0,0,9,0,0,0,2687,51189,2,2
2021-01-11,India,1,1,0,14,0,0,0,2687,51189,2,2
2021-01-11,India,1,1,1,7,0,0,0,2687,51189,2,2
2021-01-11,India,1,1,0,0,480,200,22,2687,51189,2,2
2021-01-11,India,1,1,1,0,51,32,2,2687,51189,2,2
2021-01-11,India,1,0,1,0,6,5,0,2687,51189,2,2
2021-01-11,India,1,0,0,0,6,4,0,2687,51189,2,2
2021-01-11,India,7,1,0,0,3,1,0,2687,51189,2,2
2021-01-12,India,1,0,0,7,0,0,0,2687,51189,2,2
2021-01-12,India,1,1,0,18,0,0,0,2687,51189,2,2
2021-01-12,India,1,0,1,1,0,0,0,2687,51189,2,2
2021-01-12,India,1,1,1,6,0,0,0,2687,51189,2,2
2021-01-12,India,1,1,0,0,488,207,18,2687,51189,2,2
2021-01-12,India,1,1,1,0,38,18,3,2687,51189,2,2
2021-01-12,India,1,0,1,0,6,5,0,2687,51189,2,2
2021-01-12,India,7,1,0,0,8,1,0,2687,51189,2,2
2021-01-12,India,1,0,0,0,7,6,0,2687,51189,2,2
2021-01-13,India,1,0,0,12,0,0,0,2687,51189,2,2
2021-01-13,India,1,1,0,17,0,0,0,2687,51189,2,2
2021-01-13,India,7,1,0,1,0,0,0,2687,51189,2,2
2021-01-13,India,1,0,1,1,0,0,0,2687,51189,2,2
2021-01-13,India,1,1,1,6,0,0,0,2687,51189,2,2
2021-01-13,India,1,1,1,0,42,23,5,2687,51189,2,2
2021-01-13,India,1,1,0,0,515,214,17,2687,51189,2,2
2021-01-13,India,1,0,1,0,6,5,0,2687,51189,2,2
2021-01-13,India,1,0,0,0,9,6,0,2687,51189,2,2
2021-01-13,India,7,1,0,0,6,3,0,2687,51189,2,2
2021-01-14,India,1,0,0,14,0,0,0,2687,51189,2,2
2021-01-14,India,1,1,0,18,0,0,0,2687,51189,2,2
2021-01-14,India,1,0,1,1,0,0,0,2687,51189,2,2
2021-01-14,India,1,1,1,10,0,0,0,2687,51189,2,2
2021-01-14,India,1,1,0,0,499,203,18,2687,51189,2,2
2021-01-14,India,1,1,1,0,37,14,0,2687,51189,2,2
2021-01-14,India,1,0,1,0,6,5,0,2687,51189,2,2
2021-01-14,India,1,0,0,0,10,4,0,2687,51189,2,2
2021-01-14,India,7,1,0,0,6,1,0,2687,51189,2,2
2021-01-15,India,1,0,0,12,0,0,0,2687,51189,2,2
2021-01-15,India,1,1,0,22,0,0,0,2687,51189,2,2
2021-01-15,India,7,1,0,1,0,0,0,2687,51189,2,2
2021-01-15,India,1,0,1,1,0,0,0,2687,51189,2,2
2021-01-15,India,1,1,1,1,0,0,0,2687,51189,2,2
2021-01-15,India,1,1,0,0,485,206,20,2687,51189,2,2
2021-01-15,India,1,1,1,0,37,17,3,2687,51189,2,2
2021-01-15,India,1,0,1,0,6,5,0,2687,51189,2,2
2021-01-15,India,1,0,0,0,4,1,0,2687,51189,2,2
2021-01-15,India,7,1,0,0,4,1,0,2687,51189,2,2
2021-01-16,India,1,0,0,2,0,0,0,2687,51189,2,2
2021-01-16,India,1,1,0,14,0,0,0,2687,51189,2,2
2021-01-16,India,1,1,1,3,0,0,0,2687,51189,2,2
2021-01-16,India,1,1,0,0,470,177,29,2687,51189,2,2
2021-01-16,India,1,1,1,0,37,17,2,2687,51189,2,2
2021-01-16,India,1,0,1,0,5,5,0,2687,51189,2,2
2021-01-16,India,7,1,0,0,3,3,2,2687,51189,2,2
2021-01-16,India,1,0,0,0,5,0,0,2687,51189,2,2
2021-01-17,India,1,0,0,15,0,0,0,2687,51189,2,2
2021-01-17,India,1,1,0,14,0,0,0,2687,51189,2,2
2021-01-17,India,1,1,1,4,0,0,0,2687,51189,2,2
2021-01-17,India,1,1,0,0,468,191,27,2687,51189,2,2
2021-01-17,India,1,1,1,0,21,8,0,2687,51189,2,2
2021-01-17,India,1,0,1,0,6,5,0,2687,51189,2,2
2021-01-17,India,1,0,0,0,12,3,0,2687,51189,2,2
2021-01-17,India,7,1,0,0,2,1,1,2687,51189,2,2
2021-01-18,India,1,0,0,6,0,0,0,2687,51189,2,2
2021-01-18,India,1,1,0,17,0,0,0,2687,51189,2,2
2021-01-18,India,3,1,0,1,0,0,0,2687,51189,2,2
2021-01-18,India,1,1,1,3,0,0,0,2687,51189,2,2
2021-01-18,India,1,1,0,0,456,203,34,2687,51189,2,2
2021-01-18,India,1,1,1,0,28,16,1,2687,51189,2,2
2021-01-18,India,1,0,1,0,5,5,0,2687,51189,2,2
2021-01-18,India,1,0,0,0,6,2,0,2687,51189,2,2
2021-01-18,India,3,1,0,0,2,2,2,2687,51189,2,2
2021-01-18,India,7,1,0,0,2,1,0,2687,51189,2,2
2021-01-19,India,1,0,0,10,0,0,0,2687,51189,2,2
2021-01-19,India,1,1,0,13,0,0,0,2687,51189,2,2
2021-01-19,India,7,1,0,1,0,0,0,2687,51189,2,2
2021-01-19,India,1,1,1,3,0,0,0,2687,51189,2,2
2021-01-19,India,1,1,0,0,437,174,17,2687,51189,2,2
2021-01-19,India,1,1,1,0,28,17,0,2687,51189,2,2
2021-01-19,India,1,0,1,0,5,5,0,2687,51189,2,2
2021-01-19,India,1,0,0,0,3,0,0,2687,51189,2,2
2021-01-19,India,3,1,0,0,5,4,0,2687,51189,2,2
2021-01-19,India,7,1,0,0,2,2,0,2687,51189,2,2
2021-01-20,India,1,0,0,12,0,0,0,2687,51189,2,2
2021-01-20,India,1,1,0,17,0,0,0,2687,51189,2,2
2021-01-20,India,1,0,1,1,0,0,0,2687,51189,2,2
2021-01-20,India,1,1,1,5,0,0,0,2687,51189,2,2
2021-01-20,India,1,1,1,0,33,22,0,2687,51189,2,2
2021-01-20,India,1,1,0,0,439,191,21,2687,51189,2,2
2021-01-20,India,3,1,0,0,9,6,1,2687,51189,2,2
2021-01-20,India,1,0,1,0,5,4,0,2687,51189,2,2
2021-01-20,India,1,0,0,0,7,2,0,2687,51189,2,2
2021-01-20,India,7,1,0,0,2,0,0,2687,51189,2,2
2021-01-21,India,1,0,0,5,0,0,0,2687,51189,2,2
2021-01-21,India,1,1,0,17,0,0,0,2687,51189,2,2
2021-01-21,India,1,1,1,6,0,0,0,2687,51189,2,2
2021-01-21,India,1,1,0,0,439,202,23,2687,51189,2,2
2021-01-21,India,1,1,1,0,22,12,1,2687,51189,2,2
2021-01-21,India,3,1,0,0,6,3,0,2687,51189,2,2
2021-01-21,India,1,0,1,0,5,5,0,2687,51189,2,2
2021-01-21,India,1,0,0,0,5,1,0,2687,51189,2,2
2021-01-21,India,7,1,0,0,2,1,0,2687,51189,2,2
2021-01-22,India,1,0,0,8,0,0,0,2687,51189,2,2
2021-01-22,India,1,1,0,13,0,0,0,2687,51189,2,2
2021-01-22,India,1,0,1,1,0,0,0,2687,51189,2,2
2021-01-22,India,1,1,1,7,0,0,0,2687,51189,2,2
2021-01-22,India,1,1,0,0,428,190,23,2687,51189,2,2
2021-01-22,India,1,1,1,0,33,20,3,2687,51189,2,2
2021-01-22,India,3,1,0,0,7,3,1,2687,51189,2,2
2021-01-22,India,7,1,0,0,3,1,0,2687,51189,2,2
2021-01-22,India,1,0,1,0,5,5,0,2687,51189,2,2
2021-01-22,India,1,0,0,0,3,1,0,2687,51189,2,2
2021-01-23,India,1,0,0,5,0,0,0,2687,51189,2,2
2021-01-23,India,1,1,0,14,0,0,0,2687,51189,2,2
2021-01-23,India,1,1,1,6,0,0,0,2687,51189,2,2
2021-01-23,India,1,1,1,0,46,30,2,2687,51189,2,2
2021-01-23,India,1,1,0,0,451,181,26,2687,51189,2,2
2021-01-23,India,3,1,0,0,7,7,0,2687,51189,2,2
2021-01-23,India,1,0,1,0,5,4,0,2687,51189,2,2
2021-01-23,India,7,1,0,0,5,1,0,2687,51189,2,2
2021-01-23,India,1,0,0,0,6,4,0,2687,51189,2,2
2021-01-24,India,1,0,0,7,0,0,0,2687,51189,2,2
2021-01-24,India,1,1,0,11,0,0,0,2687,51189,2,2
2021-01-24,India,1,0,1,2,0,0,0,2687,51189,2,2
2021-01-24,India,7,1,1,2,0,0,0,2687,51189,2,2
2021-01-24,India,1,1,1,4,0,0,0,2687,51189,2,2
2021-01-24,India,1,1,0,0,455,183,18,2687,51189,2,2
2021-01-24,India,1,1,1,0,44,30,2,2687,51189,2,2
2021-01-24,India,3,1,0,0,6,5,0,2687,51189,2,2
2021-01-24,India,1,0,1,0,7,7,0,2687,51189,2,2
2021-01-24,India,1,0,0,0,4,0,0,2687,51189,2,2
2021-01-24,India,7,1,0,0,2,0,0,2687,51189,2,2
2021-01-24,India,7,1,1,0,2,2,0,2687,51189,2,2
2021-01-25,India,1,0,0,11,0,0,0,2687,51189,2,2
2021-01-25,India,1,1,0,23,0,0,0,2687,51189,2,2
2021-01-25,India,1,0,1,1,0,0,0,2687,51189,2,2
2021-01-25,India,1,1,1,11,0,0,0,2687,51189,2,2
2021-01-25,India,1,1,0,0,452,176,17,2687,51189,2,2
2021-01-25,India,1,0,1,0,10,7,0,2687,51189,2,2
2021-01-25,India,1,1,1,0,52,36,7,2687,51189,2,2
2021-01-25,India,1,0,0,0,4,2,0,2687,51189,2,2
2021-01-25,India,3,1,0,0,5,2,1,2687,51189,2,2
2021-01-25,India,7,1,0,0,1,0,0,2687,51189,2,2
2021-01-26,India,1,0,0,8,0,0,0,2687,51189,2,2
2021-01-26,India,1,1,0,22,0,0,0,2687,51189,2,2
2021-01-26,India,1,1,1,5,0,0,0,2687,51189,2,2
2021-01-26,India,3,1,1,1,0,0,0,2687,51189,2,2
2021-01-26,India,1,1,0,0,472,179,20,2687,51189,2,2
2021-01-26,India,1,1,1,0,57,36,5,2687,51189,2,2
2021-01-26,India,1,0,1,0,8,0,0,2687,51189,2,2
2021-01-26,India,1,0,0,0,2,1,0,2687,51189,2,2
2021-01-26,India,3,1,0,0,6,6,0,2687,51189,2,2
2021-01-26,India,7,1,0,0,1,0,0,2687,51189,2,2
2021-01-27,India,1,0,0,6,0,0,0,2687,51189,2,2
2021-01-27,India,1,1,0,16,0,0,0,2687,51189,2,2
2021-01-27,India,7,1,0,1,0,0,0,2687,51189,2,2
2021-01-27,India,1,1,1,7,0,0,0,2687,51189,2,2
2021-01-27,India,1,1,0,0,471,193,15,2687,51189,2,2
2021-01-27,India,1,1,1,0,49,34,7,2687,51189,2,2
2021-01-27,India,1,0,1,0,5,0,0,2687,51189,2,2
2021-01-27,India,3,1,0,0,2,2,0,2687,51189,2,2
2021-01-27,India,1,0,0,0,12,2,0,2687,51189,2,2
2021-01-27,India,7,1,0,0,3,2,1,2687,51189,2,2
2021-01-28,India,1,1,0,0,441,159,14,2687,51189,2,2
2021-01-28,India,1,1,1,0,43,28,6,2687,51189,2,2
2021-01-28,India,1,0,1,0,4,0,0,2687,51189,2,2
2021-01-28,India,1,0,0,0,2,0,0,2687,51189,2,2
2021-01-28,India,7,1,0,0,2,1,0,2687,51189,2,2
2021-01-29,India,1,1,0,0,434,149,12,2687,51189,2,2
2021-01-29,India,1,1,1,0,52,32,3,2687,51189,2,2
2021-01-29,India,1,0,1,0,3,0,0,2687,51189,2,2
2021-01-29,India,7,1,0,0,3,0,0,2687,51189,2,2
2021-01-29,India,3,1,0,0,2,0,0,2687,51189,2,2
2021-01-30,India,1,1,0,0,405,132,8,2687,51189,2,2
2021-01-30,India,1,1,1,0,48,34,5,2687,51189,2,2
2021-01-30,India,1,0,1,0,3,0,0,2687,51189,2,2
2021-01-30,India,3,1,0,0,2,0,0,2687,51189,2,2
2021-01-30,India,1,0,0,0,4,1,0,2687,51189,2,2
2021-01-30,India,7,1,0,0,3,0,0,2687,51189,2,2
2021-01-31,India,1,1,0,0,401,126,10,2687,51189,2,2
2021-01-31,India,1,1,1,0,41,27,2,2687,51189,2,2
2021-01-31,India,1,0,1,0,3,0,0,2687,51189,2,2
2021-01-31,India,1,0,0,0,1,0,0,2687,51189,2,2
2021-01-31,India,7,1,0,0,2,0,0,2687,51189,2,2
2021-01-31,India,3,1,0,0,1,1,0,2687,51189,2,2
2021-02-01,India,1,1,0,0,390,119,16,2687,51189,2,2
2021-02-01,India,1,1,1,0,39,23,2,2687,51189,2,2
2021-02-01,India,1,0,1,0,3,0,0,2687,51189,2,2
2021-02-01,India,7,1,0,0,2,0,0,2687,51189,2,2
2021-02-01,India,3,1,0,0,2,0,0,2687,51189,2,2
2021-02-01,India,1,0,0,0,1,1,0,2687,51189,2,2
2021-02-02,India,1,1,1,0,44,28,4,2687,51189,2,2
2021-02-02,India,1,1,0,0,350,96,9,2687,51189,2,2
2021-02-02,India,1,0,1,0,3,0,0,2687,51189,2,2
2021-02-02,India,3,1,0,0,2,1,0,2687,51189,2,2
2021-02-02,India,7,1,0,0,2,0,0,2687,51189,2,2
2021-02-03,India,7,1,0,0,4,0,0,2687,51189,2,2
2021-02-03,India,1,1,1,0,51,25,2,2687,51189,2,2
2021-02-03,India,1,1,0,0,332,102,8,2687,51189,2,2
2021-02-03,India,1,0,1,0,3,0,0,2687,51189,2,2
2021-02-03,India,3,1,0,0,1,1,0,2687,51189,2,2
2021-02-04,India,1,1,1,0,50,18,1,2687,51189,2,2
2021-02-04,India,1,1,0,0,313,81,6,2687,51189,2,2
2021-02-04,India,1,0,1,0,3,0,0,2687,51189,2,2
2021-02-04,India,7,1,0,0,2,0,0,2687,51189,2,2
2021-02-04,India,3,1,0,0,2,1,1,2687,51189,2,2
2021-02-05,India,1,1,1,0,43,26,2,2687,51189,2,2
2021-02-05,India,1,1,0,0,298,90,8,2687,51189,2,2
2021-02-05,India,1,0,1,0,3,1,0,2687,51189,2,2
2021-02-05,India,3,1,0,0,2,0,0,2687,51189,2,2
2021-02-05,India,7,1,0,0,3,0,0,2687,51189,2,2
2021-02-06,India,1,1,1,0,47,29,3,2687,51189,2,2
2021-02-06,India,1,1,0,0,299,92,7,2687,51189,2,2
2021-02-06,India,1,0,1,0,3,0,0,2687,51189,2,2
2021-02-06,India,7,1,0,0,3,0,0,2687,51189,2,2
2021-02-06,India,3,1,0,0,1,1,0,2687,51189,2,2
2021-02-07,India,1,1,1,0,47,28,1,2687,51189,2,2
2021-02-07,India,1,1,0,0,279,74,6,2687,51189,2,2
2021-02-07,India,1,0,1,0,3,0,0,2687,51189,2,2
2021-02-07,India,7,1,0,0,2,0,0,2687,51189,2,2
2021-02-07,India,3,1,0,0,2,1,0,2687,51189,2,2
2021-02-08,India,1,1,0,0,263,74,4,2687,51189,2,2
2021-02-08,India,1,1,1,0,45,15,2,2687,51189,2,2
2021-02-08,India,1,0,1,0,3,0,0,2687,51189,2,2
2021-02-08,India,3,1,0,0,2,2,0,2687,51189,2,2
2021-02-08,India,7,1,0,0,2,0,0,2687,51189,2,2
2021-02-09,India,1,1,0,0,240,73,7,2687,51189,2,2
2021-02-09,India,1,1,1,0,33,12,0,2687,51189,2,2
2021-02-09,India,1,0,1,0,3,0,0,2687,51189,2,2
2021-02-09,India,7,1,0,0,2,0,0,2687,51189,2,2
2021-02-09,India,3,1,0,0,1,0,0,2687,51189,2,2
2021-02-10,India,7,1,0,0,4,0,0,2687,51189,2,2
2021-02-10,India,1,1,0,0,225,64,4,2687,51189,2,2
2021-02-10,India,1,1,1,0,27,8,0,2687,51189,2,2
2021-02-10,India,1,0,1,0,3,0,0,2687,51189,2,2
2021-02-11,India,1,1,0,0,198,76,10,2687,51189,2,2
2021-02-11,India,1,1,1,0,34,13,0,2687,51189,2,2
2021-02-11,India,1,0,1,0,2,0,0,2687,51189,2,2
2021-02-11,India,7,1,0,0,2,0,0,2687,51189,2,2
2021-02-12,India,1,1,0,0,197,66,5,2687,51189,2,2
2021-02-12,India,1,1,1,0,31,17,1,2687,51189,2,2
2021-02-12,India,1,0,1,0,3,2,0,2687,51189,2,2
2021-02-12,India,7,1,0,0,3,0,0,2687,51189,2,2
2021-02-13,India,1,1,0,0,190,62,7,2687,51189,2,2
2021-02-13,India,1,1,1,0,30,18,0,2687,51189,2,2
2021-02-13,India,1,0,1,0,3,1,0,2687,51189,2,2
2021-02-13,India,7,1,0,0,3,0,0,2687,51189,2,2
2021-02-14,India,1,1,0,0,156,50,4,2687,51189,2,2
2021-02-14,India,1,1,1,0,15,8,0,2687,51189,2,2
2021-02-14,India,1,0,1,0,3,0,0,2687,51189,2,2
2021-02-14,India,7,1,0,0,1,0,0,2687,51189,2,2
2021-02-15,India,1,1,0,0,148,45,3,2687,51189,2,2
2021-02-15,India,1,1,1,0,14,1,0,2687,51189,2,2
2021-02-15,India,7,1,0,0,1,0,0,2687,51189,2,2
2021-02-16,India,1,1,0,0,143,47,8,2687,51189,2,2
2021-02-16,India,1,1,1,0,12,4,0,2687,51189,2,2
2021-02-16,India,7,1,0,0,1,0,0,2687,51189,2,2
2021-02-17,India,1,1,0,0,142,54,7,2687,51189,2,2
2021-02-17,India,7,1,0,0,3,0,0,2687,51189,2,2
2021-02-17,India,1,1,1,0,12,8,0,2687,51189,2,2
2021-02-18,India,1,1,0,0,130,41,2,2687,51189,2,2
2021-02-18,India,1,1,1,0,13,7,0,2687,51189,2,2
2021-02-18,India,7,1,0,0,1,0,0,2687,51189,2,2
2021-02-19,India,1,1,0,0,115,47,4,2687,51189,2,2
2021-02-19,India,1,1,1,0,15,7,0,2687,51189,2,2
2021-02-19,India,7,1,0,0,1,0,0,2687,51189,2,2
2021-02-20,India,1,1,0,0,101,30,2,2687,51189,2,2
2021-02-20,India,1,1,1,0,13,7,0,2687,51189,2,2
2021-02-20,India,7,1,0,0,1,0,0,2687,51189,2,2
2021-02-21,India,1,1,0,0,79,22,2,2687,51189,2,2
2021-02-21,India,1,1,1,0,14,8,0,2687,51189,2,2
2021-02-21,India,7,1,0,0,1,0,0,2687,51189,2,2
2021-02-22,India,1,1,0,0,56,11,1,2687,51189,2,2
2021-02-22,India,1,1,1,0,17,10,0,2687,51189,2,2
2021-02-22,India,7,1,0,0,1,0,0,2687,51189,2,2
2021-02-23,India,1,1,0,0,54,8,0,2687,51189,2,2
2021-02-23,India,1,1,1,0,10,0,0,2687,51189,2,2
2021-02-23,India,7,1,0,0,1,0,0,2687,51189,2,2
2021-02-24,India,1,1,0,0,29,1,0,2687,51189,2,2
2021-02-24,India,7,1,0,0,3,0,0,2687,51189,2,2
2021-02-25,India,1,1,0,0,9,0,0,2687,51189,2,2
2021-02-25,India,7,1,0,0,1,0,0,2687,51189,2,2
2020-11-01,Italy,1,1,1,1,0,0,0,386,7897,10,11
2020-11-02,Italy,1,0,0,2,0,0,0,386,7897,10,11
2020-11-02,Italy,1,1,0,2,0,0,0,386,7897,10,11
2020-11-02,Italy,1,1,1,1,0,0,0,386,7897,10,11
2020-11-03,Italy,1,0,0,2,0,0,0,386,7897,10,11
2020-11-03,Italy,1,1,0,2,0,0,0,386,7897,10,11
2020-11-03,Italy,1,0,0,0,2,1,0,386,7897,10,11
2020-11-04,Italy,1,0,0,1,0,0,0,386,7897,10,11
2020-11-04,Italy,1,1,0,6,0,0,0,386,7897,10,11
2020-11-04,Italy,1,1,0,0,6,2,0,386,7897,10,11
2020-11-05,Italy,1,1,0,3,0,0,0,386,7897,10,11
2020-11-05,Italy,7,1,1,1,0,0,0,386,7897,10,11
2020-11-05,Italy,1,1,0,0,10,5,1,386,7897,10,11
2020-11-06,Italy,1,0,0,1,0,0,0,386,7897,10,11
2020-11-06,Italy,1,1,0,1,0,0,0,386,7897,10,11
2020-11-06,Italy,1,1,1,1,0,0,0,386,7897,10,11
2020-11-06,Italy,7,1,1,0,3,1,1,386,7897,10,11
2020-11-06,Italy,1,1,0,0,9,2,0,386,7897,10,11
2020-11-06,Italy,1,0,0,0,2,1,0,386,7897,10,11
2020-11-07,Italy,1,1,0,2,0,0,0,386,7897,10,11
2020-11-07,Italy,7,1,1,0,3,0,0,386,7897,10,11
2020-11-07,Italy,1,1,0,0,9,0,0,386,7897,10,11
2020-11-08,Italy,1,0,0,1,0,0,0,386,7897,10,11
2020-11-08,Italy,1,1,0,1,0,0,0,386,7897,10,11
2020-11-08,Italy,7,1,1,0,3,0,0,386,7897,10,11
2020-11-08,Italy,1,1,0,0,9,1,0,386,7897,10,11
2020-11-08,Italy,1,0,0,0,2,2,0,386,7897,10,11
2020-11-09,Italy,7,1,1,0,3,0,0,386,7897,10,11
2020-11-09,Italy,1,1,0,0,9,0,0,386,7897,10,11
2020-11-09,Italy,1,0,0,0,1,0,0,386,7897,10,11
2020-11-10,Italy,1,1,0,5,0,0,0,386,7897,10,11
2020-11-10,Italy,7,1,1,0,3,0,0,386,7897,10,11
2020-11-10,Italy,1,1,0,0,12,2,0,386,7897,10,11
2020-11-11,Italy,1,0,0,1,0,0,0,386,7897,10,11
2020-11-11,Italy,1,1,0,4,0,0,0,386,7897,10,11
2020-11-11,Italy,7,1,1,0,3,0,0,386,7897,10,11
2020-11-11,Italy,1,1,0,0,24,12,2,386,7897,10,11
2020-11-12,Italy,1,1,0,4,0,0,0,386,7897,10,11
2020-11-12,Italy,1,0,1,1,0,0,0,386,7897,10,11
2020-11-12,Italy,1,1,0,0,28,18,3,386,7897,10,11
2020-11-12,Italy,7,1,1,0,3,2,2,386,7897,10,11
2020-11-13,Italy,1,0,0,1,0,0,0,386,7897,10,11
2020-11-13,Italy,1,1,0,2,0,0,0,386,7897,10,11
2020-11-13,Italy,1,1,0,0,30,19,3,386,7897,10,11
2020-11-13,Italy,7,1,1,0,6,1,1,386,7897,10,11
2020-11-13,Italy,1,0,0,0,2,0,0,386,7897,10,11
2020-11-14,Italy,1,0,0,1,0,0,0,386,7897,10,11
2020-11-14,Italy,1,1,0,1,0,0,0,386,7897,10,11
2020-11-14,Italy,1,1,1,1,0,0,0,386,7897,10,11
2020-11-14,Italy,1,1,0,0,27,9,1,386,7897,10,11
2020-11-14,Italy,7,1,1,0,6,0,0,386,7897,10,11
2020-11-15,Italy,1,0,0,1,0,0,0,386,7897,10,11
2020-11-15,Italy,1,1,0,4,0,0,0,386,7897,10,11
2020-11-15,Italy,1,1,0,0,29,14,1,386,7897,10,11
2020-11-15,Italy,7,1,1,0,6,0,0,386,7897,10,11
2020-11-16,Italy,1,0,0,1,0,0,0,386,7897,10,11
2020-11-16,Italy,1,1,0,3,0,0,0,386,7897,10,11
2020-11-16,Italy,1,1,0,0,44,16,3,386,7897,10,11
2020-11-16,Italy,7,1,1,0,6,0,0,386,7897,10,11
2020-11-16,Italy,1,0,0,0,1,0,0,386,7897,10,11
2020-11-17,Italy,1,0,0,2,0,0,0,386,7897,10,11
2020-11-17,Italy,1,1,0,2,0,0,0,386,7897,10,11
2020-11-17,Italy,1,1,1,3,0,0,0,386,7897,10,11
2020-11-17,Italy,1,1,0,0,43,21,5,386,7897,10,11
2020-11-17,Italy,7,1,1,0,6,1,1,386,7897,10,11
2020-11-18,Italy,1,0,0,1,0,0,0,386,7897,10,11
2020-11-18,Italy,1,1,0,1,0,0,0,386,7897,10,11
2020-11-18,Italy,1,1,1,3,0,0,0,386,7897,10,11
2020-11-18,Italy,1,1,0,0,47,16,2,386,7897,10,11
2020-11-18,Italy,7,1,1,0,6,0,0,386,7897,10,11
2020-11-19,Italy,1,1,0,0,39,16,7,386,7897,10,11
2020-11-19,Italy,7,1,1,0,6,0,0,386,7897,10,11
2020-11-20,Italy,1,0,0,1,0,0,0,386,7897,10,11
2020-11-20,Italy,1,1,0,2,0,0,0,386,7897,10,11
2020-11-20,Italy,1,1,1,1,0,0,0,386,7897,10,11
2020-11-20,Italy,1,1,0,0,43,19,4,386,7897,10,11
2020-11-20,Italy,7,1,1,0,6,0,0,386,7897,10,11
2020-11-21,Italy,1,1,0,1,0,0,0,386,7897,10,11
2020-11-21,Italy,1,1,1,1,0,0,0,386,7897,10,11
2020-11-21,Italy,1,1,0,0,46,21,5,386,7897,10,11
2020-11-21,Italy,7,1,1,0,8,0,0,386,7897,10,11
2020-11-22,Italy,1,1,0,1,0,0,0,386,7897,10,11
2020-11-22,Italy,1,1,0,0,47,21,5,386,7897,10,11
2020-11-22,Italy,1,1,1,0,3,0,0,386,7897,10,11
2020-11-23,Italy,1,0,0,1,0,0,0,386,7897,10,11
2020-11-23,Italy,1,1,0,3,0,0,0,386,7897,10,11
2020-11-23,Italy,1,1,1,2,0,0,0,386,7897,10,11
2020-11-23,Italy,1,1,0,0,51,25,7,386,7897,10,11
2020-11-23,Italy,1,1,1,0,7,0,0,386,7897,10,11
2020-11-24,Italy,1,0,0,2,0,0,0,386,7897,10,11
2020-11-24,Italy,1,1,0,4,0,0,0,386,7897,10,11
2020-11-24,Italy,1,1,1,0,12,5,2,386,7897,10,11
2020-11-24,Italy,1,1,0,0,60,29,7,386,7897,10,11
2020-11-24,Italy,1,0,0,0,3,2,0,386,7897,10,11
2020-11-25,Italy,1,0,0,4,0,0,0,386,7897,10,11
2020-11-25,Italy,1,1,0,3,0,0,0,386,7897,10,11
2020-11-25,Italy,1,1,1,0,11,10,0,386,7897,10,11
2020-11-25,Italy,1,1,0,0,56,29,11,386,7897,10,11
2020-11-25,Italy,1,0,0,0,2,0,0,386,7897,10,11
2020-11-26,Italy,1,0,0,2,0,0,0,386,7897,10,11
2020-11-26,Italy,1,1,1,1,0,0,0,386,7897,10,11
2020-11-26,Italy,1,1,0,0,55,27,7,386,7897,10,11
2020-11-26,Italy,1,1,1,0,15,11,0,386,7897,10,11
2020-11-27,Italy,1,1,0,4,0,0,0,386,7897,10,11
2020-11-27,Italy,1,1,1,0,10,5,1,386,7897,10,11
2020-11-27,Italy,1,1,0,0,58,26,6,386,7897,10,11
2020-11-27,Italy,1,0,0,0,1,1,0,386,7897,10,11
2020-11-28,Italy,1,0,0,1,0,0,0,386,7897,10,11
2020-11-28,Italy,1,1,0,2,0,0,0,386,7897,10,11
2020-11-28,Italy,1,1,1,2,0,0,0,386,7897,10,11
2020-11-28,Italy,1,1,0,0,63,28,6,386,7897,10,11
2020-11-28,Italy,1,1,1,0,10,5,1,386,7897,10,11
2020-11-28,Italy,1,0,0,0,1,0,0,386,7897,10,11
2020-11-29,Italy,1,1,0,4,0,0,0,386,7897,10,11
2020-11-29,Italy,1,1,1,1,0,0,0,386,7897,10,11
2020-11-29,Italy,1,1,0,0,64,30,5,386,7897,10,11
2020-11-29,Italy,1,1,1,0,10,6,0,386,7897,10,11
2020-11-30,Italy,1,0,0,2,0,0,0,386,7897,10,11
2020-11-30,Italy,1,1,0,2,0,0,0,386,7897,10,11
2020-11-30,Italy,1,1,0,0,63,38,9,386,7897,10,11
2020-11-30,Italy,1,1,1,0,8,3,0,386,7897,10,11
2020-12-01,Italy,1,0,0,2,0,0,0,386,7897,10,11
2020-12-01,Italy,1,1,0,4,0,0,0,386,7897,10,11
2020-12-01,Italy,1,1,1,1,0,0,0,386,7897,10,11
2020-12-01,Italy,1,1,0,0,65,40,6,386,7897,10,11
2020-12-01,Italy,1,1,1,0,6,3,0,386,7897,10,11
2020-12-01,Italy,1,0,0,0,1,1,0,386,7897,10,11
2020-12-02,Italy,1,1,0,5,0,0,0,386,7897,10,11
2020-12-02,Italy,1,1,1,1,0,0,0,386,7897,10,11
2020-12-02,Italy,1,1,0,0,57,33,5,386,7897,10,11
2020-12-02,Italy,1,1,1,0,4,2,0,386,7897,10,11
2020-12-03,Italy,1,0,0,1,0,0,0,386,7897,10,11
2020-12-03,Italy,1,1,0,3,0,0,0,386,7897,10,11
2020-12-03,Italy,1,1,1,1,0,0,0,386,7897,10,11
2020-12-03,Italy,1,1,1,0,7,5,2,386,7897,10,11
2020-12-03,Italy,1,1,0,0,54,32,4,386,7897,10,11
2020-12-04,Italy,1,0,0,2,0,0,0,386,7897,10,11
2020-12-04,Italy,1,1,0,4,0,0,0,386,7897,10,11
2020-12-04,Italy,1,0,1,3,0,0,0,386,7897,10,11
2020-12-04,Italy,1,1,1,1,0,0,0,386,7897,10,11
2020-12-04,Italy,1,1,1,0,8,6,2,386,7897,10,11
2020-12-04,Italy,1,1,0,0,55,28,6,386,7897,10,11
2020-12-04,Italy,1,0,0,0,3,2,0,386,7897,10,11
2020-12-05,Italy,1,1,0,5,0,0,0,386,7897,10,11
2020-12-05,Italy,1,1,0,0,64,24,4,386,7897,10,11
2020-12-05,Italy,1,1,1,0,6,4,0,386,7897,10,11
2020-12-06,Italy,1,1,0,2,0,0,0,386,7897,10,11
2020-12-06,Italy,1,1,0,0,68,24,1,386,7897,10,11
2020-12-06,Italy,1,1,1,0,6,4,1,386,7897,10,11
2020-12-07,Italy,1,0,0,1,0,0,0,386,7897,10,11
2020-12-07,Italy,1,1,0,3,0,0,0,386,7897,10,11
2020-12-07,Italy,1,1,1,2,0,0,0,386,7897,10,11
2020-12-07,Italy,1,1,0,0,71,23,1,386,7897,10,11
2020-12-07,Italy,1,1,1,0,6,4,2,386,7897,10,11
2020-12-07,Italy,1,0,1,0,1,0,0,386,7897,10,11
2020-12-07,Italy,1,0,0,0,1,1,0,386,7897,10,11
2020-12-08,Italy,1,1,0,2,0,0,0,386,7897,10,11
2020-12-08,Italy,1,1,1,1,0,0,0,386,7897,10,11
2020-12-08,Italy,1,1,0,0,80,29,4,386,7897,10,11
2020-12-08,Italy,1,1,1,0,6,3,1,386,7897,10,11
2020-12-09,Italy,1,0,0,2,0,0,0,386,7897,10,11
2020-12-09,Italy,1,1,0,1,0,0,0,386,7897,10,11
2020-12-09,Italy,1,1,0,0,83,32,1,386,7897,10,11
2020-12-09,Italy,1,1,1,0,18,13,4,386,7897,10,11
2020-12-09,Italy,1,0,0,0,2,1,0,386,7897,10,11
2020-12-10,Italy,1,0,0,2,0,0,0,386,7897,10,11
2020-12-10,Italy,1,1,0,4,0,0,0,386,7897,10,11
2020-12-10,Italy,1,1,1,1,0,0,0,386,7897,10,11
2020-12-10,Italy,1,1,0,0,73,18,0,386,7897,10,11
2020-12-10,Italy,1,1,1,0,13,4,1,386,7897,10,11
2020-12-10,Italy,1,0,0,0,4,3,0,386,7897,10,11
2020-12-11,Italy,1,0,0,2,0,0,0,386,7897,10,11
2020-12-11,Italy,1,1,0,3,0,0,0,386,7897,10,11
2020-12-11,Italy,1,1,1,1,0,0,0,386,7897,10,11
2020-12-11,Italy,1,1,0,0,72,19,0,386,7897,10,11
2020-12-11,Italy,1,1,1,0,20,6,2,386,7897,10,11
2020-12-12,Italy,1,1,0,3,0,0,0,386,7897,10,11
2020-12-12,Italy,1,1,1,2,0,0,0,386,7897,10,11
2020-12-12,Italy,1,1,0,0,67,19,0,386,7897,10,11
2020-12-12,Italy,1,1,1,0,21,11,2,386,7897,10,11
2020-12-12,Italy,1,0,0,0,1,1,0,386,7897,10,11
2020-12-13,Italy,1,0,0,1,0,0,0,386,7897,10,11
2020-12-13,Italy,1,1,0,1,0,0,0,386,7897,10,11
2020-12-13,Italy,1,1,1,2,0,0,0,386,7897,10,11
2020-12-13,Italy,1,1,0,0,59,18,5,386,7897,10,11
2020-12-13,Italy,1,1,1,0,21,6,0,386,7897,10,11
2020-12-13,Italy,1,0,0,0,3,0,0,386,7897,10,11
2020-12-14,Italy,1,0,0,1,0,0,0,386,7897,10,11
2020-12-14,Italy,1,1,0,3,0,0,0,386,7897,10,11
2020-12-14,Italy,1,0,1,1,0,0,0,386,7897,10,11
2020-12-14,Italy,1,1,1,2,0,0,0,386,7897,10,11
2020-12-14,Italy,1,1,0,0,54,19,3,386,7897,10,11
2020-12-14,Italy,1,1,1,0,16,2,0,386,7897,10,11
2020-12-14,Italy,1,0,0,0,1,1,0,386,7897,10,11
2020-12-15,Italy,1,0,0,1,0,0,0,386,7897,10,11
2020-12-15,Italy,1,1,0,3,0,0,0,386,7897,10,11
2020-12-15,Italy,1,1,0,0,58,22,1,386,7897,10,11
2020-12-15,Italy,1,1,1,0,18,3,0,386,7897,10,11
2020-12-16,Italy,1,0,0,3,0,0,0,386,7897,10,11
2020-12-16,Italy,1,1,0,7,0,0,0,386,7897,10,11
2020-12-16,Italy,1,1,0,0,68,28,4,386,7897,10,11
2020-12-16,Italy,1,1,1,0,20,4,0,386,7897,10,11
2020-12-16,Italy,1,0,0,0,5,0,0,386,7897,10,11
2020-12-17,Italy,1,1,0,5,0,0,0,386,7897,10,11
2020-12-17,Italy,1,1,1,1,0,0,0,386,7897,10,11
2020-12-17,Italy,1,1,0,0,73,29,3,386,7897,10,11
2020-12-17,Italy,1,1,1,0,18,2,0,386,7897,10,11
2020-12-18,Italy,1,0,0,1,0,0,0,386,7897,10,11
2020-12-18,Italy,1,1,0,1,0,0,0,386,7897,10,11
2020-12-18,Italy,1,1,1,0,17,9,1,386,7897,10,11
2020-12-18,Italy,1,1,0,0,77,29,8,386,7897,10,11
2020-12-19,Italy,1,0,0,1,0,0,0,386,7897,10,11
2020-12-19,Italy,1,1,1,1,0,0,0,386,7897,10,11
2020-12-19,Italy,1,1,1,0,20,5,1,386,7897,10,11
2020-12-19,Italy,1,1,0,0,71,23,1,386,7897,10,11
2020-12-19,Italy,1,0,0,0,3,0,0,386,7897,10,11
2020-12-20,Italy,1,1,0,1,0,0,0,386,7897,10,11
2020-12-20,Italy,1,1,1,1,0,0,0,386,7897,10,11
2020-12-20,Italy,1,1,1,0,24,7,1,386,7897,10,11
2020-12-20,Italy,1,1,0,0,76,21,0,386,7897,10,11
2020-12-21,Italy,1,1,0,4,0,0,0,386,7897,10,11
2020-12-21,Italy,1,1,1,2,0,0,0,386,7897,10,11
2020-12-21,Italy,1,1,1,0,26,9,2,386,7897,10,11
2020-12-21,Italy,1,1,0,0,75,28,4,386,7897,10,11
2020-12-22,Italy,1,0,0,2,0,0,0,386,7897,10,11
2020-12-22,Italy,1,1,0,5,0,0,0,386,7897,10,11
2020-12-22,Italy,1,1,1,2,0,0,0,386,7897,10,11
2020-12-22,Italy,1,1,1,0,33,11,3,386,7897,10,11
2020-12-22,Italy,1,1,0,0,81,34,1,386,7897,10,11
2020-12-22,Italy,1,0,0,0,2,0,0,386,7897,10,11
2020-12-23,Italy,1,0,0,1,0,0,0,386,7897,10,11
2020-12-23,Italy,1,1,0,2,0,0,0,386,7897,10,11
2020-12-23,Italy,1,1,0,0,78,35,2,386,7897,10,11
2020-12-23,Italy,1,1,1,0,26,5,2,386,7897,10,11
2020-12-23,Italy,1,0,0,0,2,0,0,386,7897,10,11
2020-12-24,Italy,1,0,0,2,0,0,0,386,7897,10,11
2020-12-24,Italy,1,1,0,3,0,0,0,386,7897,10,11
2020-12-24,Italy,1,1,0,0,79,32,0,386,7897,10,11
2020-12-24,Italy,1,1,1,0,26,8,2,386,7897,10,11
2020-12-24,Italy,1,0,0,0,1,0,0,386,7897,10,11
2020-12-25,Italy,1,0,0,2,0,0,0,386,7897,10,11
2020-12-25,Italy,1,1,0,1,0,0,0,386,7897,10,11
2020-12-25,Italy,1,1,0,0,76,32,0,386,7897,10,11
2020-12-25,Italy,1,1,1,0,26,7,0,386,7897,10,11
2020-12-25,Italy,1,0,0,0,1,0,0,386,7897,10,11
2020-12-26,Italy,1,0,0,1,0,0,0,386,7897,10,11
2020-12-26,Italy,1,1,0,1,0,0,0,386,7897,10,11
2020-12-26,Italy,1,1,0,0,77,33,2,386,7897,10,11
2020-12-26,Italy,1,1,1,0,26,4,0,386,7897,10,11
2020-12-27,Italy,1,0,0,2,0,0,0,386,7897,10,11
2020-12-27,Italy,1,1,0,0,74,34,2,386,7897,10,11
2020-12-27,Italy,1,1,1,0,26,5,1,386,7897,10,11
2020-12-27,Italy,1,0,0,0,1,1,0,386,7897,10,11
2020-12-28,Italy,1,0,0,1,0,0,0,386,7897,10,11
2020-12-28,Italy,1,1,1,1,0,0,0,386,7897,10,11
2020-12-28,Italy,1,1,0,0,75,33,1,386,7897,10,11
2020-12-28,Italy,1,1,1,0,21,1,1,386,7897,10,11
2020-12-29,Italy,1,0,0,1,0,0,0,386,7897,10,11
2020-12-29,Italy,1,1,0,3,0,0,0,386,7897,10,11
2020-12-29,Italy,1,1,0,0,81,31,0,386,7897,10,11
2020-12-29,Italy,1,1,1,0,20,5,1,386,7897,10,11
2020-12-30,Italy,1,0,0,1,0,0,0,386,7897,10,11
2020-12-30,Italy,1,1,0,2,0,0,0,386,7897,10,11
2020-12-30,Italy,1,1,1,1,0,0,0,386,7897,10,11
2020-12-30,Italy,1,1,0,0,85,35,1,386,7897,10,11
2020-12-30,Italy,1,1,1,0,18,8,2,386,7897,10,11
2020-12-30,Italy,1,0,0,0,2,0,0,386,7897,10,11
2020-12-31,Italy,1,1,0,1,0,0,0,386,7897,10,11
2020-12-31,Italy,1,1,0,0,84,28,0,386,7897,10,11
2020-12-31,Italy,1,1,1,0,18,4,1,386,7897,10,11
2021-01-01,Italy,1,0,0,1,0,0,0,386,7897,10,11
2021-01-01,Italy,1,1,0,0,81,31,1,386,7897,10,11
2021-01-01,Italy,1,1,1,0,18,4,1,386,7897,10,11
2021-01-01,Italy,1,0,0,0,2,0,0,386,7897,10,11
2021-01-02,Italy,1,1,0,3,0,0,0,386,7897,10,11
2021-01-02,Italy,1,1,1,1,0,0,0,386,7897,10,11
2021-01-02,Italy,1,1,0,0,88,37,3,386,7897,10,11
2021-01-02,Italy,1,1,1,0,19,3,0,386,7897,10,11
2021-01-02,Italy,1,0,0,0,1,0,0,386,7897,10,11
2021-01-03,Italy,1,0,0,1,0,0,0,386,7897,10,11
2021-01-03,Italy,1,1,0,2,0,0,0,386,7897,10,11
2021-01-03,Italy,1,1,0,0,86,33,2,386,7897,10,11
2021-01-03,Italy,1,1,1,0,17,3,0,386,7897,10,11
2021-01-04,Italy,1,1,0,4,0,0,0,386,7897,10,11
2021-01-04,Italy,1,1,1,1,0,0,0,386,7897,10,11
2021-01-04,Italy,1,1,0,0,86,34,5,386,7897,10,11
2021-01-04,Italy,1,1,1,0,13,1,0,386,7897,10,11
2021-01-05,Italy,1,0,0,1,0,0,0,386,7897,10,11
2021-01-05,Italy,1,1,0,2,0,0,0,386,7897,10,11
2021-01-05,Italy,1,1,1,1,0,0,0,386,7897,10,11
2021-01-05,Italy,1,1,0,0,74,29,2,386,7897,10,11
2021-01-05,Italy,1,1,1,0,12,1,0,386,7897,10,11
2021-01-06,Italy,1,0,0,2,0,0,0,386,7897,10,11
2021-01-06,Italy,1,1,0,7,0,0,0,386,7897,10,11
2021-01-06,Italy,1,0,1,1,0,0,0,386,7897,10,11
2021-01-06,Italy,1,1,1,1,0,0,0,386,7897,10,11
2021-01-06,Italy,1,1,0,0,91,33,3,386,7897,10,11
2021-01-06,Italy,1,1,1,0,12,1,0,386,7897,10,11
2021-01-06,Italy,1,0,1,0,1,0,0,386,7897,10,11
2021-01-06,Italy,1,0,0,0,1,0,0,386,7897,10,11
2021-01-07,Italy,1,1,0,6,0,0,0,386,7897,10,11
2021-01-07,Italy,1,1,1,2,0,0,0,386,7897,10,11
2021-01-07,Italy,1,1,0,0,100,39,3,386,7897,10,11
2021-01-07,Italy,1,1,1,0,12,3,0,386,7897,10,11
2021-01-08,Italy,1,0,0,1,0,0,0,386,7897,10,11
2021-01-08,Italy,1,1,0,2,0,0,0,386,7897,10,11
2021-01-08,Italy,1,1,0,0,112,50,5,386,7897,10,11
2021-01-08,Italy,1,1,1,0,11,0,0,386,7897,10,11
2021-01-09,Italy,1,1,0,2,0,0,0,386,7897,10,11
2021-01-09,Italy,1,1,0,0,103,28,1,386,7897,10,11
2021-01-09,Italy,1,1,1,0,14,2,0,386,7897,10,11
2021-01-09,Italy,1,0,1,0,1,0,0,386,7897,10,11
2021-01-09,Italy,1,0,0,0,1,0,0,386,7897,10,11
2021-01-10,Italy,1,0,0,1,0,0,0,386,7897,10,11
2021-01-10,Italy,1,1,0,1,0,0,0,386,7897,10,11
2021-01-10,Italy,1,1,0,0,101,33,5,386,7897,10,11
2021-01-10,Italy,1,1,1,0,13,2,0,386,7897,10,11
2021-01-11,Italy,1,0,0,3,0,0,0,386,7897,10,11
2021-01-11,Italy,1,1,0,1,0,0,0,386,7897,10,11
2021-01-11,Italy,1,1,0,0,105,33,1,386,7897,10,11
2021-01-11,Italy,1,1,1,0,6,0,0,386,7897,10,11
2021-01-12,Italy,1,0,0,2,0,0,0,386,7897,10,11
2021-01-12,Italy,1,1,0,1,0,0,0,386,7897,10,11
2021-01-12,Italy,1,1,1,1,0,0,0,386,7897,10,11
2021-01-12,Italy,1,1,0,0,100,34,1,386,7897,10,11
2021-01-12,Italy,1,1,1,0,7,1,0,386,7897,10,11
2021-01-12,Italy,1,0,0,0,2,1,0,386,7897,10,11
2021-01-13,Italy,1,0,0,7,0,0,0,386,7897,10,11
2021-01-13,Italy,1,1,0,3,0,0,0,386,7897,10,11
2021-01-13,Italy,1,1,1,1,0,0,0,386,7897,10,11
2021-01-13,Italy,1,1,1,0,11,7,0,386,7897,10,11
2021-01-13,Italy,1,1,0,0,100,31,3,386,7897,10,11
2021-01-13,Italy,1,0,0,0,8,0,0,386,7897,10,11
2021-01-14,Italy,1,1,1,2,0,0,0,386,7897,10,11
2021-01-14,Italy,1,1,0,0,87,15,2,386,7897,10,11
2021-01-14,Italy,1,1,1,0,5,1,0,386,7897,10,11
2021-01-15,Italy,1,0,0,1,0,0,0,386,7897,10,11
2021-01-15,Italy,1,1,0,5,0,0,0,386,7897,10,11
2021-01-15,Italy,7,1,1,1,0,0,0,386,7897,10,11
2021-01-15,Italy,1,1,0,0,92,28,4,386,7897,10,11
2021-01-15,Italy,1,0,0,0,1,1,0,386,7897,10,11
2021-01-16,Italy,1,1,0,2,0,0,0,386,7897,10,11
2021-01-16,Italy,1,0,1,1,0,0,0,386,7897,10,11
2021-01-16,Italy,1,1,0,0,82,31,1,386,7897,10,11
2021-01-16,Italy,1,0,0,0,3,0,0,386,7897,10,11
2021-01-17,Italy,1,0,0,1,0,0,0,386,7897,10,11
2021-01-17,Italy,1,1,0,1,0,0,0,386,7897,10,11
2021-01-17,Italy,1,1,1,1,0,0,0,386,7897,10,11
2021-01-17,Italy,1,1,0,0,77,25,5,386,7897,10,11
2021-01-18,Italy,1,0,0,1,0,0,0,386,7897,10,11
2021-01-18,Italy,1,1,0,3,0,0,0,386,7897,10,11
2021-01-18,Italy,1,1,1,3,0,0,0,386,7897,10,11
2021-01-18,Italy,1,1,0,0,76,29,2,386,7897,10,11
2021-01-18,Italy,1,1,1,0,3,3,0,386,7897,10,11
2021-01-19,Italy,1,0,0,1,0,0,0,386,7897,10,11
2021-01-19,Italy,1,1,0,5,0,0,0,386,7897,10,11
2021-01-19,Italy,1,1,1,0,5,5,0,386,7897,10,11
2021-01-19,Italy,1,1,0,0,65,28,5,386,7897,10,11
2021-01-20,Italy,1,0,0,2,0,0,0,386,7897,10,11
2021-01-20,Italy,3,1,0,1,0,0,0,386,7897,10,11
2021-01-20,Italy,1,1,0,3,0,0,0,386,7897,10,11
2021-01-20,Italy,1,1,0,0,66,26,3,386,7897,10,11
2021-01-20,Italy,1,1,1,0,5,5,1,386,7897,10,11
2021-01-20,Italy,3,1,0,0,2,2,1,386,7897,10,11
2021-01-20,Italy,1,0,0,0,1,0,0,386,7897,10,11
2021-01-21,Italy,1,1,0,2,0,0,0,386,7897,10,11
2021-01-21,Italy,3,1,0,0,3,3,1,386,7897,10,11
2021-01-21,Italy,1,1,0,0,76,32,2,386,7897,10,11
2021-01-21,Italy,1,1,1,0,5,5,0,386,7897,10,11
2021-01-21,Italy,7,1,1,0,1,0,0,386,7897,10,11
2021-01-22,Italy,1,0,0,1,0,0,0,386,7897,10,11
2021-01-22,Italy,1,1,0,5,0,0,0,386,7897,10,11
2021-01-22,Italy,1,1,1,1,0,0,0,386,7897,10,11
2021-01-22,Italy,3,1,0,0,3,3,3,386,7897,10,11
2021-01-22,Italy,1,1,0,0,84,39,1,386,7897,10,11
2021-01-22,Italy,1,1,1,0,5,5,0,386,7897,10,11
2021-01-22,Italy,7,1,1,0,5,0,0,386,7897,10,11
2021-01-23,Italy,1,0,0,1,0,0,0,386,7897,10,11
2021-01-23,Italy,1,1,0,2,0,0,0,386,7897,10,11
2021-01-23,Italy,1,1,0,0,78,40,1,386,7897,10,11
2021-01-23,Italy,3,1,0,0,3,3,2,386,7897,10,11
2021-01-23,Italy,1,1,1,0,5,5,0,386,7897,10,11
2021-01-23,Italy,7,1,1,0,5,0,0,386,7897,10,11
2021-01-23,Italy,1,0,0,0,2,0,0,386,7897,10,11
2021-01-24,Italy,1,0,0,1,0,0,0,386,7897,10,11
2021-01-24,Italy,1,1,0,1,0,0,0,386,7897,10,11
2021-01-24,Italy,1,0,1,1,0,0,0,386,7897,10,11
2021-01-24,Italy,1,1,0,0,72,29,4,386,7897,10,11
2021-01-24,Italy,3,1,0,0,8,5,1,386,7897,10,11
2021-01-24,Italy,1,1,1,0,5,5,0,386,7897,10,11
2021-01-24,Italy,7,1,1,0,5,0,0,386,7897,10,11
2021-01-24,Italy,1,0,0,0,1,0,0,386,7897,10,11
2021-01-25,Italy,1,1,0,1,0,0,0,386,7897,10,11
2021-01-25,Italy,1,1,1,1,0,0,0,386,7897,10,11
2021-01-25,Italy,1,1,0,0,67,28,1,386,7897,10,11
2021-01-25,Italy,3,1,0,0,7,7,0,386,7897,10,11
2021-01-25,Italy,1,1,1,0,5,5,0,386,7897,10,11
2021-01-25,Italy,7,1,1,0,5,0,0,386,7897,10,11
2021-01-26,Italy,1,0,0,2,0,0,0,386,7897,10,11
2021-01-26,Italy,1,1,0,2,0,0,0,386,7897,10,11
2021-01-26,Italy,7,1,0,1,0,0,0,386,7897,10,11
2021-01-26,Italy,1,1,1,2,0,0,0,386,7897,10,11
2021-01-26,Italy,1,1,0,0,68,26,0,386,7897,10,11
2021-01-26,Italy,3,1,0,0,8,2,0,386,7897,10,11
2021-01-26,Italy,1,1,1,0,6,5,0,386,7897,10,11
2021-01-26,Italy,7,1,1,0,5,0,0,386,7897,10,11
2021-01-26,Italy,1,0,0,0,2,0,0,386,7897,10,11
2021-01-27,Italy,1,0,0,2,0,0,0,386,7897,10,11
2021-01-27,Italy,1,1,0,1,0,0,0,386,7897,10,11
2021-01-27,Italy,1,1,1,3,0,0,0,386,7897,10,11
2021-01-27,Italy,1,1,1,0,6,2,0,386,7897,10,11
2021-01-27,Italy,1,1,0,0,63,22,0,386,7897,10,11
2021-01-27,Italy,3,1,0,0,7,7,3,386,7897,10,11
2021-01-27,Italy,7,1,1,0,5,1,1,386,7897,10,11
2021-01-27,Italy,1,0,0,0,2,0,0,386,7897,10,11
2021-01-28,Italy,1,1,1,0,4,0,0,386,7897,10,11
2021-01-28,Italy,1,1,0,0,58,27,1,386,7897,10,11
2021-01-28,Italy,3,1,0,0,7,6,0,386,7897,10,11
2021-01-28,Italy,7,1,1,0,5,1,0,386,7897,10,11
2021-01-29,Italy,1,1,1,0,4,0,0,386,7897,10,11
2021-01-29,Italy,1,1,0,0,56,23,2,386,7897,10,11
2021-01-29,Italy,3,1,0,0,6,5,1,386,7897,10,11
2021-01-29,Italy,7,1,1,0,5,1,0,386,7897,10,11
2021-01-29,Italy,1,0,0,0,1,0,0,386,7897,10,11
2021-01-30,Italy,1,1,1,0,4,0,0,386,7897,10,11
2021-01-30,Italy,1,1,0,0,56,16,0,386,7897,10,11
2021-01-30,Italy,3,1,0,0,6,3,1,386,7897,10,11
2021-01-30,Italy,7,1,1,0,5,0,0,386,7897,10,11
2021-01-31,Italy,1,1,1,0,4,0,0,386,7897,10,11
2021-01-31,Italy,1,1,0,0,60,25,1,386,7897,10,11
2021-01-31,Italy,3,1,0,0,6,4,1,386,7897,10,11
2021-01-31,Italy,7,1,1,0,5,0,0,386,7897,10,11
2021-01-31,Italy,1,0,0,0,1,0,0,386,7897,10,11
2021-02-01,Italy,1,1,0,0,64,20,0,386,7897,10,11
2021-02-01,Italy,1,1,1,0,4,0,0,386,7897,10,11
2021-02-01,Italy,3,1,0,0,7,4,0,386,7897,10,11
2021-02-01,Italy,7,1,1,0,5,0,0,386,7897,10,11
2021-02-02,Italy,1,1,0,0,72,22,1,386,7897,10,11
2021-02-02,Italy,1,1,1,0,4,0,0,386,7897,10,11
2021-02-02,Italy,3,1,0,0,7,4,0,386,7897,10,11
2021-02-02,Italy,7,1,1,0,5,0,0,386,7897,10,11
2021-02-03,Italy,1,1,0,0,63,16,0,386,7897,10,11
2021-02-03,Italy,1,1,1,0,4,0,0,386,7897,10,11
2021-02-03,Italy,3,1,0,0,7,7,1,386,7897,10,11
2021-02-03,Italy,7,1,1,0,5,0,0,386,7897,10,11
2021-02-04,Italy,1,1,0,0,61,14,1,386,7897,10,11
2021-02-04,Italy,1,1,1,0,3,0,0,386,7897,10,11
2021-02-04,Italy,3,1,0,0,6,1,0,386,7897,10,11
2021-02-04,Italy,7,1,1,0,5,0,0,386,7897,10,11
2021-02-05,Italy,1,1,0,0,58,11,1,386,7897,10,11
2021-02-05,Italy,1,1,1,0,4,2,0,386,7897,10,11
2021-02-05,Italy,7,1,1,0,5,0,0,386,7897,10,11
2021-02-05,Italy,3,1,0,0,6,1,0,386,7897,10,11
2021-02-06,Italy,1,1,0,0,53,14,0,386,7897,10,11
2021-02-06,Italy,1,1,1,0,3,2,0,386,7897,10,11
2021-02-06,Italy,7,1,1,0,5,0,0,386,7897,10,11
2021-02-06,Italy,3,1,0,0,2,2,1,386,7897,10,11
2021-02-07,Italy,1,1,0,0,55,13,0,386,7897,10,11
2021-02-07,Italy,3,1,0,0,6,6,1,386,7897,10,11
2021-02-07,Italy,7,1,1,0,5,0,0,386,7897,10,11
2021-02-08,Italy,1,1,0,0,44,15,0,386,7897,10,11
2021-02-08,Italy,7,1,1,0,5,0,0,386,7897,10,11
2021-02-08,Italy,3,1,0,0,6,2,1,386,7897,10,11
2021-02-09,Italy,1,1,0,0,41,8,1,386,7897,10,11
2021-02-09,Italy,7,1,1,0,5,0,0,386,7897,10,11
2021-02-09,Italy,3,1,0,0,5,4,2,386,7897,10,11
2021-02-10,Italy,1,1,0,0,36,13,0,386,7897,10,11
2021-02-10,Italy,3,1,0,0,6,3,0,386,7897,10,11
2021-02-10,Italy,7,1,1,0,5,0,0,386,7897,10,11
2021-02-11,Italy,1,1,0,0,34,6,0,386,7897,10,11
2021-02-11,Italy,7,1,1,0,5,0,0,386,7897,10,11
2021-02-11,Italy,3,1,0,0,6,1,0,386,7897,10,11
2021-02-12,Italy,1,1,0,0,35,7,1,386,7897,10,11
2021-02-12,Italy,7,1,1,0,5,0,0,386,7897,10,11
2021-02-12,Italy,3,1,0,0,5,5,0,386,7897,10,11
2021-02-13,Italy,1,1,0,0,34,6,1,386,7897,10,11
2021-02-13,Italy,3,1,0,0,6,6,1,386,7897,10,11
2021-02-13,Italy,7,1,1,0,5,0,0,386,7897,10,11
2021-02-14,Italy,1,1,0,0,41,20,2,386,7897,10,11
2021-02-14,Italy,3,1,0,0,6,5,1,386,7897,10,11
2021-02-15,Italy,1,1,0,0,39,16,0,386,7897,10,11
2021-02-15,Italy,3,1,0,0,5,5,0,386,7897,10,11
2021-02-16,Italy,1,1,0,0,34,12,1,386,7897,10,11
2021-02-16,Italy,3,1,0,0,6,0,0,386,7897,10,11
2021-02-17,Italy,1,1,0,0,26,16,0,386,7897,10,11
2021-02-17,Italy,3,1,0,0,6,4,0,386,7897,10,11
2021-02-18,Italy,1,1,0,0,15,9,1,386,7897,10,11
2021-02-18,Italy,3,1,0,0,5,1,0,386,7897,10,11
2021-02-19,Italy,1,1,0,0,15,10,0,386,7897,10,11
2021-02-20,Italy,1,1,0,0,7,0,0,386,7897,10,11
2021-02-20,Italy,1,1,1,0,2,2,0,386,7897,10,11
2021-02-21,Italy,1,1,0,0,7,4,0,386,7897,10,11
2021-02-21,Italy,1,1,1,0,3,1,0,386,7897,10,11
2021-02-22,Italy,1,1,0,0,7,0,0,386,7897,10,11
2021-02-22,Italy,1,1,1,0,3,0,0,386,7897,10,11
2021-02-23,Italy,1,1,0,0,7,6,0,386,7897,10,11
2021-02-23,Italy,1,1,1,0,4,3,1,386,7897,10,11
2021-02-24,Italy,1,1,0,0,7,1,0,386,7897,10,11
2020-11-02,Singapore,1,0,0,2,0,0,0,375,8899,11,10
2020-11-02,Singapore,1,1,0,1,0,0,0,375,8899,11,10
2020-11-02,Singapore,1,0,0,0,2,0,0,375,8899,11,10
2020-11-03,Singapore,1,1,1,2,0,0,0,375,8899,11,10
2020-11-04,Singapore,1,0,0,1,0,0,0,375,8899,11,10
2020-11-04,Singapore,1,1,0,2,0,0,0,375,8899,11,10
2020-11-04,Singapore,1,0,1,1,0,0,0,375,8899,11,10
2020-11-04,Singapore,1,1,1,2,0,0,0,375,8899,11,10
2020-11-04,Singapore,1,1,0,0,6,0,0,375,8899,11,10
2020-11-04,Singapore,1,0,0,0,2,2,0,375,8899,11,10
2020-11-04,Singapore,1,0,1,0,1,0,0,375,8899,11,10
2020-11-05,Singapore,1,1,0,3,0,0,0,375,8899,11,10
2020-11-05,Singapore,1,1,0,0,15,9,1,375,8899,11,10
2020-11-05,Singapore,1,0,0,0,1,0,0,375,8899,11,10
2020-11-06,Singapore,1,0,0,1,0,0,0,375,8899,11,10
2020-11-06,Singapore,1,1,0,0,11,6,0,375,8899,11,10
2020-11-06,Singapore,1,0,0,0,2,2,0,375,8899,11,10
2020-11-07,Singapore,1,1,0,3,0,0,0,375,8899,11,10
2020-11-07,Singapore,1,1,1,1,0,0,0,375,8899,11,10
2020-11-07,Singapore,1,1,0,0,12,4,0,375,8899,11,10
2020-11-07,Singapore,1,0,0,0,1,1,0,375,8899,11,10
2020-11-07,Singapore,1,0,1,0,1,0,0,375,8899,11,10
2020-11-07,Singapore,1,1,1,0,2,2,1,375,8899,11,10
2020-11-08,Singapore,1,1,0,2,0,0,0,375,8899,11,10
2020-11-08,Singapore,1,1,1,0,7,7,0,375,8899,11,10
2020-11-08,Singapore,1,1,0,0,19,10,1,375,8899,11,10
2020-11-09,Singapore,1,0,0,2,0,0,0,375,8899,11,10
2020-11-09,Singapore,1,1,0,3,0,0,0,375,8899,11,10
2020-11-09,Singapore,1,1,1,2,0,0,0,375,8899,11,10
2020-11-09,Singapore,1,1,0,0,23,5,0,375,8899,11,10
2020-11-09,Singapore,1,0,0,0,1,0,0,375,8899,11,10
2020-11-09,Singapore,1,1,1,0,1,1,0,375,8899,11,10
2020-11-10,Singapore,1,0,0,2,0,0,0,375,8899,11,10
2020-11-10,Singapore,1,1,0,6,0,0,0,375,8899,11,10
2020-11-10,Singapore,1,1,0,0,25,11,2,375,8899,11,10
2020-11-10,Singapore,1,0,0,0,1,0,0,375,8899,11,10
2020-11-11,Singapore,1,1,0,4,0,0,0,375,8899,11,10
2020-11-11,Singapore,7,1,0,1,0,0,0,375,8899,11,10
2020-11-11,Singapore,1,1,1,1,0,0,0,375,8899,11,10
2020-11-11,Singapore,1,1,0,0,37,23,5,375,8899,11,10
2020-11-11,Singapore,1,1,1,0,4,4,0,375,8899,11,10
2020-11-12,Singapore,1,0,0,1,0,0,0,375,8899,11,10
2020-11-12,Singapore,1,1,0,1,0,0,0,375,8899,11,10
2020-11-12,Singapore,1,1,1,1,0,0,0,375,8899,11,10
2020-11-12,Singapore,1,1,0,0,39,22,0,375,8899,11,10
2020-11-12,Singapore,1,0,0,0,2,1,0,375,8899,11,10
2020-11-13,Singapore,1,0,0,4,0,0,0,375,8899,11,10
2020-11-13,Singapore,1,1,0,1,0,0,0,375,8899,11,10
2020-11-13,Singapore,1,1,1,1,0,0,0,375,8899,11,10
2020-11-13,Singapore,1,1,0,0,41,20,0,375,8899,11,10
2020-11-13,Singapore,1,0,0,0,3,0,0,375,8899,11,10
2020-11-13,Singapore,1,1,1,0,2,2,0,375,8899,11,10
2020-11-14,Singapore,1,0,0,2,0,0,0,375,8899,11,10
2020-11-14,Singapore,1,1,0,1,0,0,0,375,8899,11,10
2020-11-14,Singapore,1,1,1,2,0,0,0,375,8899,11,10
2020-11-14,Singapore,1,1,1,0,8,7,0,375,8899,11,10
2020-11-14,Singapore,1,1,0,0,43,19,2,375,8899,11,10
2020-11-14,Singapore,1,0,0,0,1,1,0,375,8899,11,10
2020-11-15,Singapore,1,1,1,1,0,0,0,375,8899,11,10
2020-11-15,Singapore,1,1,0,0,42,22,0,375,8899,11,10
2020-11-15,Singapore,1,1,1,0,8,4,0,375,8899,11,10
2020-11-15,Singapore,1,0,0,0,1,0,0,375,8899,11,10
2020-11-16,Singapore,1,1,0,1,0,0,0,375,8899,11,10
2020-11-16,Singapore,1,1,0,0,39,22,0,375,8899,11,10
2020-11-16,Singapore,1,1,1,0,8,3,1,375,8899,11,10
2020-11-17,Singapore,1,0,0,2,0,0,0,375,8899,11,10
2020-11-17,Singapore,1,1,0,1,0,0,0,375,8899,11,10
2020-11-17,Singapore,1,1,1,1,0,0,0,375,8899,11,10
2020-11-17,Singapore,1,1,0,0,40,19,0,375,8899,11,10
2020-11-17,Singapore,1,1,1,0,8,8,0,375,8899,11,10
2020-11-17,Singapore,1,0,0,0,1,0,0,375,8899,11,10
2020-11-18,Singapore,1,0,0,2,0,0,0,375,8899,11,10
2020-11-18,Singapore,1,1,0,2,0,0,0,375,8899,11,10
2020-11-18,Singapore,1,1,1,1,0,0,0,375,8899,11,10
2020-11-18,Singapore,1,1,0,0,44,18,1,375,8899,11,10
2020-11-18,Singapore,1,1,1,0,8,8,0,375,8899,11,10
2020-11-19,Singapore,1,1,0,1,0,0,0,375,8899,11,10
2020-11-19,Singapore,1,1,1,2,0,0,0,375,8899,11,10
2020-11-19,Singapore,1,1,0,0,44,19,2,375,8899,11,10
2020-11-19,Singapore,1,1,1,0,12,9,0,375,8899,11,10
2020-11-20,Singapore,1,0,0,3,0,0,0,375,8899,11,10
2020-11-20,Singapore,1,1,0,1,0,0,0,375,8899,11,10
2020-11-20,Singapore,1,1,0,0,43,18,0,375,8899,11,10
2020-11-20,Singapore,1,1,1,0,12,9,0,375,8899,11,10
2020-11-20,Singapore,1,0,0,0,4,2,0,375,8899,11,10
2020-11-21,Singapore,1,0,0,1,0,0,0,375,8899,11,10
2020-11-21,Singapore,1,1,0,1,0,0,0,375,8899,11,10
2020-11-21,Singapore,1,1,0,0,37,9,0,375,8899,11,10
2020-11-21,Singapore,1,1,1,0,12,8,0,375,8899,11,10
2020-11-22,Singapore,1,0,0,1,0,0,0,375,8899,11,10
2020-11-22,Singapore,1,1,1,1,0,0,0,375,8899,11,10
2020-11-22,Singapore,1,1,0,0,39,11,2,375,8899,11,10
2020-11-22,Singapore,1,1,1,0,12,11,0,375,8899,11,10
2020-11-22,Singapore,1,0,0,0,2,2,0,375,8899,11,10
2020-11-23,Singapore,1,0,0,1,0,0,0,375,8899,11,10
2020-11-23,Singapore,1,1,0,6,0,0,0,375,8899,11,10
2020-11-23,Singapore,1,1,1,1,0,0,0,375,8899,11,10
2020-11-23,Singapore,1,1,0,0,52,8,0,375,8899,11,10
2020-11-23,Singapore,1,1,1,0,10,8,0,375,8899,11,10
2020-11-23,Singapore,1,0,0,0,2,1,0,375,8899,11,10
2020-11-24,Singapore,1,0,0,4,0,0,0,375,8899,11,10
2020-11-24,Singapore,1,1,0,4,0,0,0,375,8899,11,10
2020-11-24,Singapore,1,1,0,0,68,15,1,375,8899,11,10
2020-11-24,Singapore,1,1,1,0,5,0,0,375,8899,11,10
2020-11-25,Singapore,1,0,0,2,0,0,0,375,8899,11,10
2020-11-25,Singapore,1,1,0,2,0,0,0,375,8899,11,10
2020-11-25,Singapore,1,0,1,1,0,0,0,375,8899,11,10
2020-11-25,Singapore,1,1,0,0,66,14,3,375,8899,11,10
2020-11-25,Singapore,1,1,1,0,4,1,0,375,8899,11,10
2020-11-26,Singapore,1,0,0,1,0,0,0,375,8899,11,10
2020-11-26,Singapore,1,1,0,1,0,0,0,375,8899,11,10
2020-11-26,Singapore,1,1,1,3,0,0,0,375,8899,11,10
2020-11-26,Singapore,1,1,0,0,76,19,2,375,8899,11,10
2020-11-26,Singapore,1,1,1,0,8,3,0,375,8899,11,10
2020-11-27,Singapore,1,0,0,2,0,0,0,375,8899,11,10
2020-11-27,Singapore,1,1,0,2,0,0,0,375,8899,11,10
2020-11-27,Singapore,1,1,1,1,0,0,0,375,8899,11,10
2020-11-27,Singapore,1,1,1,0,10,3,0,375,8899,11,10
2020-11-27,Singapore,1,1,0,0,71,20,0,375,8899,11,10
2020-11-27,Singapore,1,0,0,0,1,0,0,375,8899,11,10
2020-11-28,Singapore,1,1,0,2,0,0,0,375,8899,11,10
2020-11-28,Singapore,1,1,0,0,58,10,0,375,8899,11,10
2020-11-28,Singapore,1,1,1,0,10,5,1,375,8899,11,10
2020-11-29,Singapore,1,1,0,2,0,0,0,375,8899,11,10
2020-11-29,Singapore,1,1,0,0,57,8,1,375,8899,11,10
2020-11-29,Singapore,1,1,1,0,7,2,0,375,8899,11,10
2020-11-30,Singapore,1,1,0,1,0,0,0,375,8899,11,10
2020-11-30,Singapore,1,1,1,1,0,0,0,375,8899,11,10
2020-11-30,Singapore,1,1,0,0,58,10,2,375,8899,11,10
2020-11-30,Singapore,1,1,1,0,7,2,0,375,8899,11,10
2020-12-01,Singapore,1,0,0,2,0,0,0,375,8899,11,10
2020-12-01,Singapore,1,1,0,3,0,0,0,375,8899,11,10
2020-12-01,Singapore,1,1,1,2,0,0,0,375,8899,11,10
2020-12-01,Singapore,1,1,0,0,63,11,1,375,8899,11,10
2020-12-01,Singapore,1,1,1,0,10,6,1,375,8899,11,10
2020-12-02,Singapore,1,0,0,1,0,0,0,375,8899,11,10
2020-12-02,Singapore,1,1,0,7,0,0,0,375,8899,11,10
2020-12-02,Singapore,1,1,1,0,16,10,1,375,8899,11,10
2020-12-02,Singapore,1,1,0,0,65,7,0,375,8899,11,10
2020-12-02,Singapore,1,0,0,0,2,0,0,375,8899,11,10
2020-12-03,Singapore,1,0,0,1,0,0,0,375,8899,11,10
2020-12-03,Singapore,1,1,0,4,0,0,0,375,8899,11,10
2020-12-03,Singapore,1,1,0,0,70,9,1,375,8899,11,10
2020-12-03,Singapore,1,1,1,0,16,9,1,375,8899,11,10
2020-12-04,Singapore,1,0,0,2,0,0,0,375,8899,11,10
2020-12-04,Singapore,1,1,0,2,0,0,0,375,8899,11,10
2020-12-04,Singapore,1,1,1,1,0,0,0,375,8899,11,10
2020-12-04,Singapore,1,1,0,0,70,7,0,375,8899,11,10
2020-12-04,Singapore,1,1,1,0,13,2,1,375,8899,11,10
2020-12-04,Singapore,1,0,0,0,2,0,0,375,8899,11,10
2020-12-05,Singapore,1,1,0,2,0,0,0,375,8899,11,10
2020-12-05,Singapore,1,1,0,0,72,12,1,375,8899,11,10
2020-12-05,Singapore,1,1,1,0,13,0,0,375,8899,11,10
2020-12-05,Singapore,1,0,0,0,1,0,0,375,8899,11,10
2020-12-06,Singapore,1,0,0,2,0,0,0,375,8899,11,10
2020-12-06,Singapore,1,1,0,4,0,0,0,375,8899,11,10
2020-12-06,Singapore,1,1,1,1,0,0,0,375,8899,11,10
2020-12-06,Singapore,1,1,0,0,85,11,0,375,8899,11,10
2020-12-06,Singapore,1,1,1,0,11,5,1,375,8899,11,10
2020-12-07,Singapore,1,0,0,1,0,0,0,375,8899,11,10
2020-12-07,Singapore,2,1,0,1,0,0,0,375,8899,11,10
2020-12-07,Singapore,1,1,0,1,0,0,0,375,8899,11,10
2020-12-07,Singapore,1,1,0,0,67,14,3,375,8899,11,10
2020-12-07,Singapore,1,1,1,0,9,3,0,375,8899,11,10
2020-12-07,Singapore,1,0,0,0,1,0,0,375,8899,11,10
2020-12-08,Singapore,1,0,0,2,0,0,0,375,8899,11,10
2020-12-08,Singapore,1,1,0,8,0,0,0,375,8899,11,10
2020-12-08,Singapore,1,1,1,1,0,0,0,375,8899,11,10
2020-12-08,Singapore,1,1,0,0,80,21,4,375,8899,11,10
2020-12-08,Singapore,1,1,1,0,15,2,1,375,8899,11,10
2020-12-08,Singapore,1,0,0,0,1,0,0,375,8899,11,10
2020-12-09,Singapore,1,0,0,1,0,0,0,375,8899,11,10
2020-12-09,Singapore,1,1,0,1,0,0,0,375,8899,11,10
2020-12-09,Singapore,1,1,1,2,0,0,0,375,8899,11,10
2020-12-09,Singapore,1,1,0,0,83,14,4,375,8899,11,10
2020-12-09,Singapore,1,1,1,0,14,1,1,375,8899,11,10
2020-12-09,Singapore,1,0,0,0,1,1,0,375,8899,11,10
2020-12-10,Singapore,1,0,0,3,0,0,0,375,8899,11,10
2020-12-10,Singapore,1,1,0,5,0,0,0,375,8899,11,10
2020-12-10,Singapore,1,1,1,1,0,0,0,375,8899,11,10
2020-12-10,Singapore,1,1,0,0,78,15,3,375,8899,11,10
2020-12-10,Singapore,1,1,1,0,17,7,1,375,8899,11,10
2020-12-10,Singapore,1,0,0,0,1,1,0,375,8899,11,10
2020-12-11,Singapore,1,0,0,1,0,0,0,375,8899,11,10
2020-12-11,Singapore,1,1,0,3,0,0,0,375,8899,11,10
2020-12-11,Singapore,1,1,1,2,0,0,0,375,8899,11,10
2020-12-11,Singapore,1,1,0,0,82,21,1,375,8899,11,10
2020-12-11,Singapore,1,1,1,0,20,11,1,375,8899,11,10
2020-12-11,Singapore,1,0,0,0,2,0,0,375,8899,11,10
2020-12-12,Singapore,1,0,0,1,0,0,0,375,8899,11,10
2020-12-12,Singapore,1,1,0,2,0,0,0,375,8899,11,10
2020-12-12,Singapore,1,1,1,1,0,0,0,375,8899,11,10
2020-12-12,Singapore,1,1,0,0,73,12,3,375,8899,11,10
2020-12-12,Singapore,1,1,1,0,14,7,2,375,8899,11,10
2020-12-13,Singapore,1,1,0,2,0,0,0,375,8899,11,10
2020-12-13,Singapore,1,1,1,1,0,0,0,375,8899,11,10
2020-12-13,Singapore,1,1,1,0,11,5,1,375,8899,11,10
2020-12-13,Singapore,1,1,0,0,76,15,5,375,8899,11,10
2020-12-13,Singapore,1,0,0,0,2,1,0,375,8899,11,10
2020-12-14,Singapore,1,0,0,1,0,0,0,375,8899,11,10
2020-12-14,Singapore,1,1,0,1,0,0,0,375,8899,11,10
2020-12-14,Singapore,1,1,1,3,0,0,0,375,8899,11,10
2020-12-14,Singapore,1,1,0,0,75,9,0,375,8899,11,10
2020-12-14,Singapore,1,1,1,0,6,4,1,375,8899,11,10
2020-12-14,Singapore,1,0,0,0,1,0,0,375,8899,11,10
2020-12-15,Singapore,1,0,0,2,0,0,0,375,8899,11,10
2020-12-15,Singapore,1,1,0,3,0,0,0,375,8899,11,10
2020-12-15,Singapore,1,1,1,1,0,0,0,375,8899,11,10
2020-12-15,Singapore,1,1,0,0,72,14,2,375,8899,11,10
2020-12-15,Singapore,1,1,1,0,3,1,0,375,8899,11,10
2020-12-16,Singapore,1,0,0,4,0,0,0,375,8899,11,10
2020-12-16,Singapore,1,1,0,6,0,0,0,375,8899,11,10
2020-12-16,Singapore,7,1,1,1,0,0,0,375,8899,11,10
2020-12-16,Singapore,1,1,0,0,72,13,4,375,8899,11,10
2020-12-16,Singapore,1,1,1,0,3,0,0,375,8899,11,10
2020-12-16,Singapore,7,1,1,0,5,5,1,375,8899,11,10
2020-12-16,Singapore,1,0,0,0,3,0,0,375,8899,11,10
2020-12-17,Singapore,1,0,0,1,0,0,0,375,8899,11,10
2020-12-17,Singapore,1,1,0,3,0,0,0,375,8899,11,10
2020-12-17,Singapore,7,1,1,0,5,5,0,375,8899,11,10
2020-12-17,Singapore,1,1,0,0,73,13,1,375,8899,11,10
2020-12-17,Singapore,1,1,1,0,5,2,1,375,8899,11,10
2020-12-18,Singapore,1,1,0,1,0,0,0,375,8899,11,10
2020-12-18,Singapore,1,1,1,2,0,0,0,375,8899,11,10
2020-12-18,Singapore,7,1,1,0,5,5,0,375,8899,11,10
2020-12-18,Singapore,1,1,0,0,76,9,2,375,8899,11,10
2020-12-18,Singapore,1,1,1,0,2,2,0,375,8899,11,10
2020-12-19,Singapore,1,1,0,3,0,0,0,375,8899,11,10
2020-12-19,Singapore,1,1,0,0,74,15,1,375,8899,11,10
2020-12-19,Singapore,7,1,1,0,6,6,1,375,8899,11,10
2020-12-19,Singapore,1,0,0,0,3,1,0,375,8899,11,10
2020-12-20,Singapore,1,0,0,1,0,0,0,375,8899,11,10
2020-12-20,Singapore,1,1,1,1,0,0,0,375,8899,11,10
2020-12-20,Singapore,1,1,0,0,70,5,1,375,8899,11,10
2020-12-20,Singapore,1,0,0,0,2,0,0,375,8899,11,10
2020-12-20,Singapore,1,1,1,0,1,0,0,375,8899,11,10
2020-12-21,Singapore,1,0,0,3,0,0,0,375,8899,11,10
2020-12-21,Singapore,1,1,0,2,0,0,0,375,8899,11,10
2020-12-21,Singapore,1,1,0,0,76,7,1,375,8899,11,10
2020-12-21,Singapore,1,1,1,0,3,3,0,375,8899,11,10
2020-12-22,Singapore,1,1,1,1,0,0,0,375,8899,11,10
2020-12-22,Singapore,1,1,0,0,83,10,0,375,8899,11,10
2020-12-23,Singapore,1,0,0,3,0,0,0,375,8899,11,10
2020-12-23,Singapore,1,1,0,4,0,0,0,375,8899,11,10
2020-12-23,Singapore,1,1,0,0,88,11,1,375,8899,11,10
2020-12-23,Singapore,1,1,1,0,3,2,0,375,8899,11,10
2020-12-23,Singapore,1,0,0,0,1,1,0,375,8899,11,10
2020-12-24,Singapore,1,0,0,1,0,0,0,375,8899,11,10
2020-12-24,Singapore,1,1,0,1,0,0,0,375,8899,11,10
2020-12-24,Singapore,1,1,0,0,98,14,1,375,8899,11,10
2020-12-25,Singapore,1,1,1,2,0,0,0,375,8899,11,10
2020-12-25,Singapore,1,1,0,0,104,18,0,375,8899,11,10
2020-12-25,Singapore,1,1,1,0,3,3,0,375,8899,11,10
2020-12-26,Singapore,1,0,0,1,0,0,0,375,8899,11,10
2020-12-26,Singapore,1,1,0,1,0,0,0,375,8899,11,10
2020-12-26,Singapore,1,1,1,1,0,0,0,375,8899,11,10
2020-12-26,Singapore,1,1,0,0,92,18,2,375,8899,11,10
2020-12-26,Singapore,1,1,1,0,4,4,1,375,8899,11,10
2020-12-26,Singapore,1,0,0,0,1,0,0,375,8899,11,10
2020-12-27,Singapore,1,0,0,1,0,0,0,375,8899,11,10
2020-12-27,Singapore,1,1,0,4,0,0,0,375,8899,11,10
2020-12-27,Singapore,1,1,1,1,0,0,0,375,8899,11,10
2020-12-27,Singapore,1,1,0,0,90,15,0,375,8899,11,10
2020-12-27,Singapore,1,1,1,0,4,4,0,375,8899,11,10
2020-12-27,Singapore,2,1,0,0,6,0,0,375,8899,11,10
2020-12-27,Singapore,1,0,0,0,2,2,0,375,8899,11,10
2020-12-28,Singapore,1,0,0,1,0,0,0,375,8899,11,10
2020-12-28,Singapore,1,1,0,3,0,0,0,375,8899,11,10
2020-12-28,Singapore,1,1,0,0,92,18,0,375,8899,11,10
2020-12-28,Singapore,1,1,1,0,4,4,0,375,8899,11,10
2020-12-28,Singapore,2,1,0,0,4,0,0,375,8899,11,10
2020-12-29,Singapore,1,1,0,4,0,0,0,375,8899,11,10
2020-12-29,Singapore,1,1,1,1,0,0,0,375,8899,11,10
2020-12-29,Singapore,1,1,0,0,91,15,4,375,8899,11,10
2020-12-29,Singapore,1,1,1,0,4,4,0,375,8899,11,10
2020-12-29,Singapore,2,1,0,0,6,0,0,375,8899,11,10
2020-12-30,Singapore,1,0,0,2,0,0,0,375,8899,11,10
2020-12-30,Singapore,1,1,0,2,0,0,0,375,8899,11,10
2020-12-30,Singapore,1,1,0,0,110,13,1,375,8899,11,10
2020-12-30,Singapore,1,1,1,0,4,4,0,375,8899,11,10
2020-12-30,Singapore,1,0,0,0,2,1,0,375,8899,11,10
2020-12-30,Singapore,2,1,0,0,4,0,0,375,8899,11,10
2020-12-31,Singapore,1,0,0,1,0,0,0,375,8899,11,10
2020-12-31,Singapore,1,1,0,1,0,0,0,375,8899,11,10
2020-12-31,Singapore,1,1,1,2,0,0,0,375,8899,11,10
2020-12-31,Singapore,1,1,0,0,115,26,2,375,8899,11,10
2020-12-31,Singapore,1,1,1,0,4,4,0,375,8899,11,10
2020-12-31,Singapore,2,1,0,0,6,0,0,375,8899,11,10
2021-01-01,Singapore,1,0,0,1,0,0,0,375,8899,11,10
2021-01-01,Singapore,1,1,0,2,0,0,0,375,8899,11,10
2021-01-01,Singapore,1,1,0,0,92,17,1,375,8899,11,10
2021-01-01,Singapore,1,1,1,0,4,4,0,375,8899,11,10
2021-01-01,Singapore,2,1,0,0,5,0,0,375,8899,11,10
2021-01-01,Singapore,1,0,0,0,2,0,0,375,8899,11,10
2021-01-02,Singapore,1,0,0,2,0,0,0,375,8899,11,10
2021-01-02,Singapore,1,1,0,3,0,0,0,375,8899,11,10
2021-01-02,Singapore,1,1,0,0,83,16,2,375,8899,11,10
2021-01-02,Singapore,1,1,1,0,4,4,0,375,8899,11,10
2021-01-02,Singapore,2,1,0,0,7,0,0,375,8899,11,10
2021-01-02,Singapore,1,0,0,0,4,1,0,375,8899,11,10
2021-01-03,Singapore,1,1,0,2,0,0,0,375,8899,11,10
2021-01-03,Singapore,1,1,0,0,102,32,6,375,8899,11,10
2021-01-03,Singapore,1,1,1,0,4,4,0,375,8899,11,10
2021-01-03,Singapore,2,1,0,0,4,0,0,375,8899,11,10
2021-01-04,Singapore,1,1,0,4,0,0,0,375,8899,11,10
2021-01-04,Singapore,1,1,1,1,0,0,0,375,8899,11,10
2021-01-04,Singapore,1,1,0,0,112,36,3,375,8899,11,10
2021-01-04,Singapore,1,1,1,0,4,4,0,375,8899,11,10
2021-01-04,Singapore,2,1,0,0,6,0,0,375,8899,11,10
2021-01-04,Singapore,1,0,0,0,1,0,0,375,8899,11,10
2021-01-05,Singapore,1,0,0,2,0,0,0,375,8899,11,10
2021-01-05,Singapore,1,1,0,4,0,0,0,375,8899,11,10
2021-01-05,Singapore,1,1,1,1,0,0,0,375,8899,11,10
2021-01-05,Singapore,1,1,0,0,103,28,6,375,8899,11,10
2021-01-05,Singapore,1,1,1,0,10,4,0,375,8899,11,10
2021-01-05,Singapore,1,0,0,0,4,1,0,375,8899,11,10
2021-01-05,Singapore,2,1,0,0,4,0,0,375,8899,11,10
2021-01-06,Singapore,1,0,0,1,0,0,0,375,8899,11,10
2021-01-06,Singapore,1,1,0,4,0,0,0,375,8899,11,10
2021-01-06,Singapore,1,1,1,3,0,0,0,375,8899,11,10
2021-01-06,Singapore,1,1,0,0,103,23,4,375,8899,11,10
2021-01-06,Singapore,1,1,1,0,8,5,1,375,8899,11,10
2021-01-07,Singapore,1,0,0,1,0,0,0,375,8899,11,10
2021-01-07,Singapore,1,1,0,4,0,0,0,375,8899,11,10
2021-01-07,Singapore,1,1,1,1,0,0,0,375,8899,11,10
2021-01-07,Singapore,1,1,0,0,114,28,7,375,8899,11,10
2021-01-07,Singapore,1,1,1,0,11,6,2,375,8899,11,10
2021-01-07,Singapore,1,0,0,0,2,0,0,375,8899,11,10
2021-01-08,Singapore,1,0,0,1,0,0,0,375,8899,11,10
2021-01-08,Singapore,1,1,0,3,0,0,0,375,8899,11,10
2021-01-08,Singapore,1,1,0,0,120,25,9,375,8899,11,10
2021-01-08,Singapore,1,1,1,0,11,4,0,375,8899,11,10
2021-01-08,Singapore,1,0,0,0,2,0,0,375,8899,11,10
2021-01-09,Singapore,1,0,0,1,0,0,0,375,8899,11,10
2021-01-09,Singapore,1,1,0,1,0,0,0,375,8899,11,10
2021-01-09,Singapore,1,1,1,1,0,0,0,375,8899,11,10
2021-01-09,Singapore,1,1,0,0,125,39,7,375,8899,11,10
2021-01-09,Singapore,1,1,1,0,14,7,1,375,8899,11,10
2021-01-10,Singapore,1,1,0,1,0,0,0,375,8899,11,10
2021-01-10,Singapore,1,1,0,0,128,34,3,375,8899,11,10
2021-01-10,Singapore,1,1,1,0,4,4,0,375,8899,11,10
2021-01-11,Singapore,7,1,0,1,0,0,0,375,8899,11,10
2021-01-11,Singapore,1,1,0,1,0,0,0,375,8899,11,10
2021-01-11,Singapore,1,1,0,0,137,40,3,375,8899,11,10
2021-01-11,Singapore,1,1,1,0,11,11,0,375,8899,11,10
2021-01-12,Singapore,1,0,0,1,0,0,0,375,8899,11,10
2021-01-12,Singapore,1,1,0,4,0,0,0,375,8899,11,10
2021-01-12,Singapore,1,1,1,1,0,0,0,375,8899,11,10
2021-01-12,Singapore,1,1,0,0,127,36,3,375,8899,11,10
2021-01-12,Singapore,1,1,1,0,11,10,0,375,8899,11,10
2021-01-13,Singapore,1,0,0,2,0,0,0,375,8899,11,10
2021-01-13,Singapore,1,1,1,1,0,0,0,375,8899,11,10
2021-01-13,Singapore,1,1,0,0,124,47,2,375,8899,11,10
2021-01-13,Singapore,1,1,1,0,9,7,0,375,8899,11,10
2021-01-14,Singapore,1,0,0,1,0,0,0,375,8899,11,10
2021-01-14,Singapore,1,1,0,2,0,0,0,375,8899,11,10
2021-01-14,Singapore,1,1,0,0,103,36,3,375,8899,11,10
2021-01-14,Singapore,1,1,1,0,9,7,0,375,8899,11,10
2021-01-15,Singapore,1,1,0,3,0,0,0,375,8899,11,10
2021-01-15,Singapore,1,1,0,0,111,45,1,375,8899,11,10
2021-01-15,Singapore,1,1,1,0,9,7,0,375,8899,11,10
2021-01-16,Singapore,1,1,0,2,0,0,0,375,8899,11,10
2021-01-16,Singapore,1,1,0,0,111,33,4,375,8899,11,10
2021-01-16,Singapore,1,1,1,0,9,7,0,375,8899,11,10
2021-01-17,Singapore,1,0,0,1,0,0,0,375,8899,11,10
2021-01-17,Singapore,1,1,0,0,115,41,3,375,8899,11,10
2021-01-17,Singapore,1,1,1,0,9,7,0,375,8899,11,10
2021-01-18,Singapore,1,0,0,3,0,0,0,375,8899,11,10
2021-01-18,Singapore,7,1,0,1,0,0,0,375,8899,11,10
2021-01-18,Singapore,1,1,0,2,0,0,0,375,8899,11,10
2021-01-18,Singapore,1,1,0,0,109,37,5,375,8899,11,10
2021-01-18,Singapore,1,1,1,0,9,6,0,375,8899,11,10
2021-01-19,Singapore,1,0,0,1,0,0,0,375,8899,11,10
2021-01-19,Singapore,1,1,0,4,0,0,0,375,8899,11,10
2021-01-19,Singapore,1,1,0,0,113,49,1,375,8899,11,10
2021-01-19,Singapore,1,1,1,0,3,1,1,375,8899,11,10
2021-01-19,Singapore,1,0,0,0,2,0,0,375,8899,11,10
2021-01-20,Singapore,1,0,0,1,0,0,0,375,8899,11,10
2021-01-20,Singapore,1,1,0,4,0,0,0,375,8899,11,10
2021-01-20,Singapore,1,1,0,0,124,57,7,375,8899,11,10
2021-01-20,Singapore,1,1,1,0,2,0,0,375,8899,11,10
2021-01-21,Singapore,1,0,0,1,0,0,0,375,8899,11,10
2021-01-21,Singapore,1,1,0,5,0,0,0,375,8899,11,10
2021-01-21,Singapore,1,1,1,1,0,0,0,375,8899,11,10
2021-01-21,Singapore,1,1,0,0,122,45,6,375,8899,11,10
2021-01-21,Singapore,1,1,1,0,2,0,0,375,8899,11,10
2021-01-22,Singapore,2,1,0,1,0,0,0,375,8899,11,10
2021-01-22,Singapore,1,1,0,1,0,0,0,375,8899,11,10
2021-01-22,Singapore,1,0,1,1,0,0,0,375,8899,11,10
2021-01-22,Singapore,1,1,0,0,112,40,3,375,8899,11,10
2021-01-22,Singapore,1,1,1,0,2,0,0,375,8899,11,10
2021-01-22,Singapore,1,0,0,0,1,0,0,375,8899,11,10
2021-01-22,Singapore,2,1,0,0,2,2,1,375,8899,11,10
2021-01-23,Singapore,1,1,1,1,0,0,0,375,8899,11,10
2021-01-23,Singapore,1,1,0,0,109,41,2,375,8899,11,10
2021-01-23,Singapore,1,1,1,0,2,1,0,375,8899,11,10
2021-01-23,Singapore,2,1,0,0,1,1,0,375,8899,11,10
2021-01-24,Singapore,1,1,0,3,0,0,0,375,8899,11,10
2021-01-24,Singapore,1,1,1,1,0,0,0,375,8899,11,10
2021-01-24,Singapore,1,1,0,0,113,33,1,375,8899,11,10
2021-01-24,Singapore,2,1,0,0,3,3,0,375,8899,11,10
2021-01-24,Singapore,1,1,1,0,2,2,0,375,8899,11,10
2021-01-25,Singapore,1,0,0,1,0,0,0,375,8899,11,10
2021-01-25,Singapore,1,1,0,2,0,0,0,375,8899,11,10
2021-01-25,Singapore,7,1,0,1,0,0,0,375,8899,11,10
2021-01-25,Singapore,1,1,1,2,0,0,0,375,8899,11,10
2021-01-25,Singapore,1,1,1,0,7,3,0,375,8899,11,10
2021-01-25,Singapore,1,1,0,0,116,23,2,375,8899,11,10
2021-01-25,Singapore,2,1,0,0,1,0,0,375,8899,11,10
2021-01-25,Singapore,1,0,0,0,2,0,0,375,8899,11,10
2021-01-26,Singapore,1,0,0,1,0,0,0,375,8899,11,10
2021-01-26,Singapore,1,1,0,1,0,0,0,375,8899,11,10
2021-01-26,Singapore,1,1,0,0,112,21,2,375,8899,11,10
2021-01-26,Singapore,1,1,1,0,7,3,0,375,8899,11,10
2021-01-26,Singapore,2,1,0,0,3,2,0,375,8899,11,10
2021-01-27,Singapore,1,0,0,3,0,0,0,375,8899,11,10
2021-01-27,Singapore,1,1,0,2,0,0,0,375,8899,11,10
2021-01-27,Singapore,1,0,1,1,0,0,0,375,8899,11,10
2021-01-27,Singapore,1,1,1,0,8,4,1,375,8899,11,10
2021-01-27,Singapore,1,1,0,0,95,18,0,375,8899,11,10
2021-01-27,Singapore,2,1,0,0,1,0,0,375,8899,11,10
2021-01-27,Singapore,1,0,0,0,2,2,0,375,8899,11,10
2021-01-28,Singapore,1,1,1,0,8,4,0,375,8899,11,10
2021-01-28,Singapore,1,1,0,0,92,20,0,375,8899,11,10
2021-01-28,Singapore,2,1,0,0,3,1,0,375,8899,11,10
2021-01-28,Singapore,1,0,0,0,1,0,0,375,8899,11,10
2021-01-29,Singapore,1,1,1,0,7,3,0,375,8899,11,10
2021-01-29,Singapore,1,1,0,0,92,20,1,375,8899,11,10
2021-01-29,Singapore,2,1,0,0,1,1,0,375,8899,11,10
2021-01-30,Singapore,1,1,1,0,5,0,0,375,8899,11,10
2021-01-30,Singapore,1,1,0,0,92,30,1,375,8899,11,10
2021-01-30,Singapore,2,1,0,0,3,2,1,375,8899,11,10
2021-01-30,Singapore,1,0,0,0,1,0,0,375,8899,11,10
2021-01-31,Singapore,1,1,1,0,5,1,0,375,8899,11,10
2021-01-31,Singapore,1,1,0,0,88,20,1,375,8899,11,10
2021-01-31,Singapore,1,0,0,0,1,1,0,375,8899,11,10
2021-01-31,Singapore,2,1,0,0,1,0,0,375,8899,11,10
2021-02-01,Singapore,1,1,1,0,12,12,0,375,8899,11,10
2021-02-01,Singapore,1,1,0,0,91,31,2,375,8899,11,10
2021-02-01,Singapore,2,1,0,0,3,1,0,375,8899,11,10
2021-02-02,Singapore,1,1,0,0,88,13,0,375,8899,11,10
2021-02-02,Singapore,1,1,1,0,6,6,0,375,8899,11,10
2021-02-02,Singapore,2,1,0,0,1,0,0,375,8899,11,10
2021-02-03,Singapore,1,1,0,0,78,27,1,375,8899,11,10
2021-02-03,Singapore,2,1,0,0,3,0,0,375,8899,11,10
2021-02-03,Singapore,1,1,1,0,3,3,0,375,8899,11,10
2021-02-04,Singapore,1,1,0,0,73,26,3,375,8899,11,10
2021-02-04,Singapore,2,1,0,0,1,0,0,375,8899,11,10
2021-02-05,Singapore,1,1,0,0,69,13,2,375,8899,11,10
2021-02-05,Singapore,2,1,0,0,3,0,0,375,8899,11,10
2021-02-06,Singapore,1,1,0,0,56,15,0,375,8899,11,10
2021-02-06,Singapore,2,1,0,0,1,0,0,375,8899,11,10
2021-02-07,Singapore,1,1,0,0,41,19,0,375,8899,11,10
2021-02-07,Singapore,2,1,0,0,2,0,0,375,8899,11,10
2021-02-08,Singapore,1,1,0,0,40,19,0,375,8899,11,10
2021-02-08,Singapore,7,1,0,0,4,1,0,375,8899,11,10
2021-02-09,Singapore,1,1,0,0,40,18,3,375,8899,11,10
2021-02-10,Singapore,1,1,0,0,46,26,1,375,8899,11,10
2021-02-11,Singapore,1,1,0,0,42,22,0,375,8899,11,10
2021-02-12,Singapore,1,1,0,0,45,24,0,375,8899,11,10
2021-02-13,Singapore,1,1,0,0,40,17,2,375,8899,11,10
2021-02-14,Singapore,1,1,0,0,46,25,1,375,8899,11,10
2021-02-14,Singapore,7,1,0,0,2,2,1,375,8899,11,10
2021-02-15,Singapore,1,1,0,0,41,21,2,375,8899,11,10
2021-02-15,Singapore,7,1,0,0,2,1,1,375,8899,11,10
2021-02-16,Singapore,1,1,0,0,35,20,1,375,8899,11,10
2021-02-16,Singapore,7,1,0,0,1,0,0,375,8899,11,10
2021-02-17,Singapore,1,1,0,0,34,19,1,375,8899,11,10
2021-02-18,Singapore,1,1,0,0,35,15,0,375,8899,11,10
2021-02-19,Singapore,1,1,0,0,34,11,2,375,8899,11,10
2021-02-20,Singapore,1,1,0,0,21,5,1,375,8899,11,10
2021-02-20,Singapore,7,1,0,0,1,0,0,375,8899,11,10
2021-02-21,Singapore,1,1,0,0,15,1,0,375,8899,11,10
2021-02-21,Singapore,7,1,0,0,3,1,1,375,8899,11,10
2021-02-22,Singapore,1,1,0,0,15,1,0,375,8899,11,10
2021-02-22,Singapore,7,1,0,0,1,1,0,375,8899,11,10
2021-02-23,Singapore,1,1,0,0,12,6,0,375,8899,11,10
2021-02-23,Singapore,7,1,0,0,1,0,0,375,8899,11,10
2021-02-24,Singapore,1,1,0,0,6,2,0,375,8899,11,10
2021-02-25,Singapore,1,1,0,0,6,5,1,375,8899,11,10
2020-11-01,Spain,1,0,0,1,0,0,0,536,9491,6,7
2020-11-01,Spain,1,1,0,1,0,0,0,536,9491,6,7
2020-11-01,Spain,1,1,0,0,2,0,0,536,9491,6,7
2020-11-02,Spain,1,1,0,6,0,0,0,536,9491,6,7
2020-11-02,Spain,1,0,1,1,0,0,0,536,9491,6,7
2020-11-02,Spain,1,1,0,0,16,5,0,536,9491,6,7
2020-11-02,Spain,1,0,1,0,3,1,0,536,9491,6,7
2020-11-03,Spain,1,1,0,5,0,0,0,536,9491,6,7
2020-11-03,Spain,1,1,1,1,0,0,0,536,9491,6,7
2020-11-03,Spain,1,1,0,0,17,5,3,536,9491,6,7
2020-11-04,Spain,1,0,0,1,0,0,0,536,9491,6,7
2020-11-04,Spain,1,1,0,5,0,0,0,536,9491,6,7
2020-11-04,Spain,7,1,0,1,0,0,0,536,9491,6,7
2020-11-04,Spain,1,1,0,0,24,8,3,536,9491,6,7
2020-11-05,Spain,1,0,0,2,0,0,0,536,9491,6,7
2020-11-05,Spain,1,1,0,0,30,12,4,536,9491,6,7
2020-11-05,Spain,1,0,0,0,1,0,0,536,9491,6,7
2020-11-06,Spain,1,1,0,5,0,0,0,536,9491,6,7
2020-11-06,Spain,1,1,1,1,0,0,0,536,9491,6,7
2020-11-06,Spain,1,1,0,0,32,10,5,536,9491,6,7
2020-11-07,Spain,1,0,0,1,0,0,0,536,9491,6,7
2020-11-07,Spain,1,1,0,2,0,0,0,536,9491,6,7
2020-11-07,Spain,1,1,0,0,28,10,3,536,9491,6,7
2020-11-08,Spain,1,0,0,1,0,0,0,536,9491,6,7
2020-11-08,Spain,1,1,0,4,0,0,0,536,9491,6,7
2020-11-08,Spain,1,1,1,2,0,0,0,536,9491,6,7
2020-11-08,Spain,1,1,0,0,30,15,4,536,9491,6,7
2020-11-08,Spain,1,0,0,0,1,0,0,536,9491,6,7
2020-11-09,Spain,1,0,0,2,0,0,0,536,9491,6,7
2020-11-09,Spain,1,1,0,1,0,0,0,536,9491,6,7
2020-11-09,Spain,1,1,1,1,0,0,0,536,9491,6,7
2020-11-09,Spain,1,1,0,0,35,11,4,536,9491,6,7
2020-11-10,Spain,1,0,0,1,0,0,0,536,9491,6,7
2020-11-10,Spain,1,1,0,4,0,0,0,536,9491,6,7
2020-11-10,Spain,1,1,1,1,0,0,0,536,9491,6,7
2020-11-10,Spain,1,1,0,0,36,16,5,536,9491,6,7
2020-11-10,Spain,1,1,1,0,1,1,0,536,9491,6,7
2020-11-11,Spain,1,0,0,3,0,0,0,536,9491,6,7
2020-11-11,Spain,1,1,0,2,0,0,0,536,9491,6,7
2020-11-11,Spain,1,1,1,3,0,0,0,536,9491,6,7
2020-11-11,Spain,1,1,0,0,35,14,2,536,9491,6,7
2020-11-11,Spain,1,1,1,0,2,2,1,536,9491,6,7
2020-11-11,Spain,1,0,0,0,1,0,0,536,9491,6,7
2020-11-12,Spain,1,0,0,2,0,0,0,536,9491,6,7
2020-11-12,Spain,1,1,0,4,0,0,0,536,9491,6,7
2020-11-12,Spain,1,1,1,2,0,0,0,536,9491,6,7
2020-11-12,Spain,1,1,0,0,31,13,1,536,9491,6,7
2020-11-13,Spain,1,0,0,3,0,0,0,536,9491,6,7
2020-11-13,Spain,1,1,0,2,0,0,0,536,9491,6,7
2020-11-13,Spain,1,1,0,0,37,12,1,536,9491,6,7
2020-11-14,Spain,1,0,0,1,0,0,0,536,9491,6,7
2020-11-14,Spain,1,1,0,6,0,0,0,536,9491,6,7
2020-11-14,Spain,1,1,1,2,0,0,0,536,9491,6,7
2020-11-14,Spain,1,1,0,0,48,16,1,536,9491,6,7
2020-11-14,Spain,1,0,0,0,2,0,0,536,9491,6,7
2020-11-15,Spain,1,0,0,2,0,0,0,536,9491,6,7
2020-11-15,Spain,1,1,0,2,0,0,0,536,9491,6,7
2020-11-15,Spain,1,1,1,1,0,0,0,536,9491,6,7
2020-11-15,Spain,1,1,0,0,49,7,2,536,9491,6,7
2020-11-16,Spain,1,1,0,5,0,0,0,536,9491,6,7
2020-11-16,Spain,1,1,0,0,51,13,0,536,9491,6,7
2020-11-17,Spain,1,0,0,2,0,0,0,536,9491,6,7
2020-11-17,Spain,1,1,0,3,0,0,0,536,9491,6,7
2020-11-17,Spain,1,1,1,1,0,0,0,536,9491,6,7
2020-11-17,Spain,7,1,1,1,0,0,0,536,9491,6,7
2020-11-17,Spain,1,1,0,0,70,23,2,536,9491,6,7
2020-11-18,Spain,1,1,0,5,0,0,0,536,9491,6,7
2020-11-18,Spain,1,1,0,0,74,15,1,536,9491,6,7
2020-11-18,Spain,1,0,0,0,1,0,0,536,9491,6,7
2020-11-19,Spain,1,0,0,1,0,0,0,536,9491,6,7
2020-11-19,Spain,1,1,0,5,0,0,0,536,9491,6,7
2020-11-19,Spain,1,1,1,3,0,0,0,536,9491,6,7
2020-11-19,Spain,1,1,0,0,81,17,4,536,9491,6,7
2020-11-20,Spain,1,0,0,1,0,0,0,536,9491,6,7
2020-11-20,Spain,1,1,0,5,0,0,0,536,9491,6,7
2020-11-20,Spain,1,1,1,1,0,0,0,536,9491,6,7
2020-11-20,Spain,1,1,0,0,86,28,3,536,9491,6,7
2020-11-21,Spain,1,0,0,2,0,0,0,536,9491,6,7
2020-11-21,Spain,1,1,0,2,0,0,0,536,9491,6,7
2020-11-21,Spain,1,1,0,0,92,31,3,536,9491,6,7
2020-11-21,Spain,1,0,0,0,1,0,0,536,9491,6,7
2020-11-22,Spain,1,0,0,1,0,0,0,536,9491,6,7
2020-11-22,Spain,1,1,0,2,0,0,0,536,9491,6,7
2020-11-22,Spain,1,1,1,1,0,0,0,536,9491,6,7
2020-11-22,Spain,1,1,0,0,97,28,5,536,9491,6,7
2020-11-22,Spain,1,0,0,0,2,2,0,536,9491,6,7
2020-11-23,Spain,1,0,0,2,0,0,0,536,9491,6,7
2020-11-23,Spain,1,1,0,7,0,0,0,536,9491,6,7
2020-11-23,Spain,1,1,1,1,0,0,0,536,9491,6,7
2020-11-23,Spain,1,1,0,0,105,27,5,536,9491,6,7
2020-11-24,Spain,1,0,0,3,0,0,0,536,9491,6,7
2020-11-24,Spain,1,1,0,5,0,0,0,536,9491,6,7
2020-11-24,Spain,1,0,1,1,0,0,0,536,9491,6,7
2020-11-24,Spain,1,1,0,0,131,45,5,536,9491,6,7
2020-11-24,Spain,1,0,0,0,2,0,0,536,9491,6,7
2020-11-25,Spain,1,0,0,1,0,0,0,536,9491,6,7
2020-11-25,Spain,1,1,0,2,0,0,0,536,9491,6,7
2020-11-25,Spain,1,1,1,1,0,0,0,536,9491,6,7
2020-11-25,Spain,1,1,0,0,126,40,5,536,9491,6,7
2020-11-25,Spain,1,0,0,0,1,1,0,536,9491,6,7
2020-11-25,Spain,1,1,1,0,1,0,0,536,9491,6,7
2020-11-26,Spain,1,0,0,5,0,0,0,536,9491,6,7
2020-11-26,Spain,1,1,0,2,0,0,0,536,9491,6,7
2020-11-26,Spain,1,1,1,1,0,0,0,536,9491,6,7
2020-11-26,Spain,1,1,1,0,3,0,0,536,9491,6,7
2020-11-26,Spain,1,1,0,0,123,45,8,536,9491,6,7
2020-11-26,Spain,1,0,0,0,4,1,0,536,9491,6,7
2020-11-27,Spain,1,0,0,1,0,0,0,536,9491,6,7
2020-11-27,Spain,1,1,0,5,0,0,0,536,9491,6,7
2020-11-27,Spain,1,1,1,0,9,2,0,536,9491,6,7
2020-11-27,Spain,1,1,0,0,125,48,6,536,9491,6,7
2020-11-27,Spain,1,0,0,0,1,0,0,536,9491,6,7
2020-11-28,Spain,1,1,0,3,0,0,0,536,9491,6,7
2020-11-28,Spain,1,1,0,0,124,42,2,536,9491,6,7
2020-11-28,Spain,1,1,1,0,10,5,0,536,9491,6,7
2020-11-29,Spain,1,0,0,1,0,0,0,536,9491,6,7
2020-11-29,Spain,1,1,0,7,0,0,0,536,9491,6,7
2020-11-29,Spain,1,1,0,0,122,41,4,536,9491,6,7
2020-11-29,Spain,1,1,1,0,6,0,0,536,9491,6,7
2020-11-29,Spain,1,0,0,0,2,0,0,536,9491,6,7
2020-11-30,Spain,1,1,0,4,0,0,0,536,9491,6,7
2020-11-30,Spain,1,1,1,2,0,0,0,536,9491,6,7
2020-11-30,Spain,1,1,0,0,130,46,5,536,9491,6,7
2020-11-30,Spain,1,1,1,0,6,1,0,536,9491,6,7
2020-11-30,Spain,1,0,0,0,1,0,0,536,9491,6,7
2020-12-01,Spain,1,0,0,1,0,0,0,536,9491,6,7
2020-12-01,Spain,1,1,0,4,0,0,0,536,9491,6,7
2020-12-01,Spain,1,1,0,0,120,47,8,536,9491,6,7
2020-12-01,Spain,1,1,1,0,6,0,0,536,9491,6,7
2020-12-02,Spain,1,0,0,2,0,0,0,536,9491,6,7
2020-12-02,Spain,1,1,0,6,0,0,0,536,9491,6,7
2020-12-02,Spain,1,1,1,1,0,0,0,536,9491,6,7
2020-12-02,Spain,1,1,0,0,125,48,6,536,9491,6,7
2020-12-02,Spain,1,1,1,0,6,1,0,536,9491,6,7
2020-12-03,Spain,1,0,0,3,0,0,0,536,9491,6,7
2020-12-03,Spain,1,1,0,8,0,0,0,536,9491,6,7
2020-12-03,Spain,1,0,1,1,0,0,0,536,9491,6,7
2020-12-03,Spain,1,1,1,2,0,0,0,536,9491,6,7
2020-12-03,Spain,1,1,0,0,124,39,6,536,9491,6,7
2020-12-03,Spain,1,1,1,0,6,5,1,536,9491,6,7
2020-12-03,Spain,1,0,1,0,3,0,0,536,9491,6,7
2020-12-03,Spain,1,0,0,0,1,1,0,536,9491,6,7
2020-12-04,Spain,1,0,0,3,0,0,0,536,9491,6,7
2020-12-04,Spain,1,1,0,2,0,0,0,536,9491,6,7
2020-12-04,Spain,1,1,1,1,0,0,0,536,9491,6,7
2020-12-04,Spain,1,0,1,0,3,0,0,536,9491,6,7
2020-12-04,Spain,1,1,0,0,116,33,3,536,9491,6,7
2020-12-04,Spain,1,1,1,0,8,2,0,536,9491,6,7
2020-12-04,Spain,1,0,0,0,1,0,0,536,9491,6,7
2020-12-05,Spain,1,0,0,1,0,0,0,536,9491,6,7
2020-12-05,Spain,1,1,0,1,0,0,0,536,9491,6,7
2020-12-05,Spain,1,1,1,1,0,0,0,536,9491,6,7
2020-12-05,Spain,1,1,1,0,6,2,0,536,9491,6,7
2020-12-05,Spain,1,0,1,0,3,1,0,536,9491,6,7
2020-12-05,Spain,1,1,0,0,117,38,2,536,9491,6,7
2020-12-06,Spain,1,0,0,1,0,0,0,536,9491,6,7
2020-12-06,Spain,1,1,0,2,0,0,0,536,9491,6,7
2020-12-06,Spain,7,1,0,1,0,0,0,536,9491,6,7
2020-12-06,Spain,1,1,1,0,7,2,0,536,9491,6,7
2020-12-06,Spain,1,0,1,0,2,2,0,536,9491,6,7
2020-12-06,Spain,1,1,0,0,95,35,5,536,9491,6,7
2020-12-06,Spain,1,0,0,0,1,1,0,536,9491,6,7
2020-12-07,Spain,1,0,0,2,0,0,0,536,9491,6,7
2020-12-07,Spain,1,1,0,5,0,0,0,536,9491,6,7
2020-12-07,Spain,1,0,1,0,3,0,0,536,9491,6,7
2020-12-07,Spain,1,1,0,0,98,25,3,536,9491,6,7
2020-12-07,Spain,1,1,1,0,2,0,0,536,9491,6,7
2020-12-07,Spain,1,0,0,0,1,0,0,536,9491,6,7
2020-12-08,Spain,1,0,0,6,0,0,0,536,9491,6,7
2020-12-08,Spain,1,1,0,7,0,0,0,536,9491,6,7
2020-12-08,Spain,1,1,1,2,0,0,0,536,9491,6,7
2020-12-08,Spain,1,1,0,0,110,27,6,536,9491,6,7
2020-12-08,Spain,1,0,1,0,3,0,0,536,9491,6,7
2020-12-08,Spain,1,1,1,0,3,1,0,536,9491,6,7
2020-12-08,Spain,1,0,0,0,4,0,0,536,9491,6,7
2020-12-09,Spain,1,0,0,5,0,0,0,536,9491,6,7
2020-12-09,Spain,1,1,0,5,0,0,0,536,9491,6,7
2020-12-09,Spain,1,1,1,2,0,0,0,536,9491,6,7
2020-12-09,Spain,1,1,0,0,111,30,4,536,9491,6,7
2020-12-09,Spain,1,1,1,0,4,2,0,536,9491,6,7
2020-12-09,Spain,1,0,1,0,3,3,0,536,9491,6,7
2020-12-09,Spain,1,0,0,0,1,0,0,536,9491,6,7
2020-12-10,Spain,1,0,0,1,0,0,0,536,9491,6,7
2020-12-10,Spain,1,1,0,2,0,0,0,536,9491,6,7
2020-12-10,Spain,1,1,0,0,105,23,5,536,9491,6,7
2020-12-10,Spain,1,1,1,0,4,1,0,536,9491,6,7
2020-12-10,Spain,1,0,1,0,3,3,0,536,9491,6,7
2020-12-11,Spain,1,0,0,3,0,0,0,536,9491,6,7
2020-12-11,Spain,1,1,0,3,0,0,0,536,9491,6,7
2020-12-11,Spain,1,1,1,2,0,0,0,536,9491,6,7
2020-12-11,Spain,1,1,0,0,96,22,2,536,9491,6,7
2020-12-11,Spain,1,1,1,0,2,0,0,536,9491,6,7
2020-12-11,Spain,1,0,1,0,3,0,0,536,9491,6,7
2020-12-11,Spain,1,0,0,0,3,0,0,536,9491,6,7
2020-12-12,Spain,1,0,0,3,0,0,0,536,9491,6,7
2020-12-12,Spain,1,1,0,3,0,0,0,536,9491,6,7
2020-12-12,Spain,1,1,1,3,0,0,0,536,9491,6,7
2020-12-12,Spain,1,1,0,0,94,25,9,536,9491,6,7
2020-12-12,Spain,1,1,1,0,5,5,1,536,9491,6,7
2020-12-12,Spain,1,0,0,0,1,0,0,536,9491,6,7
2020-12-13,Spain,1,0,0,3,0,0,0,536,9491,6,7
2020-12-13,Spain,1,1,0,3,0,0,0,536,9491,6,7
2020-12-13,Spain,7,1,0,1,0,0,0,536,9491,6,7
2020-12-13,Spain,1,1,1,2,0,0,0,536,9491,6,7
2020-12-13,Spain,1,1,0,0,85,23,4,536,9491,6,7
2020-12-13,Spain,1,0,0,0,6,0,0,536,9491,6,7
2020-12-13,Spain,1,1,1,0,3,3,1,536,9491,6,7
2020-12-14,Spain,1,0,0,1,0,0,0,536,9491,6,7
2020-12-14,Spain,1,1,0,3,0,0,0,536,9491,6,7
2020-12-14,Spain,1,1,1,1,0,0,0,536,9491,6,7
2020-12-14,Spain,1,1,0,0,83,16,1,536,9491,6,7
2020-12-14,Spain,1,0,0,0,5,0,0,536,9491,6,7
2020-12-14,Spain,1,1,1,0,2,2,0,536,9491,6,7
2020-12-15,Spain,1,1,0,6,0,0,0,536,9491,6,7
2020-12-15,Spain,1,0,1,1,0,0,0,536,9491,6,7
2020-12-15,Spain,1,1,0,0,88,19,2,536,9491,6,7
2020-12-15,Spain,1,0,0,0,4,0,0,536,9491,6,7
2020-12-16,Spain,1,0,0,5,0,0,0,536,9491,6,7
2020-12-16,Spain,1,1,0,1,0,0,0,536,9491,6,7
2020-12-16,Spain,1,1,1,1,0,0,0,536,9491,6,7
2020-12-16,Spain,1,1,0,0,107,29,3,536,9491,6,7
2020-12-16,Spain,1,0,0,0,4,1,0,536,9491,6,7
2020-12-17,Spain,1,0,0,1,0,0,0,536,9491,6,7
2020-12-17,Spain,1,1,0,1,0,0,0,536,9491,6,7
2020-12-17,Spain,1,1,1,4,0,0,0,536,9491,6,7
2020-12-17,Spain,1,1,0,0,107,28,1,536,9491,6,7
2020-12-17,Spain,1,0,0,0,1,0,0,536,9491,6,7
2020-12-17,Spain,1,1,1,0,4,1,0,536,9491,6,7
2020-12-18,Spain,1,0,0,1,0,0,0,536,9491,6,7
2020-12-18,Spain,1,1,0,2,0,0,0,536,9491,6,7
2020-12-18,Spain,1,1,1,0,7,3,0,536,9491,6,7
2020-12-18,Spain,1,1,0,0,103,31,3,536,9491,6,7
2020-12-18,Spain,1,0,0,0,2,0,0,536,9491,6,7
2020-12-19,Spain,1,0,0,2,0,0,0,536,9491,6,7
2020-12-19,Spain,1,1,0,4,0,0,0,536,9491,6,7
2020-12-19,Spain,1,1,1,1,0,0,0,536,9491,6,7
2020-12-19,Spain,1,1,0,0,102,25,2,536,9491,6,7
2020-12-19,Spain,1,1,1,0,7,0,0,536,9491,6,7
2020-12-20,Spain,1,0,0,2,0,0,0,536,9491,6,7
2020-12-20,Spain,1,1,0,5,0,0,0,536,9491,6,7
2020-12-20,Spain,1,1,1,1,0,0,0,536,9491,6,7
2020-12-20,Spain,1,1,0,0,118,34,3,536,9491,6,7
2020-12-20,Spain,1,1,1,0,7,0,0,536,9491,6,7
2020-12-20,Spain,1,0,0,0,3,0,0,536,9491,6,7
2020-12-21,Spain,1,0,0,2,0,0,0,536,9491,6,7
2020-12-21,Spain,1,1,0,4,0,0,0,536,9491,6,7
2020-12-21,Spain,1,1,0,0,128,40,7,536,9491,6,7
2020-12-21,Spain,1,1,1,0,15,4,1,536,9491,6,7
2020-12-21,Spain,1,0,0,0,3,0,0,536,9491,6,7
2020-12-22,Spain,1,0,0,1,0,0,0,536,9491,6,7
2020-12-22,Spain,1,1,0,2,0,0,0,536,9491,6,7
2020-12-22,Spain,1,0,1,1,0,0,0,536,9491,6,7
2020-12-22,Spain,1,1,0,0,135,45,6,536,9491,6,7
2020-12-22,Spain,1,1,1,0,12,1,1,536,9491,6,7
2020-12-22,Spain,1,0,0,0,5,0,0,536,9491,6,7
2020-12-23,Spain,1,1,0,3,0,0,0,536,9491,6,7
2020-12-23,Spain,1,1,0,0,129,37,3,536,9491,6,7
2020-12-23,Spain,1,1,1,0,13,4,1,536,9491,6,7
2020-12-23,Spain,1,0,0,0,6,0,0,536,9491,6,7
2020-12-24,Spain,1,0,0,2,0,0,0,536,9491,6,7
2020-12-24,Spain,1,1,0,2,0,0,0,536,9491,6,7
2020-12-24,Spain,1,1,1,2,0,0,0,536,9491,6,7
2020-12-24,Spain,1,1,0,0,106,35,2,536,9491,6,7
2020-12-24,Spain,1,1,1,0,11,3,0,536,9491,6,7
2020-12-24,Spain,1,0,0,0,2,1,0,536,9491,6,7
2020-12-25,Spain,1,0,0,2,0,0,0,536,9491,6,7
2020-12-25,Spain,1,1,0,2,0,0,0,536,9491,6,7
2020-12-25,Spain,1,1,0,0,108,37,4,536,9491,6,7
2020-12-25,Spain,1,1,1,0,11,2,0,536,9491,6,7
2020-12-26,Spain,1,0,0,1,0,0,0,536,9491,6,7
2020-12-26,Spain,1,1,0,5,0,0,0,536,9491,6,7
2020-12-26,Spain,3,1,0,1,0,0,0,536,9491,6,7
2020-12-26,Spain,1,1,1,1,0,0,0,536,9491,6,7
2020-12-26,Spain,1,1,0,0,120,48,7,536,9491,6,7
2020-12-26,Spain,1,1,1,0,5,2,0,536,9491,6,7
2020-12-27,Spain,1,1,0,0,118,37,3,536,9491,6,7
2020-12-27,Spain,1,1,1,0,5,2,0,536,9491,6,7
2020-12-27,Spain,1,0,0,0,1,1,0,536,9491,6,7
2020-12-28,Spain,1,0,0,1,0,0,0,536,9491,6,7
2020-12-28,Spain,1,1,0,3,0,0,0,536,9491,6,7
2020-12-28,Spain,1,1,1,2,0,0,0,536,9491,6,7
2020-12-28,Spain,1,1,0,0,125,44,5,536,9491,6,7
2020-12-28,Spain,1,1,1,0,6,4,2,536,9491,6,7
2020-12-29,Spain,1,0,0,1,0,0,0,536,9491,6,7
2020-12-29,Spain,1,1,0,1,0,0,0,536,9491,6,7
2020-12-29,Spain,1,1,1,1,0,0,0,536,9491,6,7
2020-12-29,Spain,1,1,0,0,110,35,1,536,9491,6,7
2020-12-29,Spain,1,1,1,0,5,2,0,536,9491,6,7
2020-12-30,Spain,1,0,0,1,0,0,0,536,9491,6,7
2020-12-30,Spain,1,1,0,4,0,0,0,536,9491,6,7
2020-12-30,Spain,1,1,1,1,0,0,0,536,9491,6,7
2020-12-30,Spain,1,1,0,0,121,35,1,536,9491,6,7
2020-12-30,Spain,1,1,1,0,3,1,0,536,9491,6,7
2020-12-31,Spain,1,0,0,1,0,0,0,536,9491,6,7
2020-12-31,Spain,1,1,0,1,0,0,0,536,9491,6,7
2020-12-31,Spain,1,1,1,1,0,0,0,536,9491,6,7
2020-12-31,Spain,1,1,0,0,122,44,2,536,9491,6,7
2020-12-31,Spain,1,1,1,0,6,2,0,536,9491,6,7
2021-01-01,Spain,1,1,0,1,0,0,0,536,9491,6,7
2021-01-01,Spain,1,1,1,1,0,0,0,536,9491,6,7
2021-01-01,Spain,1,1,0,0,117,37,2,536,9491,6,7
2021-01-01,Spain,1,1,1,0,2,0,0,536,9491,6,7
2021-01-02,Spain,1,0,0,2,0,0,0,536,9491,6,7
2021-01-02,Spain,7,1,0,1,0,0,0,536,9491,6,7
2021-01-02,Spain,1,1,0,5,0,0,0,536,9491,6,7
2021-01-02,Spain,1,1,0,0,112,43,3,536,9491,6,7
2021-01-03,Spain,1,0,0,2,0,0,0,536,9491,6,7
2021-01-03,Spain,1,1,0,8,0,0,0,536,9491,6,7
2021-01-03,Spain,1,1,0,0,111,29,1,536,9491,6,7
2021-01-04,Spain,1,0,0,2,0,0,0,536,9491,6,7
2021-01-04,Spain,1,1,0,2,0,0,0,536,9491,6,7
2021-01-04,Spain,1,1,1,1,0,0,0,536,9491,6,7
2021-01-04,Spain,1,1,0,0,127,36,4,536,9491,6,7
2021-01-04,Spain,1,1,1,0,2,0,0,536,9491,6,7
2021-01-05,Spain,1,1,0,4,0,0,0,536,9491,6,7
2021-01-05,Spain,1,1,0,0,121,37,1,536,9491,6,7
2021-01-05,Spain,1,1,1,0,3,1,0,536,9491,6,7
2021-01-06,Spain,1,0,0,4,0,0,0,536,9491,6,7
2021-01-06,Spain,1,1,0,3,0,0,0,536,9491,6,7
2021-01-06,Spain,1,1,1,1,0,0,0,536,9491,6,7
2021-01-06,Spain,1,1,0,0,103,33,2,536,9491,6,7
2021-01-06,Spain,1,1,1,0,9,0,0,536,9491,6,7
2021-01-06,Spain,1,0,0,0,1,0,0,536,9491,6,7
2021-01-07,Spain,1,0,0,2,0,0,0,536,9491,6,7
2021-01-07,Spain,1,1,0,5,0,0,0,536,9491,6,7
2021-01-07,Spain,1,0,1,1,0,0,0,536,9491,6,7
2021-01-07,Spain,1,1,1,3,0,0,0,536,9491,6,7
2021-01-07,Spain,1,1,1,0,13,3,1,536,9491,6,7
2021-01-07,Spain,1,1,0,0,90,26,2,536,9491,6,7
2021-01-07,Spain,1,0,1,0,1,0,0,536,9491,6,7
2021-01-07,Spain,1,0,0,0,2,0,0,536,9491,6,7
2021-01-08,Spain,1,0,0,4,0,0,0,536,9491,6,7
2021-01-08,Spain,1,1,0,6,0,0,0,536,9491,6,7
2021-01-08,Spain,1,1,1,3,0,0,0,536,9491,6,7
2021-01-08,Spain,1,1,1,0,16,5,0,536,9491,6,7
2021-01-08,Spain,1,1,0,0,87,30,1,536,9491,6,7
2021-01-08,Spain,1,0,0,0,5,4,0,536,9491,6,7
2021-01-09,Spain,1,1,0,3,0,0,0,536,9491,6,7
2021-01-09,Spain,1,1,0,0,79,28,5,536,9491,6,7
2021-01-09,Spain,1,1,1,0,11,3,0,536,9491,6,7
2021-01-09,Spain,1,0,0,0,1,0,0,536,9491,6,7
2021-01-10,Spain,1,0,0,2,0,0,0,536,9491,6,7
2021-01-10,Spain,1,1,0,2,0,0,0,536,9491,6,7
2021-01-10,Spain,1,1,1,1,0,0,0,536,9491,6,7
2021-01-10,Spain,1,1,0,0,75,21,2,536,9491,6,7
2021-01-10,Spain,1,1,1,0,12,8,0,536,9491,6,7
2021-01-11,Spain,1,0,0,2,0,0,0,536,9491,6,7
2021-01-11,Spain,1,1,0,6,0,0,0,536,9491,6,7
2021-01-11,Spain,7,1,1,1,0,0,0,536,9491,6,7
2021-01-11,Spain,1,1,1,0,17,13,2,536,9491,6,7
2021-01-11,Spain,1,1,0,0,78,22,2,536,9491,6,7
2021-01-11,Spain,1,0,0,0,2,0,0,536,9491,6,7
2021-01-11,Spain,1,0,1,0,1,0,0,536,9491,6,7
2021-01-12,Spain,1,0,0,3,0,0,0,536,9491,6,7
2021-01-12,Spain,1,1,1,1,0,0,0,536,9491,6,7
2021-01-12,Spain,1,1,0,0,92,23,1,536,9491,6,7
2021-01-12,Spain,1,1,1,0,19,12,2,536,9491,6,7
2021-01-13,Spain,1,1,0,1,0,0,0,536,9491,6,7
2021-01-13,Spain,1,1,0,0,86,24,2,536,9491,6,7
2021-01-13,Spain,1,1,1,0,16,7,1,536,9491,6,7
2021-01-14,Spain,1,0,0,1,0,0,0,536,9491,6,7
2021-01-14,Spain,1,1,0,1,0,0,0,536,9491,6,7
2021-01-14,Spain,1,1,0,0,76,15,2,536,9491,6,7
2021-01-14,Spain,1,1,1,0,16,13,0,536,9491,6,7
2021-01-15,Spain,1,0,0,4,0,0,0,536,9491,6,7
2021-01-15,Spain,1,1,0,5,0,0,0,536,9491,6,7
2021-01-15,Spain,1,1,0,0,77,22,3,536,9491,6,7
2021-01-15,Spain,1,1,1,0,11,7,2,536,9491,6,7
2021-01-15,Spain,1,0,0,0,2,1,0,536,9491,6,7
2021-01-16,Spain,1,1,0,4,0,0,0,536,9491,6,7
2021-01-16,Spain,1,1,0,0,77,21,3,536,9491,6,7
2021-01-16,Spain,1,1,1,0,6,6,0,536,9491,6,7
2021-01-17,Spain,1,0,0,3,0,0,0,536,9491,6,7
2021-01-17,Spain,1,1,1,1,0,0,0,536,9491,6,7
2021-01-17,Spain,1,1,0,0,74,14,0,536,9491,6,7
2021-01-17,Spain,1,1,1,0,6,6,1,536,9491,6,7
2021-01-17,Spain,1,0,0,0,4,0,0,536,9491,6,7
2021-01-18,Spain,1,0,0,6,0,0,0,536,9491,6,7
2021-01-18,Spain,1,1,0,4,0,0,0,536,9491,6,7
2021-01-18,Spain,1,1,1,2,0,0,0,536,9491,6,7
2021-01-18,Spain,1,1,0,0,82,9,2,536,9491,6,7
2021-01-18,Spain,1,1,1,0,8,8,1,536,9491,6,7
2021-01-18,Spain,1,0,0,0,4,0,0,536,9491,6,7
2021-01-19,Spain,1,0,0,3,0,0,0,536,9491,6,7
2021-01-19,Spain,1,1,0,2,0,0,0,536,9491,6,7
2021-01-19,Spain,1,1,1,1,0,0,0,536,9491,6,7
2021-01-19,Spain,1,1,1,0,9,8,0,536,9491,6,7
2021-01-19,Spain,1,1,0,0,71,6,1,536,9491,6,7
2021-01-19,Spain,1,0,0,0,2,0,0,536,9491,6,7
2021-01-20,Spain,1,0,0,2,0,0,0,536,9491,6,7
2021-01-20,Spain,1,1,0,3,0,0,0,536,9491,6,7
2021-01-20,Spain,1,1,1,1,0,0,0,536,9491,6,7
2021-01-20,Spain,1,1,1,0,10,10,0,536,9491,6,7
2021-01-20,Spain,1,1,0,0,72,20,0,536,9491,6,7
2021-01-20,Spain,1,0,0,0,4,0,0,536,9491,6,7
2021-01-21,Spain,1,0,0,2,0,0,0,536,9491,6,7
2021-01-21,Spain,1,1,0,2,0,0,0,536,9491,6,7
2021-01-21,Spain,1,1,1,2,0,0,0,536,9491,6,7
2021-01-21,Spain,1,1,1,0,16,15,0,536,9491,6,7
2021-01-21,Spain,1,1,0,0,70,15,1,536,9491,6,7
2021-01-21,Spain,1,0,0,0,1,0,0,536,9491,6,7
2021-01-22,Spain,1,1,0,4,0,0,0,536,9491,6,7
2021-01-22,Spain,7,1,0,1,0,0,0,536,9491,6,7
2021-01-22,Spain,1,1,1,1,0,0,0,536,9491,6,7
2021-01-22,Spain,1,1,0,0,76,13,5,536,9491,6,7
2021-01-22,Spain,1,1,1,0,14,12,0,536,9491,6,7
2021-01-22,Spain,1,0,0,0,1,0,0,536,9491,6,7
2021-01-22,Spain,7,1,0,0,1,1,1,536,9491,6,7
2021-01-23,Spain,1,0,0,3,0,0,0,536,9491,6,7
2021-01-23,Spain,1,1,0,2,0,0,0,536,9491,6,7
2021-01-23,Spain,1,1,1,1,0,0,0,536,9491,6,7
2021-01-23,Spain,1,1,1,0,14,8,1,536,9491,6,7
2021-01-23,Spain,1,1,0,0,67,10,1,536,9491,6,7
2021-01-23,Spain,7,1,0,0,3,0,0,536,9491,6,7
2021-01-24,Spain,1,0,0,2,0,0,0,536,9491,6,7
2021-01-24,Spain,1,1,0,1,0,0,0,536,9491,6,7
2021-01-24,Spain,1,1,1,1,0,0,0,536,9491,6,7
2021-01-24,Spain,1,1,0,0,67,12,1,536,9491,6,7
2021-01-24,Spain,1,1,1,0,11,7,0,536,9491,6,7
2021-01-24,Spain,7,1,0,0,3,0,0,536,9491,6,7
2021-01-24,Spain,1,0,0,0,1,1,0,536,9491,6,7
2021-01-25,Spain,1,0,0,1,0,0,0,536,9491,6,7
2021-01-25,Spain,1,1,0,3,0,0,0,536,9491,6,7
2021-01-25,Spain,1,1,1,1,0,0,0,536,9491,6,7
2021-01-25,Spain,1,1,0,0,72,25,0,536,9491,6,7
2021-01-25,Spain,1,1,1,0,4,0,0,536,9491,6,7
2021-01-25,Spain,7,1,0,0,3,0,0,536,9491,6,7
2021-01-25,Spain,1,0,0,0,1,0,0,536,9491,6,7
2021-01-26,Spain,1,1,0,1,0,0,0,536,9491,6,7
2021-01-26,Spain,1,1,1,2,0,0,0,536,9491,6,7
2021-01-26,Spain,1,1,0,0,75,22,4,536,9491,6,7
2021-01-26,Spain,1,1,1,0,10,1,0,536,9491,6,7
2021-01-26,Spain,7,1,0,0,4,0,0,536,9491,6,7
2021-01-27,Spain,1,0,0,2,0,0,0,536,9491,6,7
2021-01-27,Spain,1,1,1,2,0,0,0,536,9491,6,7
2021-01-27,Spain,1,1,0,0,70,18,3,536,9491,6,7
2021-01-27,Spain,1,1,1,0,6,4,0,536,9491,6,7
2021-01-27,Spain,7,1,0,0,3,0,0,536,9491,6,7
2021-01-28,Spain,1,1,0,0,78,17,1,536,9491,6,7
2021-01-28,Spain,1,1,1,0,7,0,0,536,9491,6,7
2021-01-28,Spain,1,0,0,0,1,1,0,536,9491,6,7
2021-01-29,Spain,1,1,0,0,78,20,4,536,9491,6,7
2021-01-29,Spain,1,1,1,0,7,2,0,536,9491,6,7
2021-01-30,Spain,1,1,0,0,71,16,3,536,9491,6,7
2021-01-30,Spain,1,1,1,0,3,2,0,536,9491,6,7
2021-01-31,Spain,1,1,0,0,65,16,1,536,9491,6,7
2021-01-31,Spain,1,1,1,0,3,1,0,536,9491,6,7
2021-02-01,Spain,1,1,0,0,69,22,0,536,9491,6,7
2021-02-01,Spain,1,1,1,0,3,3,0,536,9491,6,7
2021-02-02,Spain,1,1,0,0,59,15,0,536,9491,6,7
2021-02-02,Spain,1,1,1,0,4,3,0,536,9491,6,7
2021-02-03,Spain,1,1,0,0,53,7,0,536,9491,6,7
2021-02-03,Spain,1,1,1,0,7,2,0,536,9491,6,7
2021-02-04,Spain,1,1,0,0,56,10,2,536,9491,6,7
2021-02-04,Spain,1,1,1,0,5,0,0,536,9491,6,7
2021-02-04,Spain,7,1,1,0,7,7,0,536,9491,6,7
2021-02-04,Spain,1,0,0,0,1,1,0,536,9491,6,7
2021-02-05,Spain,1,1,0,0,61,17,3,536,9491,6,7
2021-02-05,Spain,1,1,1,0,5,0,0,536,9491,6,7
2021-02-05,Spain,7,1,1,0,7,7,0,536,9491,6,7
2021-02-06,Spain,1,1,0,0,69,18,1,536,9491,6,7
2021-02-06,Spain,1,1,1,0,5,0,0,536,9491,6,7
2021-02-06,Spain,7,1,1,0,7,7,0,536,9491,6,7
2021-02-07,Spain,1,1,0,0,63,8,1,536,9491,6,7
2021-02-07,Spain,1,1,1,0,5,0,0,536,9491,6,7
2021-02-07,Spain,7,1,1,0,7,7,0,536,9491,6,7
2021-02-08,Spain,1,1,0,0,51,8,1,536,9491,6,7
2021-02-08,Spain,1,1,1,0,5,0,0,536,9491,6,7
2021-02-08,Spain,7,1,1,0,8,8,0,536,9491,6,7
2021-02-09,Spain,1,1,0,0,45,9,1,536,9491,6,7
2021-02-09,Spain,1,1,1,0,6,0,0,536,9491,6,7
2021-02-09,Spain,7,1,1,0,7,7,0,536,9491,6,7
2021-02-10,Spain,1,1,0,0,32,5,2,536,9491,6,7
2021-02-10,Spain,1,1,1,0,5,1,1,536,9491,6,7
2021-02-11,Spain,1,1,0,0,31,4,0,536,9491,6,7
2021-02-12,Spain,1,1,0,0,20,2,0,536,9491,6,7
2021-02-13,Spain,1,1,0,0,24,5,1,536,9491,6,7
2021-02-14,Spain,1,1,0,0,19,1,0,536,9491,6,7
2021-02-15,Spain,1,1,0,0,20,2,0,536,9491,6,7
2021-02-16,Spain,1,1,0,0,19,6,0,536,9491,6,7
2021-02-17,Spain,1,1,0,0,16,3,0,536,9491,6,7
2021-02-18,Spain,1,1,0,0,12,3,1,536,9491,6,7
2021-02-19,Spain,1,1,0,0,7,5,3,536,9491,6,7
2021-02-20,Spain,1,1,0,0,7,3,0,536,9491,6,7
2020-11-01,Taiwan,1,0,0,1,0,0,0,500,9189,7,9
2020-11-01,Taiwan,1,1,0,5,0,0,0,500,9189,7,9
2020-11-01,Taiwan,1,0,1,1,0,0,0,500,9189,7,9
2020-11-01,Taiwan,1,1,1,2,0,0,0,500,9189,7,9
2020-11-02,Taiwan,1,1,0,5,0,0,0,500,9189,7,9
2020-11-03,Taiwan,1,1,0,7,0,0,0,500,9189,7,9
2020-11-03,Taiwan,1,1,1,1,0,0,0,500,9189,7,9
2020-11-03,Taiwan,1,1,1,0,3,3,0,500,9189,7,9
2020-11-03,Taiwan,1,1,0,0,14,7,2,500,9189,7,9
2020-11-04,Taiwan,1,0,0,2,0,0,0,500,9189,7,9
2020-11-04,Taiwan,1,1,0,7,0,0,0,500,9189,7,9
2020-11-04,Taiwan,1,1,0,0,15,6,1,500,9189,7,9
2020-11-04,Taiwan,1,1,1,0,3,2,0,500,9189,7,9
2020-11-04,Taiwan,1,0,0,0,1,1,0,500,9189,7,9
2020-11-05,Taiwan,1,0,0,1,0,0,0,500,9189,7,9
2020-11-05,Taiwan,1,1,0,3,0,0,0,500,9189,7,9
2020-11-05,Taiwan,1,1,1,2,0,0,0,500,9189,7,9
2020-11-05,Taiwan,1,1,0,0,19,3,0,500,9189,7,9
2020-11-05,Taiwan,1,0,0,0,1,0,0,500,9189,7,9
2020-11-06,Taiwan,1,1,0,3,0,0,0,500,9189,7,9
2020-11-06,Taiwan,1,1,0,0,29,10,4,500,9189,7,9
2020-11-07,Taiwan,1,0,0,1,0,0,0,500,9189,7,9
2020-11-07,Taiwan,1,1,0,3,0,0,0,500,9189,7,9
2020-11-07,Taiwan,1,1,0,0,31,12,2,500,9189,7,9
2020-11-07,Taiwan,1,1,1,0,6,4,0,500,9189,7,9
2020-11-07,Taiwan,1,0,0,0,1,1,0,500,9189,7,9
2020-11-08,Taiwan,1,0,0,2,0,0,0,500,9189,7,9
2020-11-08,Taiwan,1,1,0,1,0,0,0,500,9189,7,9
2020-11-08,Taiwan,1,1,0,0,32,10,1,500,9189,7,9
2020-11-08,Taiwan,1,1,1,0,2,2,0,500,9189,7,9
2020-11-09,Taiwan,1,0,0,1,0,0,0,500,9189,7,9
2020-11-09,Taiwan,1,1,0,1,0,0,0,500,9189,7,9
2020-11-09,Taiwan,1,1,1,1,0,0,0,500,9189,7,9
2020-11-09,Taiwan,1,1,0,0,28,9,0,500,9189,7,9
2020-11-09,Taiwan,1,0,0,0,1,0,0,500,9189,7,9
2020-11-10,Taiwan,1,0,0,1,0,0,0,500,9189,7,9
2020-11-10,Taiwan,1,1,0,3,0,0,0,500,9189,7,9
2020-11-10,Taiwan,1,1,1,3,0,0,0,500,9189,7,9
2020-11-10,Taiwan,1,1,0,0,25,10,0,500,9189,7,9
2020-11-10,Taiwan,1,1,1,0,1,0,0,500,9189,7,9
2020-11-11,Taiwan,1,0,0,2,0,0,0,500,9189,7,9
2020-11-11,Taiwan,1,1,0,3,0,0,0,500,9189,7,9
2020-11-11,Taiwan,1,1,1,0,6,2,1,500,9189,7,9
2020-11-11,Taiwan,1,1,0,0,26,11,0,500,9189,7,9
2020-11-12,Taiwan,1,0,0,1,0,0,0,500,9189,7,9
2020-11-12,Taiwan,1,1,0,1,0,0,0,500,9189,7,9
2020-11-12,Taiwan,1,1,0,0,31,12,2,500,9189,7,9
2020-11-12,Taiwan,1,0,0,0,1,0,0,500,9189,7,9
2020-11-13,Taiwan,1,0,0,2,0,0,0,500,9189,7,9
2020-11-13,Taiwan,1,1,0,1,0,0,0,500,9189,7,9
2020-11-13,Taiwan,1,1,0,0,30,8,2,500,9189,7,9
2020-11-14,Taiwan,1,0,0,1,0,0,0,500,9189,7,9
2020-11-14,Taiwan,1,1,0,0,32,9,0,500,9189,7,9
2020-11-15,Taiwan,1,0,0,3,0,0,0,500,9189,7,9
2020-11-15,Taiwan,1,1,0,4,0,0,0,500,9189,7,9
2020-11-15,Taiwan,1,1,1,1,0,0,0,500,9189,7,9
2020-11-15,Taiwan,1,1,0,0,45,12,0,500,9189,7,9
2020-11-15,Taiwan,1,0,0,0,2,0,0,500,9189,7,9
2020-11-16,Taiwan,1,1,0,3,0,0,0,500,9189,7,9
2020-11-16,Taiwan,3,1,1,1,0,0,0,500,9189,7,9
2020-11-16,Taiwan,1,1,0,0,50,18,2,500,9189,7,9
2020-11-17,Taiwan,1,1,0,1,0,0,0,500,9189,7,9
2020-11-17,Taiwan,1,1,0,0,50,13,2,500,9189,7,9
2020-11-18,Taiwan,1,0,0,2,0,0,0,500,9189,7,9
2020-11-18,Taiwan,1,1,0,1,0,0,0,500,9189,7,9
2020-11-18,Taiwan,1,1,0,0,60,18,4,500,9189,7,9
2020-11-18,Taiwan,1,0,0,0,2,1,0,500,9189,7,9
2020-11-19,Taiwan,1,0,0,3,0,0,0,500,9189,7,9
2020-11-19,Taiwan,1,1,0,2,0,0,0,500,9189,7,9
2020-11-19,Taiwan,1,1,1,1,0,0,0,500,9189,7,9
2020-11-19,Taiwan,1,1,0,0,58,22,3,500,9189,7,9
2020-11-19,Taiwan,1,0,0,0,3,0,0,500,9189,7,9
2020-11-20,Taiwan,1,0,0,1,0,0,0,500,9189,7,9
2020-11-20,Taiwan,1,0,1,1,0,0,0,500,9189,7,9
2020-11-20,Taiwan,1,1,0,0,62,16,2,500,9189,7,9
2020-11-20,Taiwan,1,0,1,0,2,2,0,500,9189,7,9
2020-11-21,Taiwan,1,1,0,3,0,0,0,500,9189,7,9
2020-11-21,Taiwan,1,1,1,1,0,0,0,500,9189,7,9
2020-11-21,Taiwan,1,1,0,0,67,29,2,500,9189,7,9
2020-11-21,Taiwan,1,0,0,0,1,1,0,500,9189,7,9
2020-11-22,Taiwan,1,0,0,2,0,0,0,500,9189,7,9
2020-11-22,Taiwan,1,1,0,3,0,0,0,500,9189,7,9
2020-11-22,Taiwan,1,1,1,1,0,0,0,500,9189,7,9
2020-11-22,Taiwan,1,1,0,0,72,29,4,500,9189,7,9
2020-11-22,Taiwan,1,0,0,0,3,0,0,500,9189,7,9
2020-11-23,Taiwan,1,1,0,1,0,0,0,500,9189,7,9
2020-11-23,Taiwan,1,1,0,0,83,27,1,500,9189,7,9
2020-11-24,Taiwan,1,0,0,4,0,0,0,500,9189,7,9
2020-11-24,Taiwan,1,1,0,4,0,0,0,500,9189,7,9
2020-11-24,Taiwan,7,1,0,1,0,0,0,500,9189,7,9
2020-11-24,Taiwan,1,1,0,0,95,23,1,500,9189,7,9
2020-11-24,Taiwan,7,1,0,0,3,3,3,500,9189,7,9
2020-11-25,Taiwan,1,0,0,2,0,0,0,500,9189,7,9
2020-11-25,Taiwan,1,1,0,1,0,0,0,500,9189,7,9
2020-11-25,Taiwan,1,1,1,1,0,0,0,500,9189,7,9
2020-11-25,Taiwan,1,1,0,0,89,31,3,500,9189,7,9
2020-11-25,Taiwan,1,0,0,0,1,0,0,500,9189,7,9
2020-11-25,Taiwan,7,1,0,0,2,2,1,500,9189,7,9
2020-11-26,Taiwan,1,1,0,3,0,0,0,500,9189,7,9
2020-11-26,Taiwan,1,1,0,0,99,34,3,500,9189,7,9
2020-11-26,Taiwan,7,1,0,0,2,2,0,500,9189,7,9
2020-11-27,Taiwan,1,0,0,2,0,0,0,500,9189,7,9
2020-11-27,Taiwan,1,1,0,2,0,0,0,500,9189,7,9
2020-11-27,Taiwan,1,1,1,1,0,0,0,500,9189,7,9
2020-11-27,Taiwan,1,1,0,0,94,32,2,500,9189,7,9
2020-11-27,Taiwan,7,1,0,0,2,2,0,500,9189,7,9
2020-11-27,Taiwan,1,0,0,0,1,0,0,500,9189,7,9
2020-11-28,Taiwan,1,0,0,2,0,0,0,500,9189,7,9
2020-11-28,Taiwan,1,1,0,3,0,0,0,500,9189,7,9
2020-11-28,Taiwan,1,1,1,1,0,0,0,500,9189,7,9
2020-11-28,Taiwan,1,1,0,0,92,27,0,500,9189,7,9
2020-11-28,Taiwan,7,1,0,0,2,2,0,500,9189,7,9
2020-11-28,Taiwan,1,1,1,0,1,1,0,500,9189,7,9
2020-11-29,Taiwan,1,0,0,2,0,0,0,500,9189,7,9
2020-11-29,Taiwan,1,1,0,2,0,0,0,500,9189,7,9
2020-11-29,Taiwan,1,1,1,2,0,0,0,500,9189,7,9
2020-11-29,Taiwan,1,1,1,0,11,11,0,500,9189,7,9
2020-11-29,Taiwan,1,1,0,0,94,26,1,500,9189,7,9
2020-11-29,Taiwan,7,1,0,0,2,2,0,500,9189,7,9
2020-11-30,Taiwan,1,0,0,2,0,0,0,500,9189,7,9
2020-11-30,Taiwan,1,1,0,1,0,0,0,500,9189,7,9
2020-11-30,Taiwan,1,1,1,3,0,0,0,500,9189,7,9
2020-11-30,Taiwan,7,1,1,1,0,0,0,500,9189,7,9
2020-11-30,Taiwan,1,1,0,0,90,36,5,500,9189,7,9
2020-11-30,Taiwan,1,1,1,0,7,7,1,500,9189,7,9
2020-11-30,Taiwan,1,0,0,0,1,1,0,500,9189,7,9
2020-11-30,Taiwan,7,1,0,0,2,0,0,500,9189,7,9
2020-12-01,Taiwan,1,1,0,5,0,0,0,500,9189,7,9
2020-12-01,Taiwan,1,1,1,4,0,0,0,500,9189,7,9
2020-12-01,Taiwan,1,1,0,0,89,30,3,500,9189,7,9
2020-12-01,Taiwan,1,1,1,0,9,8,1,500,9189,7,9
2020-12-01,Taiwan,1,0,0,0,1,0,0,500,9189,7,9
2020-12-01,Taiwan,7,1,0,0,3,0,0,500,9189,7,9
2020-12-02,Taiwan,1,0,0,1,0,0,0,500,9189,7,9
2020-12-02,Taiwan,1,1,0,2,0,0,0,500,9189,7,9
2020-12-02,Taiwan,1,1,1,1,0,0,0,500,9189,7,9
2020-12-02,Taiwan,1,1,1,0,11,11,3,500,9189,7,9
2020-12-02,Taiwan,1,1,0,0,81,18,2,500,9189,7,9
2020-12-02,Taiwan,7,1,0,0,3,0,0,500,9189,7,9
2020-12-03,Taiwan,1,0,0,2,0,0,0,500,9189,7,9
2020-12-03,Taiwan,1,1,0,3,0,0,0,500,9189,7,9
2020-12-03,Taiwan,1,1,1,2,0,0,0,500,9189,7,9
2020-12-03,Taiwan,1,1,1,0,12,8,2,500,9189,7,9
2020-12-03,Taiwan,1,1,0,0,82,14,3,500,9189,7,9
2020-12-03,Taiwan,7,1,0,0,2,0,0,500,9189,7,9
2020-12-03,Taiwan,1,0,0,0,2,2,0,500,9189,7,9
2020-12-04,Taiwan,1,0,0,1,0,0,0,500,9189,7,9
2020-12-04,Taiwan,1,1,0,2,0,0,0,500,9189,7,9
2020-12-04,Taiwan,1,0,1,1,0,0,0,500,9189,7,9
2020-12-04,Taiwan,1,1,1,1,0,0,0,500,9189,7,9
2020-12-04,Taiwan,1,1,0,0,73,20,3,500,9189,7,9
2020-12-04,Taiwan,1,1,1,0,5,3,1,500,9189,7,9
2020-12-04,Taiwan,7,1,0,0,1,0,0,500,9189,7,9
2020-12-04,Taiwan,1,0,0,0,2,0,0,500,9189,7,9
2020-12-05,Taiwan,1,0,0,2,0,0,0,500,9189,7,9
2020-12-05,Taiwan,1,1,0,7,0,0,0,500,9189,7,9
2020-12-05,Taiwan,1,1,1,1,0,0,0,500,9189,7,9
2020-12-05,Taiwan,1,1,0,0,94,31,4,500,9189,7,9
2020-12-05,Taiwan,1,1,1,0,5,3,2,500,9189,7,9
2020-12-05,Taiwan,7,1,0,0,2,0,0,500,9189,7,9
2020-12-05,Taiwan,1,0,0,0,1,1,0,500,9189,7,9
2020-12-06,Taiwan,1,0,0,1,0,0,0,500,9189,7,9
2020-12-06,Taiwan,1,1,1,1,0,0,0,500,9189,7,9
2020-12-06,Taiwan,1,1,0,0,105,41,4,500,9189,7,9
2020-12-06,Taiwan,1,1,1,0,7,4,0,500,9189,7,9
2020-12-06,Taiwan,7,1,0,0,2,0,0,500,9189,7,9
2020-12-07,Taiwan,1,0,0,1,0,0,0,500,9189,7,9
2020-12-07,Taiwan,1,1,0,2,0,0,0,500,9189,7,9
2020-12-07,Taiwan,1,1,1,0,7,0,0,500,9189,7,9
2020-12-07,Taiwan,1,1,0,0,103,23,5,500,9189,7,9
2020-12-07,Taiwan,1,0,0,0,2,1,0,500,9189,7,9
2020-12-07,Taiwan,7,1,0,0,1,0,0,500,9189,7,9
2020-12-08,Taiwan,1,0,0,7,0,0,0,500,9189,7,9
2020-12-08,Taiwan,1,1,0,7,0,0,0,500,9189,7,9
2020-12-08,Taiwan,1,1,1,4,0,0,0,500,9189,7,9
2020-12-08,Taiwan,1,1,1,0,8,3,1,500,9189,7,9
2020-12-08,Taiwan,1,1,0,0,116,32,4,500,9189,7,9
2020-12-08,Taiwan,1,0,0,0,7,4,0,500,9189,7,9
2020-12-08,Taiwan,7,1,0,0,1,0,0,500,9189,7,9
2020-12-09,Taiwan,1,0,0,5,0,0,0,500,9189,7,9
2020-12-09,Taiwan,1,1,0,4,0,0,0,500,9189,7,9
2020-12-09,Taiwan,1,1,1,2,0,0,0,500,9189,7,9
2020-12-09,Taiwan,1,1,0,0,126,50,9,500,9189,7,9
2020-12-09,Taiwan,1,1,1,0,9,2,1,500,9189,7,9
2020-12-09,Taiwan,7,1,0,0,3,0,0,500,9189,7,9
2020-12-09,Taiwan,1,0,0,0,3,2,0,500,9189,7,9
2020-12-10,Taiwan,1,0,0,4,0,0,0,500,9189,7,9
2020-12-10,Taiwan,1,1,0,4,0,0,0,500,9189,7,9
2020-12-10,Taiwan,1,1,1,2,0,0,0,500,9189,7,9
2020-12-10,Taiwan,7,1,1,1,0,0,0,500,9189,7,9
2020-12-10,Taiwan,1,1,0,0,122,43,7,500,9189,7,9
2020-12-10,Taiwan,1,1,1,0,10,6,1,500,9189,7,9
2020-12-10,Taiwan,7,1,0,0,2,0,0,500,9189,7,9
2020-12-10,Taiwan,1,0,0,0,2,0,0,500,9189,7,9
2020-12-11,Taiwan,1,0,0,1,0,0,0,500,9189,7,9
2020-12-11,Taiwan,1,1,0,3,0,0,0,500,9189,7,9
2020-12-11,Taiwan,1,1,0,0,116,45,4,500,9189,7,9
2020-12-11,Taiwan,1,1,1,0,10,4,3,500,9189,7,9
2020-12-11,Taiwan,1,0,0,0,3,2,0,500,9189,7,9
2020-12-11,Taiwan,7,1,0,0,2,0,0,500,9189,7,9
2020-12-12,Taiwan,1,0,0,3,0,0,0,500,9189,7,9
2020-12-12,Taiwan,1,1,0,5,0,0,0,500,9189,7,9
2020-12-12,Taiwan,1,1,1,1,0,0,0,500,9189,7,9
2020-12-12,Taiwan,1,1,0,0,91,29,5,500,9189,7,9
2020-12-12,Taiwan,1,1,1,0,12,2,0,500,9189,7,9
2020-12-12,Taiwan,1,0,0,0,7,3,0,500,9189,7,9
2020-12-12,Taiwan,3,1,1,0,6,0,0,500,9189,7,9
2020-12-13,Taiwan,1,0,0,1,0,0,0,500,9189,7,9
2020-12-13,Taiwan,1,1,0,3,0,0,0,500,9189,7,9
2020-12-13,Taiwan,1,1,1,1,0,0,0,500,9189,7,9
2020-12-13,Taiwan,1,1,0,0,91,29,3,500,9189,7,9
2020-12-13,Taiwan,1,1,1,0,12,2,1,500,9189,7,9
2020-12-13,Taiwan,1,0,0,0,1,1,0,500,9189,7,9
2020-12-13,Taiwan,3,1,1,0,5,0,0,500,9189,7,9
2020-12-14,Taiwan,1,0,0,4,0,0,0,500,9189,7,9
2020-12-14,Taiwan,1,1,0,3,0,0,0,500,9189,7,9
2020-12-14,Taiwan,1,1,0,0,90,17,0,500,9189,7,9
2020-12-14,Taiwan,1,1,1,0,12,5,0,500,9189,7,9
2020-12-14,Taiwan,3,1,1,0,6,4,1,500,9189,7,9
2020-12-14,Taiwan,1,0,0,0,2,2,0,500,9189,7,9
2020-12-15,Taiwan,1,0,0,3,0,0,0,500,9189,7,9
2020-12-15,Taiwan,1,1,0,12,0,0,0,500,9189,7,9
2020-12-15,Taiwan,1,1,1,1,0,0,0,500,9189,7,9
2020-12-15,Taiwan,1,1,0,0,90,25,3,500,9189,7,9
2020-12-15,Taiwan,1,1,1,0,5,2,0,500,9189,7,9
2020-12-15,Taiwan,1,0,0,0,3,1,0,500,9189,7,9
2020-12-15,Taiwan,3,1,1,0,6,0,0,500,9189,7,9
2020-12-16,Taiwan,1,0,0,2,0,0,0,500,9189,7,9
2020-12-16,Taiwan,1,1,0,7,0,0,0,500,9189,7,9
2020-12-16,Taiwan,1,1,0,0,97,30,1,500,9189,7,9
2020-12-16,Taiwan,1,1,1,0,5,0,0,500,9189,7,9
2020-12-17,Taiwan,1,0,0,4,0,0,0,500,9189,7,9
2020-12-17,Taiwan,1,1,0,6,0,0,0,500,9189,7,9
2020-12-17,Taiwan,1,0,1,1,0,0,0,500,9189,7,9
2020-12-17,Taiwan,1,1,0,0,111,26,2,500,9189,7,9
2020-12-17,Taiwan,1,1,1,0,5,1,0,500,9189,7,9
2020-12-17,Taiwan,1,0,0,0,3,3,0,500,9189,7,9
2020-12-17,Taiwan,1,0,1,0,2,0,0,500,9189,7,9
2020-12-18,Taiwan,1,0,0,3,0,0,0,500,9189,7,9
2020-12-18,Taiwan,1,1,0,4,0,0,0,500,9189,7,9
2020-12-18,Taiwan,1,1,0,0,112,29,4,500,9189,7,9
2020-12-18,Taiwan,1,1,1,0,8,4,0,500,9189,7,9
2020-12-18,Taiwan,1,0,0,0,1,0,0,500,9189,7,9
2020-12-19,Taiwan,1,0,0,3,0,0,0,500,9189,7,9
2020-12-19,Taiwan,1,1,0,1,0,0,0,500,9189,7,9
2020-12-19,Taiwan,1,0,1,1,0,0,0,500,9189,7,9
2020-12-19,Taiwan,1,1,0,0,105,19,4,500,9189,7,9
2020-12-19,Taiwan,1,1,1,0,4,3,2,500,9189,7,9
2020-12-19,Taiwan,1,0,0,0,2,2,0,500,9189,7,9
2020-12-20,Taiwan,1,0,0,1,0,0,0,500,9189,7,9
2020-12-20,Taiwan,1,1,0,5,0,0,0,500,9189,7,9
2020-12-20,Taiwan,1,1,1,1,0,0,0,500,9189,7,9
2020-12-20,Taiwan,1,1,0,0,108,33,1,500,9189,7,9
2020-12-20,Taiwan,1,1,1,0,4,4,1,500,9189,7,9
2020-12-20,Taiwan,1,0,0,0,4,4,0,500,9189,7,9
2020-12-21,Taiwan,1,0,0,1,0,0,0,500,9189,7,9
2020-12-21,Taiwan,1,1,0,3,0,0,0,500,9189,7,9
2020-12-21,Taiwan,1,1,0,0,105,27,0,500,9189,7,9
2020-12-21,Taiwan,1,1,1,0,6,4,0,500,9189,7,9
2020-12-22,Taiwan,1,0,0,2,0,0,0,500,9189,7,9
2020-12-22,Taiwan,1,1,0,2,0,0,0,500,9189,7,9
2020-12-22,Taiwan,1,1,1,1,0,0,0,500,9189,7,9
2020-12-22,Taiwan,1,1,0,0,100,32,3,500,9189,7,9
2020-12-22,Taiwan,1,0,0,0,3,1,0,500,9189,7,9
2020-12-23,Taiwan,1,0,0,1,0,0,0,500,9189,7,9
2020-12-23,Taiwan,1,1,0,3,0,0,0,500,9189,7,9
2020-12-23,Taiwan,1,1,1,1,0,0,0,500,9189,7,9
2020-12-23,Taiwan,1,1,0,0,99,32,0,500,9189,7,9
2020-12-23,Taiwan,1,0,0,0,1,1,0,500,9189,7,9
2020-12-24,Taiwan,1,1,0,2,0,0,0,500,9189,7,9
2020-12-24,Taiwan,1,1,0,0,96,25,1,500,9189,7,9
2020-12-24,Taiwan,1,1,1,0,5,5,0,500,9189,7,9
2020-12-25,Taiwan,1,0,0,1,0,0,0,500,9189,7,9
2020-12-25,Taiwan,1,1,0,6,0,0,0,500,9189,7,9
2020-12-25,Taiwan,1,1,1,1,0,0,0,500,9189,7,9
2020-12-25,Taiwan,1,1,0,0,92,30,2,500,9189,7,9
2020-12-25,Taiwan,1,1,1,0,5,5,0,500,9189,7,9
2020-12-25,Taiwan,1,0,0,0,1,0,0,500,9189,7,9
2020-12-26,Taiwan,1,0,0,1,0,0,0,500,9189,7,9
2020-12-26,Taiwan,1,1,0,5,0,0,0,500,9189,7,9
2020-12-26,Taiwan,1,1,0,0,93,21,3,500,9189,7,9
2020-12-26,Taiwan,1,1,1,0,5,5,0,500,9189,7,9
2020-12-27,Taiwan,1,0,0,3,0,0,0,500,9189,7,9
2020-12-27,Taiwan,1,1,0,0,90,20,1,500,9189,7,9
2020-12-27,Taiwan,1,1,1,0,5,5,0,500,9189,7,9
2020-12-27,Taiwan,1,0,0,0,2,2,0,500,9189,7,9
2020-12-28,Taiwan,1,1,0,3,0,0,0,500,9189,7,9
2020-12-28,Taiwan,1,1,1,3,0,0,0,500,9189,7,9
2020-12-28,Taiwan,1,1,0,0,76,19,2,500,9189,7,9
2020-12-28,Taiwan,1,1,1,0,10,7,1,500,9189,7,9
2020-12-29,Taiwan,1,0,0,1,0,0,0,500,9189,7,9
2020-12-29,Taiwan,1,1,0,5,0,0,0,500,9189,7,9
2020-12-29,Taiwan,1,1,1,1,0,0,0,500,9189,7,9
2020-12-29,Taiwan,1,1,1,0,11,10,1,500,9189,7,9
2020-12-29,Taiwan,1,1,0,0,79,36,4,500,9189,7,9
2020-12-30,Taiwan,1,1,0,2,0,0,0,500,9189,7,9
2020-12-30,Taiwan,1,1,0,0,96,27,1,500,9189,7,9
2020-12-30,Taiwan,1,1,1,0,11,7,0,500,9189,7,9
2020-12-30,Taiwan,1,0,0,0,1,0,0,500,9189,7,9
2020-12-31,Taiwan,1,0,0,3,0,0,0,500,9189,7,9
2020-12-31,Taiwan,1,1,0,4,0,0,0,500,9189,7,9
2020-12-31,Taiwan,1,0,1,1,0,0,0,500,9189,7,9
2020-12-31,Taiwan,1,1,0,0,100,29,5,500,9189,7,9
2020-12-31,Taiwan,1,1,1,0,12,5,0,500,9189,7,9
2020-12-31,Taiwan,1,0,1,0,2,0,0,500,9189,7,9
2021-01-01,Taiwan,1,0,0,1,0,0,0,500,9189,7,9
2021-01-01,Taiwan,1,1,0,1,0,0,0,500,9189,7,9
2021-01-01,Taiwan,1,1,0,0,81,23,0,500,9189,7,9
2021-01-01,Taiwan,1,1,1,0,13,6,0,500,9189,7,9
2021-01-02,Taiwan,1,0,0,1,0,0,0,500,9189,7,9
2021-01-02,Taiwan,1,1,0,5,0,0,0,500,9189,7,9
2021-01-02,Taiwan,1,1,1,2,0,0,0,500,9189,7,9
2021-01-02,Taiwan,1,1,0,0,84,22,3,500,9189,7,9
2021-01-02,Taiwan,1,1,1,0,5,5,0,500,9189,7,9
2021-01-03,Taiwan,1,0,0,2,0,0,0,500,9189,7,9
2021-01-03,Taiwan,1,1,0,4,0,0,0,500,9189,7,9
2021-01-03,Taiwan,1,1,0,0,98,24,3,500,9189,7,9
2021-01-03,Taiwan,1,1,1,0,6,2,0,500,9189,7,9
2021-01-03,Taiwan,1,0,1,0,1,0,0,500,9189,7,9
2021-01-04,Taiwan,1,0,0,2,0,0,0,500,9189,7,9
2021-01-04,Taiwan,1,1,0,3,0,0,0,500,9189,7,9
2021-01-04,Taiwan,1,1,1,1,0,0,0,500,9189,7,9
2021-01-04,Taiwan,1,1,0,0,107,23,4,500,9189,7,9
2021-01-05,Taiwan,1,0,0,2,0,0,0,500,9189,7,9
2021-01-05,Taiwan,1,1,0,8,0,0,0,500,9189,7,9
2021-01-05,Taiwan,1,0,1,2,0,0,0,500,9189,7,9
2021-01-05,Taiwan,1,1,0,0,120,27,3,500,9189,7,9
2021-01-05,Taiwan,1,0,0,0,1,0,0,500,9189,7,9
2021-01-05,Taiwan,1,1,1,0,1,1,0,500,9189,7,9
2021-01-06,Taiwan,1,0,0,1,0,0,0,500,9189,7,9
2021-01-06,Taiwan,1,1,0,4,0,0,0,500,9189,7,9
2021-01-06,Taiwan,1,1,1,2,0,0,0,500,9189,7,9
2021-01-06,Taiwan,1,1,0,0,133,28,4,500,9189,7,9
2021-01-06,Taiwan,1,1,1,0,8,8,0,500,9189,7,9
2021-01-07,Taiwan,1,0,0,1,0,0,0,500,9189,7,9
2021-01-07,Taiwan,1,1,0,1,0,0,0,500,9189,7,9
2021-01-07,Taiwan,1,1,1,1,0,0,0,500,9189,7,9
2021-01-07,Taiwan,1,1,0,0,126,32,1,500,9189,7,9
2021-01-07,Taiwan,1,1,1,0,8,7,0,500,9189,7,9
2021-01-08,Taiwan,1,0,0,2,0,0,0,500,9189,7,9
2021-01-08,Taiwan,1,1,0,4,0,0,0,500,9189,7,9
2021-01-08,Taiwan,1,1,0,0,122,36,3,500,9189,7,9
2021-01-08,Taiwan,1,1,1,0,8,5,0,500,9189,7,9
2021-01-08,Taiwan,1,0,0,0,1,0,0,500,9189,7,9
2021-01-09,Taiwan,1,1,0,1,0,0,0,500,9189,7,9
2021-01-09,Taiwan,1,1,0,0,107,24,3,500,9189,7,9
2021-01-09,Taiwan,1,1,1,0,8,5,0,500,9189,7,9
2021-01-10,Taiwan,1,0,0,1,0,0,0,500,9189,7,9
2021-01-10,Taiwan,1,1,0,2,0,0,0,500,9189,7,9
2021-01-10,Taiwan,1,1,0,0,102,23,1,500,9189,7,9
2021-01-10,Taiwan,1,1,1,0,13,2,0,500,9189,7,9
2021-01-10,Taiwan,1,0,0,0,1,0,0,500,9189,7,9
2021-01-11,Taiwan,1,0,0,3,0,0,0,500,9189,7,9
2021-01-11,Taiwan,1,1,0,1,0,0,0,500,9189,7,9
2021-01-11,Taiwan,1,1,0,0,98,30,5,500,9189,7,9
2021-01-11,Taiwan,1,1,1,0,15,2,0,500,9189,7,9
2021-01-11,Taiwan,1,0,0,0,5,0,0,500,9189,7,9
2021-01-12,Taiwan,1,0,0,3,0,0,0,500,9189,7,9
2021-01-12,Taiwan,1,1,0,2,0,0,0,500,9189,7,9
2021-01-12,Taiwan,1,1,0,0,106,28,3,500,9189,7,9
2021-01-12,Taiwan,1,1,1,0,12,4,3,500,9189,7,9
2021-01-13,Taiwan,1,1,0,4,0,0,0,500,9189,7,9
2021-01-13,Taiwan,1,1,0,0,119,23,4,500,9189,7,9
2021-01-13,Taiwan,1,1,1,0,14,9,4,500,9189,7,9
2021-01-13,Taiwan,1,0,0,0,1,0,0,500,9189,7,9
2021-01-14,Taiwan,1,0,0,2,0,0,0,500,9189,7,9
2021-01-14,Taiwan,1,1,0,7,0,0,0,500,9189,7,9
2021-01-14,Taiwan,1,1,1,1,0,0,0,500,9189,7,9
2021-01-14,Taiwan,1,1,0,0,103,16,3,500,9189,7,9
2021-01-14,Taiwan,1,1,1,0,13,5,0,500,9189,7,9
2021-01-14,Taiwan,1,0,0,0,2,0,0,500,9189,7,9
2021-01-15,Taiwan,1,0,0,1,0,0,0,500,9189,7,9
2021-01-15,Taiwan,1,1,0,3,0,0,0,500,9189,7,9
2021-01-15,Taiwan,1,1,0,0,105,18,1,500,9189,7,9
2021-01-15,Taiwan,1,1,1,0,13,7,0,500,9189,7,9
2021-01-15,Taiwan,1,0,0,0,2,0,0,500,9189,7,9
2021-01-16,Taiwan,1,0,0,2,0,0,0,500,9189,7,9
2021-01-16,Taiwan,1,1,0,2,0,0,0,500,9189,7,9
2021-01-16,Taiwan,1,1,0,0,99,17,3,500,9189,7,9
2021-01-16,Taiwan,1,1,1,0,13,6,0,500,9189,7,9
2021-01-16,Taiwan,1,0,0,0,4,0,0,500,9189,7,9
2021-01-17,Taiwan,1,0,0,1,0,0,0,500,9189,7,9
2021-01-17,Taiwan,1,1,0,1,0,0,0,500,9189,7,9
2021-01-17,Taiwan,1,1,1,1,0,0,0,500,9189,7,9
2021-01-17,Taiwan,1,1,0,0,94,11,2,500,9189,7,9
2021-01-17,Taiwan,1,1,1,0,12,6,0,500,9189,7,9
2021-01-18,Taiwan,1,1,0,2,0,0,0,500,9189,7,9
2021-01-18,Taiwan,1,1,0,0,91,10,1,500,9189,7,9
2021-01-18,Taiwan,1,1,1,0,3,0,0,500,9189,7,9
2021-01-18,Taiwan,1,0,0,0,1,0,0,500,9189,7,9
2021-01-19,Taiwan,1,0,0,2,0,0,0,500,9189,7,9
2021-01-19,Taiwan,1,1,0,4,0,0,0,500,9189,7,9
2021-01-19,Taiwan,1,1,1,1,0,0,0,500,9189,7,9
2021-01-19,Taiwan,1,1,0,0,86,12,2,500,9189,7,9
2021-01-19,Taiwan,1,0,0,0,4,0,0,500,9189,7,9
2021-01-20,Taiwan,1,0,0,1,0,0,0,500,9189,7,9
2021-01-20,Taiwan,1,1,0,6,0,0,0,500,9189,7,9
2021-01-20,Taiwan,1,1,0,0,88,11,2,500,9189,7,9
2021-01-20,Taiwan,1,1,1,0,3,3,0,500,9189,7,9
2021-01-21,Taiwan,1,0,0,4,0,0,0,500,9189,7,9
2021-01-21,Taiwan,1,1,0,2,0,0,0,500,9189,7,9
2021-01-21,Taiwan,1,1,1,1,0,0,0,500,9189,7,9
2021-01-21,Taiwan,1,1,0,0,101,14,1,500,9189,7,9
2021-01-21,Taiwan,1,1,1,0,4,4,0,500,9189,7,9
2021-01-22,Taiwan,1,0,0,4,0,0,0,500,9189,7,9
2021-01-22,Taiwan,1,1,0,4,0,0,0,500,9189,7,9
2021-01-22,Taiwan,1,1,1,0,7,4,0,500,9189,7,9
2021-01-22,Taiwan,1,1,0,0,95,20,2,500,9189,7,9
2021-01-22,Taiwan,1,0,0,0,5,0,0,500,9189,7,9
2021-01-23,Taiwan,1,0,0,3,0,0,0,500,9189,7,9
2021-01-23,Taiwan,1,1,1,1,0,0,0,500,9189,7,9
2021-01-23,Taiwan,1,1,0,0,102,24,2,500,9189,7,9
2021-01-23,Taiwan,1,1,1,0,12,3,0,500,9189,7,9
2021-01-24,Taiwan,1,0,0,1,0,0,0,500,9189,7,9
2021-01-24,Taiwan,1,1,0,3,0,0,0,500,9189,7,9
2021-01-24,Taiwan,1,1,1,1,0,0,0,500,9189,7,9
2021-01-24,Taiwan,1,1,1,0,13,6,0,500,9189,7,9
2021-01-24,Taiwan,1,1,0,0,90,24,3,500,9189,7,9
2021-01-25,Taiwan,1,1,0,1,0,0,0,500,9189,7,9
2021-01-25,Taiwan,1,1,1,1,0,0,0,500,9189,7,9
2021-01-25,Taiwan,1,1,1,0,18,14,2,500,9189,7,9
2021-01-25,Taiwan,1,1,0,0,80,30,1,500,9189,7,9
2021-01-25,Taiwan,1,0,0,0,2,0,0,500,9189,7,9
2021-01-26,Taiwan,1,1,0,5,0,0,0,500,9189,7,9
2021-01-26,Taiwan,1,1,1,1,0,0,0,500,9189,7,9
2021-01-26,Taiwan,1,1,1,0,14,9,1,500,9189,7,9
2021-01-26,Taiwan,1,1,0,0,83,23,3,500,9189,7,9
2021-01-27,Taiwan,1,0,0,2,0,0,0,500,9189,7,9
2021-01-27,Taiwan,1,1,0,1,0,0,0,500,9189,7,9
2021-01-27,Taiwan,1,1,1,2,0,0,0,500,9189,7,9
2021-01-27,Taiwan,1,1,0,0,87,24,1,500,9189,7,9
2021-01-27,Taiwan,1,1,1,0,12,11,2,500,9189,7,9
2021-01-28,Taiwan,1,1,0,0,69,24,2,500,9189,7,9
2021-01-28,Taiwan,1,1,1,0,5,4,1,500,9189,7,9
2021-01-29,Taiwan,1,1,0,0,69,27,1,500,9189,7,9
2021-01-30,Taiwan,1,1,0,0,61,15,0,500,9189,7,9
2021-01-31,Taiwan,1,1,0,0,60,12,0,500,9189,7,9
2021-02-01,Taiwan,1,1,0,0,60,10,0,500,9189,7,9
2021-02-02,Taiwan,1,1,0,0,59,16,0,500,9189,7,9
2021-02-03,Taiwan,1,1,0,0,65,21,0,500,9189,7,9
2021-02-04,Taiwan,1,1,0,0,48,15,0,500,9189,7,9
2021-02-05,Taiwan,1,1,0,0,48,22,2,500,9189,7,9
2021-02-06,Taiwan,1,1,0,0,44,18,1,500,9189,7,9
2021-02-07,Taiwan,1,1,0,0,35,23,2,500,9189,7,9
2021-02-08,Taiwan,1,1,0,0,35,20,1,500,9189,7,9
2021-02-09,Taiwan,1,1,0,0,31,18,0,500,9189,7,9
2021-02-10,Taiwan,1,1,0,0,35,21,2,500,9189,7,9
2021-02-11,Taiwan,1,1,0,0,42,19,4,500,9189,7,9
2021-02-12,Taiwan,1,1,0,0,43,19,4,500,9189,7,9
2021-02-13,Taiwan,1,1,0,0,51,17,3,500,9189,7,9
2021-02-14,Taiwan,1,1,0,0,50,23,2,500,9189,7,9
2021-02-15,Taiwan,1,1,0,0,49,32,3,500,9189,7,9
2021-02-16,Taiwan,1,1,0,0,54,22,0,500,9189,7,9
2021-02-17,Taiwan,1,1,0,0,57,29,1,500,9189,7,9
2021-02-18,Taiwan,1,1,0,0,49,24,2,500,9189,7,9
2021-02-19,Taiwan,1,1,0,0,30,19,1,500,9189,7,9
2021-02-20,Taiwan,1,1,0,0,24,13,0,500,9189,7,9
2021-02-21,Taiwan,1,1,0,0,19,7,0,500,9189,7,9
2021-02-22,Taiwan,1,1,0,0,25,4,0,500,9189,7,9
2021-02-23,Taiwan,1,1,0,0,18,7,0,500,9189,7,9
2021-02-24,Taiwan,1,1,0,0,15,8,0,500,9189,7,9
2021-02-25,Taiwan,1,1,0,0,5,0,0,500,9189,7,9
2020-11-01,United Kingdom,1,0,0,5,0,0,0,859,15748,4,4
2020-11-01,United Kingdom,1,1,0,2,0,0,0,859,15748,4,4
2020-11-01,United Kingdom,1,0,1,2,0,0,0,859,15748,4,4
2020-11-01,United Kingdom,1,0,1,0,2,0,0,859,15748,4,4
2020-11-01,United Kingdom,1,0,0,0,3,1,0,859,15748,4,4
2020-11-02,United Kingdom,1,1,0,3,0,0,0,859,15748,4,4
2020-11-02,United Kingdom,1,1,1,1,0,0,0,859,15748,4,4
2020-11-02,United Kingdom,1,1,1,0,5,5,0,859,15748,4,4
2020-11-02,United Kingdom,1,1,0,0,2,2,0,859,15748,4,4
2020-11-03,United Kingdom,1,0,0,3,0,0,0,859,15748,4,4
2020-11-03,United Kingdom,1,1,0,9,0,0,0,859,15748,4,4
2020-11-03,United Kingdom,1,1,1,3,0,0,0,859,15748,4,4
2020-11-03,United Kingdom,1,1,1,0,4,4,1,859,15748,4,4
2020-11-03,United Kingdom,1,1,0,0,13,9,4,859,15748,4,4
2020-11-04,United Kingdom,1,0,0,3,0,0,0,859,15748,4,4
2020-11-04,United Kingdom,1,1,0,5,0,0,0,859,15748,4,4
2020-11-04,United Kingdom,7,1,0,1,0,0,0,859,15748,4,4
2020-11-04,United Kingdom,1,0,1,1,0,0,0,859,15748,4,4
2020-11-04,United Kingdom,1,1,1,1,0,0,0,859,15748,4,4
2020-11-04,United Kingdom,1,1,0,0,20,15,8,859,15748,4,4
2020-11-04,United Kingdom,1,1,1,0,4,4,1,859,15748,4,4
2020-11-04,United Kingdom,1,0,0,0,2,1,0,859,15748,4,4
2020-11-04,United Kingdom,1,0,1,0,1,0,0,859,15748,4,4
2020-11-05,United Kingdom,1,0,0,4,0,0,0,859,15748,4,4
2020-11-05,United Kingdom,1,1,0,9,0,0,0,859,15748,4,4
2020-11-05,United Kingdom,1,1,1,2,0,0,0,859,15748,4,4
2020-11-05,United Kingdom,1,1,0,0,25,10,4,859,15748,4,4
2020-11-05,United Kingdom,1,1,1,0,4,4,1,859,15748,4,4
2020-11-06,United Kingdom,1,0,0,4,0,0,0,859,15748,4,4
2020-11-06,United Kingdom,1,1,0,5,0,0,0,859,15748,4,4
2020-11-06,United Kingdom,1,1,1,1,0,0,0,859,15748,4,4
2020-11-06,United Kingdom,1,1,0,0,36,15,5,859,15748,4,4
2020-11-06,United Kingdom,1,1,1,0,5,5,1,859,15748,4,4
2020-11-06,United Kingdom,1,0,0,0,2,0,0,859,15748,4,4
2020-11-07,United Kingdom,1,1,0,3,0,0,0,859,15748,4,4
2020-11-07,United Kingdom,1,1,1,1,0,0,0,859,15748,4,4
2020-11-07,United Kingdom,1,1,0,0,44,25,9,859,15748,4,4
2020-11-07,United Kingdom,1,1,1,0,7,7,0,859,15748,4,4
2020-11-08,United Kingdom,1,0,0,1,0,0,0,859,15748,4,4
2020-11-08,United Kingdom,1,1,0,4,0,0,0,859,15748,4,4
2020-11-08,United Kingdom,1,1,0,0,45,16,4,859,15748,4,4
2020-11-08,United Kingdom,1,1,1,0,8,8,0,859,15748,4,4
2020-11-09,United Kingdom,1,0,0,6,0,0,0,859,15748,4,4
2020-11-09,United Kingdom,1,1,0,4,0,0,0,859,15748,4,4
2020-11-09,United Kingdom,1,0,1,1,0,0,0,859,15748,4,4
2020-11-09,United Kingdom,1,1,0,0,45,19,1,859,15748,4,4
2020-11-09,United Kingdom,1,1,1,0,4,4,1,859,15748,4,4
2020-11-09,United Kingdom,1,0,0,0,6,3,0,859,15748,4,4
2020-11-10,United Kingdom,1,0,0,3,0,0,0,859,15748,4,4
2020-11-10,United Kingdom,1,1,0,6,0,0,0,859,15748,4,4
2020-11-10,United Kingdom,1,1,1,3,0,0,0,859,15748,4,4
2020-11-10,United Kingdom,1,1,0,0,49,14,3,859,15748,4,4
2020-11-10,United Kingdom,1,1,1,0,10,10,0,859,15748,4,4
2020-11-10,United Kingdom,1,0,0,0,2,0,0,859,15748,4,4
2020-11-11,United Kingdom,1,0,0,3,0,0,0,859,15748,4,4
2020-11-11,United Kingdom,1,1,0,5,0,0,0,859,15748,4,4
2020-11-11,United Kingdom,1,1,0,0,52,23,3,859,15748,4,4
2020-11-11,United Kingdom,1,1,1,0,14,9,0,859,15748,4,4
2020-11-11,United Kingdom,1,0,0,0,2,0,0,859,15748,4,4
2020-11-12,United Kingdom,1,0,0,2,0,0,0,859,15748,4,4
2020-11-12,United Kingdom,1,1,0,1,0,0,0,859,15748,4,4
2020-11-12,United Kingdom,1,1,0,0,46,17,3,859,15748,4,4
2020-11-12,United Kingdom,1,1,1,0,10,9,0,859,15748,4,4
2020-11-12,United Kingdom,1,0,0,0,2,0,0,859,15748,4,4
2020-11-13,United Kingdom,1,0,0,2,0,0,0,859,15748,4,4
2020-11-13,United Kingdom,1,1,0,3,0,0,0,859,15748,4,4
2020-11-13,United Kingdom,1,1,1,1,0,0,0,859,15748,4,4
2020-11-13,United Kingdom,1,1,0,0,48,21,5,859,15748,4,4
2020-11-13,United Kingdom,1,1,1,0,10,9,0,859,15748,4,4
2020-11-13,United Kingdom,1,0,0,0,1,0,0,859,15748,4,4
2020-11-14,United Kingdom,1,0,0,3,0,0,0,859,15748,4,4
2020-11-14,United Kingdom,1,1,0,2,0,0,0,859,15748,4,4
2020-11-14,United Kingdom,1,1,1,2,0,0,0,859,15748,4,4
2020-11-14,United Kingdom,1,1,0,0,47,14,1,859,15748,4,4
2020-11-14,United Kingdom,1,1,1,0,20,17,0,859,15748,4,4
2020-11-14,United Kingdom,1,0,0,0,1,0,0,859,15748,4,4
2020-11-15,United Kingdom,1,0,0,1,0,0,0,859,15748,4,4
2020-11-15,United Kingdom,1,1,0,2,0,0,0,859,15748,4,4
2020-11-15,United Kingdom,1,1,1,1,0,0,0,859,15748,4,4
2020-11-15,United Kingdom,1,1,1,0,14,13,0,859,15748,4,4
2020-11-15,United Kingdom,1,1,0,0,52,13,1,859,15748,4,4
2020-11-15,United Kingdom,1,0,0,0,1,0,0,859,15748,4,4
2020-11-16,United Kingdom,1,0,0,3,0,0,0,859,15748,4,4
2020-11-16,United Kingdom,1,1,0,6,0,0,0,859,15748,4,4
2020-11-16,United Kingdom,1,1,0,0,58,14,2,859,15748,4,4
2020-11-16,United Kingdom,1,1,1,0,7,6,1,859,15748,4,4
2020-11-16,United Kingdom,1,0,0,0,1,0,0,859,15748,4,4
2020-11-17,United Kingdom,1,0,0,5,0,0,0,859,15748,4,4
2020-11-17,United Kingdom,1,1,0,4,0,0,0,859,15748,4,4
2020-11-17,United Kingdom,1,1,1,2,0,0,0,859,15748,4,4
2020-11-17,United Kingdom,1,1,0,0,71,31,7,859,15748,4,4
2020-11-17,United Kingdom,1,1,1,0,7,5,1,859,15748,4,4
2020-11-17,United Kingdom,1,0,0,0,4,0,0,859,15748,4,4
2020-11-18,United Kingdom,1,0,0,1,0,0,0,859,15748,4,4
2020-11-18,United Kingdom,1,1,0,7,0,0,0,859,15748,4,4
2020-11-18,United Kingdom,7,1,0,1,0,0,0,859,15748,4,4
2020-11-18,United Kingdom,1,1,1,1,0,0,0,859,15748,4,4
2020-11-18,United Kingdom,1,1,0,0,83,30,4,859,15748,4,4
2020-11-18,United Kingdom,1,1,1,0,5,4,0,859,15748,4,4
2020-11-18,United Kingdom,1,0,0,0,1,1,0,859,15748,4,4
2020-11-18,United Kingdom,7,1,0,0,3,3,0,859,15748,4,4
2020-11-19,United Kingdom,1,0,0,3,0,0,0,859,15748,4,4
2020-11-19,United Kingdom,1,1,0,8,0,0,0,859,15748,4,4
2020-11-19,United Kingdom,1,1,1,1,0,0,0,859,15748,4,4
2020-11-19,United Kingdom,1,1,0,0,82,23,6,859,15748,4,4
2020-11-19,United Kingdom,1,1,1,0,7,4,0,859,15748,4,4
2020-11-19,United Kingdom,1,0,0,0,3,0,0,859,15748,4,4
2020-11-20,United Kingdom,1,0,0,3,0,0,0,859,15748,4,4
2020-11-20,United Kingdom,1,1,0,6,0,0,0,859,15748,4,4
2020-11-20,United Kingdom,1,1,0,0,96,28,5,859,15748,4,4
2020-11-20,United Kingdom,1,1,1,0,5,2,0,859,15748,4,4
2020-11-20,United Kingdom,1,0,0,0,4,0,0,859,15748,4,4
2020-11-21,United Kingdom,1,0,0,1,0,0,0,859,15748,4,4
2020-11-21,United Kingdom,1,1,0,6,0,0,0,859,15748,4,4
2020-11-21,United Kingdom,1,1,1,2,0,0,0,859,15748,4,4
2020-11-21,United Kingdom,1,1,0,0,99,31,3,859,15748,4,4
2020-11-21,United Kingdom,1,1,1,0,5,4,1,859,15748,4,4
2020-11-21,United Kingdom,1,0,0,0,2,0,0,859,15748,4,4
2020-11-22,United Kingdom,1,0,0,2,0,0,0,859,15748,4,4
2020-11-22,United Kingdom,1,1,0,5,0,0,0,859,15748,4,4
2020-11-22,United Kingdom,1,1,1,1,0,0,0,859,15748,4,4
2020-11-22,United Kingdom,1,1,0,0,108,38,3,859,15748,4,4
2020-11-22,United Kingdom,1,1,1,0,5,2,1,859,15748,4,4
2020-11-22,United Kingdom,1,0,0,0,1,0,0,859,15748,4,4
2020-11-23,United Kingdom,1,0,0,1,0,0,0,859,15748,4,4
2020-11-23,United Kingdom,1,1,0,3,0,0,0,859,15748,4,4
2020-11-23,United Kingdom,1,1,1,2,0,0,0,859,15748,4,4
2020-11-23,United Kingdom,1,1,1,0,5,2,0,859,15748,4,4
2020-11-23,United Kingdom,1,1,0,0,113,30,3,859,15748,4,4
2020-11-23,United Kingdom,1,0,0,0,1,0,0,859,15748,4,4
2020-11-24,United Kingdom,1,0,0,3,0,0,0,859,15748,4,4
2020-11-24,United Kingdom,1,1,0,5,0,0,0,859,15748,4,4
2020-11-24,United Kingdom,1,0,1,1,0,0,0,859,15748,4,4
2020-11-24,United Kingdom,1,1,1,1,0,0,0,859,15748,4,4
2020-11-24,United Kingdom,1,1,0,0,103,31,4,859,15748,4,4
2020-11-24,United Kingdom,1,1,1,0,3,0,0,859,15748,4,4
2020-11-24,United Kingdom,1,0,0,0,1,0,0,859,15748,4,4
2020-11-25,United Kingdom,1,0,0,5,0,0,0,859,15748,4,4
2020-11-25,United Kingdom,1,1,0,7,0,0,0,859,15748,4,4
2020-11-25,United Kingdom,1,1,1,1,0,0,0,859,15748,4,4
2020-11-25,United Kingdom,1,1,0,0,109,38,4,859,15748,4,4
2020-11-25,United Kingdom,7,1,0,0,2,2,1,859,15748,4,4
2020-11-25,United Kingdom,1,1,1,0,3,0,0,859,15748,4,4
2020-11-25,United Kingdom,1,0,0,0,3,2,0,859,15748,4,4
2020-11-26,United Kingdom,1,0,0,7,0,0,0,859,15748,4,4
2020-11-26,United Kingdom,1,1,0,6,0,0,0,859,15748,4,4
2020-11-26,United Kingdom,1,1,0,0,116,31,6,859,15748,4,4
2020-11-26,United Kingdom,1,1,1,0,3,1,0,859,15748,4,4
2020-11-27,United Kingdom,1,0,0,2,0,0,0,859,15748,4,4
2020-11-27,United Kingdom,1,1,0,9,0,0,0,859,15748,4,4
2020-11-27,United Kingdom,1,1,1,2,0,0,0,859,15748,4,4
2020-11-27,United Kingdom,1,1,0,0,123,40,12,859,15748,4,4
2020-11-27,United Kingdom,1,1,1,0,5,2,0,859,15748,4,4
2020-11-27,United Kingdom,1,0,1,0,1,0,0,859,15748,4,4
2020-11-27,United Kingdom,1,0,0,0,2,2,0,859,15748,4,4
2020-11-28,United Kingdom,1,0,0,1,0,0,0,859,15748,4,4
2020-11-28,United Kingdom,1,1,0,7,0,0,0,859,15748,4,4
2020-11-28,United Kingdom,1,0,1,1,0,0,0,859,15748,4,4
2020-11-28,United Kingdom,1,1,1,1,0,0,0,859,15748,4,4
2020-11-28,United Kingdom,1,1,0,0,140,53,6,859,15748,4,4
2020-11-28,United Kingdom,1,1,1,0,6,3,0,859,15748,4,4
2020-11-28,United Kingdom,1,0,0,0,2,0,0,859,15748,4,4
2020-11-29,United Kingdom,1,1,0,7,0,0,0,859,15748,4,4
2020-11-29,United Kingdom,7,1,0,1,0,0,0,859,15748,4,4
2020-11-29,United Kingdom,1,1,1,1,0,0,0,859,15748,4,4
2020-11-29,United Kingdom,1,1,0,0,158,48,14,859,15748,4,4
2020-11-29,United Kingdom,1,1,1,0,3,1,0,859,15748,4,4
2020-11-29,United Kingdom,7,1,0,0,1,0,0,859,15748,4,4
2020-11-30,United Kingdom,1,0,0,3,0,0,0,859,15748,4,4
2020-11-30,United Kingdom,1,1,0,9,0,0,0,859,15748,4,4
2020-11-30,United Kingdom,1,1,1,2,0,0,0,859,15748,4,4
2020-11-30,United Kingdom,1,1,0,0,174,75,17,859,15748,4,4
2020-11-30,United Kingdom,1,1,1,0,3,0,0,859,15748,4,4
2020-11-30,United Kingdom,1,0,0,0,3,2,0,859,15748,4,4
2020-12-01,United Kingdom,1,0,0,2,0,0,0,859,15748,4,4
2020-12-01,United Kingdom,1,1,0,4,0,0,0,859,15748,4,4
2020-12-01,United Kingdom,1,1,0,0,176,75,15,859,15748,4,4
2020-12-01,United Kingdom,1,1,1,0,3,2,0,859,15748,4,4
2020-12-01,United Kingdom,1,0,0,0,1,0,0,859,15748,4,4
2020-12-02,United Kingdom,1,0,0,4,0,0,0,859,15748,4,4
2020-12-02,United Kingdom,1,1,0,3,0,0,0,859,15748,4,4
2020-12-02,United Kingdom,1,1,1,1,0,0,0,859,15748,4,4
2020-12-02,United Kingdom,1,1,0,0,164,72,14,859,15748,4,4
2020-12-02,United Kingdom,7,1,0,0,3,3,2,859,15748,4,4
2020-12-02,United Kingdom,1,1,1,0,4,3,0,859,15748,4,4
2020-12-03,United Kingdom,1,0,0,5,0,0,0,859,15748,4,4
2020-12-03,United Kingdom,1,1,0,5,0,0,0,859,15748,4,4
2020-12-03,United Kingdom,1,1,1,3,0,0,0,859,15748,4,4
2020-12-03,United Kingdom,1,1,0,0,158,65,11,859,15748,4,4
2020-12-03,United Kingdom,1,0,0,0,3,0,0,859,15748,4,4
2020-12-04,United Kingdom,1,0,0,3,0,0,0,859,15748,4,4
2020-12-04,United Kingdom,1,1,0,6,0,0,0,859,15748,4,4
2020-12-04,United Kingdom,1,1,0,0,148,69,17,859,15748,4,4
2020-12-04,United Kingdom,1,0,0,0,3,0,0,859,15748,4,4
2020-12-04,United Kingdom,7,1,0,0,1,1,0,859,15748,4,4
2020-12-05,United Kingdom,1,0,0,2,0,0,0,859,15748,4,4
2020-12-05,United Kingdom,1,1,0,7,0,0,0,859,15748,4,4
2020-12-05,United Kingdom,1,0,1,1,0,0,0,859,15748,4,4
2020-12-05,United Kingdom,1,1,0,0,158,72,16,859,15748,4,4
2020-12-05,United Kingdom,7,1,0,0,1,1,0,859,15748,4,4
2020-12-06,United Kingdom,1,0,0,2,0,0,0,859,15748,4,4
2020-12-06,United Kingdom,1,1,0,5,0,0,0,859,15748,4,4
2020-12-06,United Kingdom,1,1,1,1,0,0,0,859,15748,4,4
2020-12-06,United Kingdom,1,1,0,0,179,73,16,859,15748,4,4
2020-12-06,United Kingdom,1,0,0,0,1,0,0,859,15748,4,4
2020-12-06,United Kingdom,7,1,0,0,1,1,0,859,15748,4,4
2020-12-07,United Kingdom,1,0,0,7,0,0,0,859,15748,4,4
2020-12-07,United Kingdom,1,1,0,15,0,0,0,859,15748,4,4
2020-12-07,United Kingdom,1,0,1,2,0,0,0,859,15748,4,4
2020-12-07,United Kingdom,1,1,1,3,0,0,0,859,15748,4,4
2020-12-07,United Kingdom,1,1,0,0,196,67,17,859,15748,4,4
2020-12-07,United Kingdom,1,0,0,0,4,1,0,859,15748,4,4
2020-12-07,United Kingdom,1,1,1,0,2,2,1,859,15748,4,4
2020-12-08,United Kingdom,1,0,0,1,0,0,0,859,15748,4,4
2020-12-08,United Kingdom,1,1,0,13,0,0,0,859,15748,4,4
2020-12-08,United Kingdom,1,1,1,3,0,0,0,859,15748,4,4
2020-12-08,United Kingdom,1,1,0,0,203,64,9,859,15748,4,4
2020-12-08,United Kingdom,7,1,0,0,2,1,1,859,15748,4,4
2020-12-08,United Kingdom,1,1,1,0,1,1,0,859,15748,4,4
2020-12-09,United Kingdom,1,0,0,6,0,0,0,859,15748,4,4
2020-12-09,United Kingdom,1,1,0,5,0,0,0,859,15748,4,4
2020-12-09,United Kingdom,1,1,1,1,0,0,0,859,15748,4,4
2020-12-09,United Kingdom,1,1,0,0,181,57,13,859,15748,4,4
2020-12-09,United Kingdom,7,1,0,0,6,0,0,859,15748,4,4
2020-12-09,United Kingdom,1,0,0,0,5,0,0,859,15748,4,4
2020-12-10,United Kingdom,1,0,0,3,0,0,0,859,15748,4,4
2020-12-10,United Kingdom,1,1,0,9,0,0,0,859,15748,4,4
2020-12-10,United Kingdom,1,1,1,1,0,0,0,859,15748,4,4
2020-12-10,United Kingdom,1,1,0,0,181,55,9,859,15748,4,4
2020-12-10,United Kingdom,1,0,0,0,2,1,0,859,15748,4,4
2020-12-10,United Kingdom,7,1,0,0,5,0,0,859,15748,4,4
2020-12-11,United Kingdom,1,0,0,5,0,0,0,859,15748,4,4
2020-12-11,United Kingdom,1,1,0,6,0,0,0,859,15748,4,4
2020-12-11,United Kingdom,1,1,1,1,0,0,0,859,15748,4,4
2020-12-11,United Kingdom,1,1,0,0,189,54,9,859,15748,4,4
2020-12-11,United Kingdom,7,1,0,0,5,0,0,859,15748,4,4
2020-12-12,United Kingdom,1,0,0,3,0,0,0,859,15748,4,4
2020-12-12,United Kingdom,1,1,0,3,0,0,0,859,15748,4,4
2020-12-12,United Kingdom,1,1,1,1,0,0,0,859,15748,4,4
2020-12-12,United Kingdom,1,1,0,0,193,66,9,859,15748,4,4
2020-12-12,United Kingdom,7,1,0,0,5,1,1,859,15748,4,4
2020-12-12,United Kingdom,1,0,0,0,1,0,0,859,15748,4,4
2020-12-13,United Kingdom,1,0,0,1,0,0,0,859,15748,4,4
2020-12-13,United Kingdom,1,1,0,9,0,0,0,859,15748,4,4
2020-12-13,United Kingdom,1,1,0,0,187,68,8,859,15748,4,4
2020-12-13,United Kingdom,1,0,0,0,3,0,0,859,15748,4,4
2020-12-14,United Kingdom,1,0,0,5,0,0,0,859,15748,4,4
2020-12-14,United Kingdom,1,1,0,11,0,0,0,859,15748,4,4
2020-12-14,United Kingdom,1,1,1,1,0,0,0,859,15748,4,4
2020-12-14,United Kingdom,1,1,0,0,203,77,18,859,15748,4,4
2020-12-14,United Kingdom,1,0,0,0,1,1,0,859,15748,4,4
2020-12-15,United Kingdom,1,0,0,7,0,0,0,859,15748,4,4
2020-12-15,United Kingdom,1,1,0,3,0,0,0,859,15748,4,4
2020-12-15,United Kingdom,1,0,1,1,0,0,0,859,15748,4,4
2020-12-15,United Kingdom,1,1,1,1,0,0,0,859,15748,4,4
2020-12-15,United Kingdom,1,1,0,0,204,68,11,859,15748,4,4
2020-12-15,United Kingdom,1,0,0,0,4,0,0,859,15748,4,4
2020-12-16,United Kingdom,1,0,0,1,0,0,0,859,15748,4,4
2020-12-16,United Kingdom,1,1,0,8,0,0,0,859,15748,4,4
2020-12-16,United Kingdom,1,1,1,1,0,0,0,859,15748,4,4
2020-12-16,United Kingdom,1,1,0,0,190,56,13,859,15748,4,4
2020-12-16,United Kingdom,1,0,0,0,3,0,0,859,15748,4,4
2020-12-16,United Kingdom,1,1,1,0,5,0,0,859,15748,4,4
2020-12-17,United Kingdom,1,0,0,1,0,0,0,859,15748,4,4
2020-12-17,United Kingdom,1,1,0,8,0,0,0,859,15748,4,4
2020-12-17,United Kingdom,1,1,1,1,0,0,0,859,15748,4,4
2020-12-17,United Kingdom,1,1,0,0,188,59,9,859,15748,4,4
2020-12-17,United Kingdom,1,1,1,0,12,6,1,859,15748,4,4
2020-12-17,United Kingdom,1,0,0,0,1,1,0,859,15748,4,4
2020-12-18,United Kingdom,1,0,0,3,0,0,0,859,15748,4,4
2020-12-18,United Kingdom,1,1,0,6,0,0,0,859,15748,4,4
2020-12-18,United Kingdom,1,1,1,5,0,0,0,859,15748,4,4
2020-12-18,United Kingdom,1,1,1,0,23,9,1,859,15748,4,4
2020-12-18,United Kingdom,1,1,0,0,184,39,6,859,15748,4,4
2020-12-18,United Kingdom,1,0,0,0,5,1,0,859,15748,4,4
2020-12-19,United Kingdom,1,0,0,1,0,0,0,859,15748,4,4
2020-12-19,United Kingdom,1,1,0,8,0,0,0,859,15748,4,4
2020-12-19,United Kingdom,1,1,1,0,19,12,1,859,15748,4,4
2020-12-19,United Kingdom,1,1,0,0,197,60,6,859,15748,4,4
2020-12-19,United Kingdom,1,0,0,0,1,0,0,859,15748,4,4
2020-12-20,United Kingdom,1,0,0,1,0,0,0,859,15748,4,4
2020-12-20,United Kingdom,1,1,0,2,0,0,0,859,15748,4,4
2020-12-20,United Kingdom,1,1,1,2,0,0,0,859,15748,4,4
2020-12-20,United Kingdom,1,1,0,0,200,58,8,859,15748,4,4
2020-12-20,United Kingdom,1,1,1,0,19,12,0,859,15748,4,4
2020-12-21,United Kingdom,1,0,0,3,0,0,0,859,15748,4,4
2020-12-21,United Kingdom,1,1,0,6,0,0,0,859,15748,4,4
2020-12-21,United Kingdom,1,1,1,2,0,0,0,859,15748,4,4
2020-12-21,United Kingdom,1,1,0,0,175,63,5,859,15748,4,4
2020-12-21,United Kingdom,1,1,1,0,19,11,1,859,15748,4,4
2020-12-21,United Kingdom,1,0,0,0,4,3,0,859,15748,4,4
2020-12-22,United Kingdom,1,0,0,3,0,0,0,859,15748,4,4
2020-12-22,United Kingdom,1,1,0,6,0,0,0,859,15748,4,4
2020-12-22,United Kingdom,1,1,0,0,182,53,3,859,15748,4,4
2020-12-22,United Kingdom,1,1,1,0,20,7,0,859,15748,4,4
2020-12-22,United Kingdom,1,0,0,0,3,1,0,859,15748,4,4
2020-12-23,United Kingdom,1,0,0,3,0,0,0,859,15748,4,4
2020-12-23,United Kingdom,1,1,1,1,0,0,0,859,15748,4,4
2020-12-23,United Kingdom,1,1,0,0,191,62,15,859,15748,4,4
2020-12-23,United Kingdom,1,1,1,0,12,6,0,859,15748,4,4
2020-12-24,United Kingdom,1,0,0,3,0,0,0,859,15748,4,4
2020-12-24,United Kingdom,1,1,0,1,0,0,0,859,15748,4,4
2020-12-24,United Kingdom,1,1,0,0,184,47,4,859,15748,4,4
2020-12-24,United Kingdom,1,1,1,0,18,9,0,859,15748,4,4
2020-12-24,United Kingdom,1,0,0,0,2,0,0,859,15748,4,4
2020-12-25,United Kingdom,1,0,0,1,0,0,0,859,15748,4,4
2020-12-25,United Kingdom,1,1,0,7,0,0,0,859,15748,4,4
2020-12-25,United Kingdom,1,1,1,2,0,0,0,859,15748,4,4
2020-12-25,United Kingdom,1,1,0,0,180,32,3,859,15748,4,4
2020-12-25,United Kingdom,1,1,1,0,16,12,2,859,15748,4,4
2020-12-26,United Kingdom,1,0,0,2,0,0,0,859,15748,4,4
2020-12-26,United Kingdom,1,1,0,6,0,0,0,859,15748,4,4
2020-12-26,United Kingdom,1,1,1,2,0,0,0,859,15748,4,4
2020-12-26,United Kingdom,1,1,0,0,177,35,6,859,15748,4,4
2020-12-26,United Kingdom,1,1,1,0,13,13,1,859,15748,4,4
2020-12-26,United Kingdom,1,0,0,0,2,0,0,859,15748,4,4
2020-12-27,United Kingdom,1,0,0,1,0,0,0,859,15748,4,4
2020-12-27,United Kingdom,1,1,0,5,0,0,0,859,15748,4,4
2020-12-27,United Kingdom,1,1,0,0,172,40,8,859,15748,4,4
2020-12-27,United Kingdom,1,1,1,0,10,7,0,859,15748,4,4
2020-12-27,United Kingdom,1,0,0,0,1,0,0,859,15748,4,4
2020-12-28,United Kingdom,1,0,0,2,0,0,0,859,15748,4,4
2020-12-28,United Kingdom,1,1,0,2,0,0,0,859,15748,4,4
2020-12-28,United Kingdom,3,1,1,1,0,0,0,859,15748,4,4
2020-12-28,United Kingdom,1,1,1,2,0,0,0,859,15748,4,4
2020-12-28,United Kingdom,1,1,0,0,163,39,7,859,15748,4,4
2020-12-28,United Kingdom,1,1,1,0,11,7,1,859,15748,4,4
2020-12-28,United Kingdom,1,0,0,0,3,0,0,859,15748,4,4
2020-12-29,United Kingdom,1,0,0,3,0,0,0,859,15748,4,4
2020-12-29,United Kingdom,1,1,0,2,0,0,0,859,15748,4,4
2020-12-29,United Kingdom,1,0,1,1,0,0,0,859,15748,4,4
2020-12-29,United Kingdom,1,1,1,1,0,0,0,859,15748,4,4
2020-12-29,United Kingdom,1,1,0,0,166,52,6,859,15748,4,4
2020-12-29,United Kingdom,1,1,1,0,19,11,3,859,15748,4,4
2020-12-29,United Kingdom,1,0,1,0,6,4,0,859,15748,4,4
2020-12-29,United Kingdom,1,0,0,0,3,2,0,859,15748,4,4
2020-12-30,United Kingdom,1,0,0,2,0,0,0,859,15748,4,4
2020-12-30,United Kingdom,1,1,0,5,0,0,0,859,15748,4,4
2020-12-30,United Kingdom,1,1,1,1,0,0,0,859,15748,4,4
2020-12-30,United Kingdom,1,0,1,0,7,0,0,859,15748,4,4
2020-12-30,United Kingdom,1,1,0,0,171,61,8,859,15748,4,4
2020-12-30,United Kingdom,1,1,1,0,14,6,0,859,15748,4,4
2020-12-30,United Kingdom,1,0,0,0,3,2,0,859,15748,4,4
2020-12-31,United Kingdom,1,0,0,1,0,0,0,859,15748,4,4
2020-12-31,United Kingdom,7,1,0,2,0,0,0,859,15748,4,4
2020-12-31,United Kingdom,1,1,0,1,0,0,0,859,15748,4,4
2020-12-31,United Kingdom,1,1,1,1,0,0,0,859,15748,4,4
2020-12-31,United Kingdom,1,1,0,0,157,53,8,859,15748,4,4
2020-12-31,United Kingdom,1,0,1,0,7,0,0,859,15748,4,4
2020-12-31,United Kingdom,1,1,1,0,13,8,0,859,15748,4,4
2020-12-31,United Kingdom,1,0,0,0,1,0,0,859,15748,4,4
2020-12-31,United Kingdom,7,1,0,0,1,1,1,859,15748,4,4
2021-01-01,United Kingdom,1,0,0,2,0,0,0,859,15748,4,4
2021-01-01,United Kingdom,1,1,0,2,0,0,0,859,15748,4,4
2021-01-01,United Kingdom,1,1,0,0,143,35,7,859,15748,4,4
2021-01-01,United Kingdom,1,0,1,0,7,1,0,859,15748,4,4
2021-01-01,United Kingdom,1,1,1,0,9,3,1,859,15748,4,4
2021-01-01,United Kingdom,7,1,0,0,2,2,2,859,15748,4,4
2021-01-01,United Kingdom,1,0,0,0,1,0,0,859,15748,4,4
2021-01-02,United Kingdom,1,0,0,2,0,0,0,859,15748,4,4
2021-01-02,United Kingdom,1,1,0,3,0,0,0,859,15748,4,4
2021-01-02,United Kingdom,1,0,1,1,0,0,0,859,15748,4,4
2021-01-02,United Kingdom,1,1,0,0,136,41,5,859,15748,4,4
2021-01-02,United Kingdom,1,0,1,0,9,2,0,859,15748,4,4
2021-01-02,United Kingdom,1,1,1,0,12,5,0,859,15748,4,4
2021-01-02,United Kingdom,1,0,0,0,3,2,0,859,15748,4,4
2021-01-02,United Kingdom,7,1,0,0,2,2,0,859,15748,4,4
2021-01-03,United Kingdom,1,0,0,3,0,0,0,859,15748,4,4
2021-01-03,United Kingdom,1,1,0,2,0,0,0,859,15748,4,4
2021-01-03,United Kingdom,1,1,0,0,127,37,6,859,15748,4,4
2021-01-03,United Kingdom,1,0,1,0,7,0,0,859,15748,4,4
2021-01-03,United Kingdom,1,1,1,0,9,1,0,859,15748,4,4
2021-01-03,United Kingdom,7,1,0,0,2,2,0,859,15748,4,4
2021-01-04,United Kingdom,1,1,0,5,0,0,0,859,15748,4,4
2021-01-04,United Kingdom,1,0,1,1,0,0,0,859,15748,4,4
2021-01-04,United Kingdom,1,1,1,1,0,0,0,859,15748,4,4
2021-01-04,United Kingdom,1,1,0,0,125,41,6,859,15748,4,4
2021-01-04,United Kingdom,1,0,1,0,8,0,0,859,15748,4,4
2021-01-04,United Kingdom,1,1,1,0,8,2,0,859,15748,4,4
2021-01-04,United Kingdom,7,1,0,0,2,0,0,859,15748,4,4
2021-01-05,United Kingdom,1,0,0,6,0,0,0,859,15748,4,4
2021-01-05,United Kingdom,1,1,0,7,0,0,0,859,15748,4,4
2021-01-05,United Kingdom,1,1,1,1,0,0,0,859,15748,4,4
2021-01-05,United Kingdom,1,1,0,0,126,36,3,859,15748,4,4
2021-01-05,United Kingdom,1,0,1,0,7,0,0,859,15748,4,4
2021-01-05,United Kingdom,1,1,1,0,6,1,0,859,15748,4,4
2021-01-05,United Kingdom,7,1,0,0,2,2,0,859,15748,4,4
2021-01-05,United Kingdom,1,0,0,0,1,0,0,859,15748,4,4
2021-01-06,United Kingdom,1,0,0,4,0,0,0,859,15748,4,4
2021-01-06,United Kingdom,1,1,0,10,0,0,0,859,15748,4,4
2021-01-06,United Kingdom,3,1,0,1,0,0,0,859,15748,4,4
2021-01-06,United Kingdom,1,1,1,3,0,0,0,859,15748,4,4
2021-01-06,United Kingdom,1,1,0,0,137,34,4,859,15748,4,4
2021-01-06,United Kingdom,1,0,1,0,7,0,0,859,15748,4,4
2021-01-06,United Kingdom,1,1,1,0,7,2,0,859,15748,4,4
2021-01-06,United Kingdom,1,0,0,0,2,1,0,859,15748,4,4
2021-01-06,United Kingdom,7,1,0,0,2,2,0,859,15748,4,4
2021-01-07,United Kingdom,1,0,0,2,0,0,0,859,15748,4,4
2021-01-07,United Kingdom,1,1,0,13,0,0,0,859,15748,4,4
2021-01-07,United Kingdom,1,1,1,1,0,0,0,859,15748,4,4
2021-01-07,United Kingdom,1,1,0,0,149,50,9,859,15748,4,4
2021-01-07,United Kingdom,1,1,1,0,7,1,0,859,15748,4,4
2021-01-07,United Kingdom,7,1,0,0,4,3,1,859,15748,4,4
2021-01-07,United Kingdom,1,0,1,0,8,0,0,859,15748,4,4
2021-01-08,United Kingdom,1,0,0,5,0,0,0,859,15748,4,4
2021-01-08,United Kingdom,1,1,0,8,0,0,0,859,15748,4,4
2021-01-08,United Kingdom,1,1,1,1,0,0,0,859,15748,4,4
2021-01-08,United Kingdom,1,1,0,0,148,36,3,859,15748,4,4
2021-01-08,United Kingdom,1,1,1,0,7,0,0,859,15748,4,4
2021-01-08,United Kingdom,1,0,1,0,7,0,0,859,15748,4,4
2021-01-08,United Kingdom,1,0,0,0,7,2,0,859,15748,4,4
2021-01-08,United Kingdom,7,1,0,0,6,5,0,859,15748,4,4
2021-01-09,United Kingdom,1,0,0,2,0,0,0,859,15748,4,4
2021-01-09,United Kingdom,1,1,0,5,0,0,0,859,15748,4,4
2021-01-09,United Kingdom,1,1,0,0,150,38,8,859,15748,4,4
2021-01-09,United Kingdom,1,1,1,0,7,0,0,859,15748,4,4
2021-01-09,United Kingdom,1,0,1,0,7,0,0,859,15748,4,4
2021-01-09,United Kingdom,1,0,0,0,1,1,0,859,15748,4,4
2021-01-09,United Kingdom,7,1,0,0,6,2,0,859,15748,4,4
2021-01-10,United Kingdom,1,0,0,2,0,0,0,859,15748,4,4
2021-01-10,United Kingdom,1,1,0,4,0,0,0,859,15748,4,4
2021-01-10,United Kingdom,1,1,1,2,0,0,0,859,15748,4,4
2021-01-10,United Kingdom,1,1,0,0,140,40,7,859,15748,4,4
2021-01-10,United Kingdom,1,1,1,0,7,1,1,859,15748,4,4
2021-01-10,United Kingdom,1,0,1,0,7,0,0,859,15748,4,4
2021-01-10,United Kingdom,7,1,0,0,6,1,0,859,15748,4,4
2021-01-11,United Kingdom,1,0,0,2,0,0,0,859,15748,4,4
2021-01-11,United Kingdom,1,1,0,10,0,0,0,859,15748,4,4
2021-01-11,United Kingdom,1,1,1,1,0,0,0,859,15748,4,4
2021-01-11,United Kingdom,1,1,0,0,162,51,6,859,15748,4,4
2021-01-11,United Kingdom,1,0,1,0,7,0,0,859,15748,4,4
2021-01-11,United Kingdom,1,0,0,0,4,1,0,859,15748,4,4
2021-01-11,United Kingdom,1,1,1,0,1,0,0,859,15748,4,4
2021-01-11,United Kingdom,7,1,0,0,4,0,0,859,15748,4,4
2021-01-12,United Kingdom,1,0,0,5,0,0,0,859,15748,4,4
2021-01-12,United Kingdom,1,1,0,3,0,0,0,859,15748,4,4
2021-01-12,United Kingdom,1,1,1,1,0,0,0,859,15748,4,4
2021-01-12,United Kingdom,1,1,0,0,170,56,7,859,15748,4,4
2021-01-12,United Kingdom,1,0,1,0,7,0,0,859,15748,4,4
2021-01-12,United Kingdom,7,1,0,0,6,2,0,859,15748,4,4
2021-01-12,United Kingdom,1,1,1,0,2,2,1,859,15748,4,4
2021-01-13,United Kingdom,1,0,0,4,0,0,0,859,15748,4,4
2021-01-13,United Kingdom,1,1,0,5,0,0,0,859,15748,4,4
2021-01-13,United Kingdom,1,1,1,2,0,0,0,859,15748,4,4
2021-01-13,United Kingdom,1,1,0,0,162,50,9,859,15748,4,4
2021-01-13,United Kingdom,1,1,1,0,7,3,2,859,15748,4,4
2021-01-13,United Kingdom,1,0,1,0,7,0,0,859,15748,4,4
2021-01-13,United Kingdom,7,1,0,0,7,0,0,859,15748,4,4
2021-01-13,United Kingdom,1,0,0,0,2,1,0,859,15748,4,4
2021-01-14,United Kingdom,1,0,0,5,0,0,0,859,15748,4,4
2021-01-14,United Kingdom,1,1,0,6,0,0,0,859,15748,4,4
2021-01-14,United Kingdom,1,1,1,5,0,0,0,859,15748,4,4
2021-01-14,United Kingdom,1,1,0,0,171,56,5,859,15748,4,4
2021-01-14,United Kingdom,7,1,0,0,11,1,0,859,15748,4,4
2021-01-14,United Kingdom,1,0,1,0,7,0,0,859,15748,4,4
2021-01-14,United Kingdom,1,0,0,0,3,0,0,859,15748,4,4
2021-01-15,United Kingdom,1,0,0,3,0,0,0,859,15748,4,4
2021-01-15,United Kingdom,1,1,0,5,0,0,0,859,15748,4,4
2021-01-15,United Kingdom,1,1,1,4,0,0,0,859,15748,4,4
2021-01-15,United Kingdom,1,1,0,0,168,44,7,859,15748,4,4
2021-01-15,United Kingdom,1,0,1,0,7,0,0,859,15748,4,4
2021-01-15,United Kingdom,1,0,0,0,3,3,0,859,15748,4,4
2021-01-15,United Kingdom,1,1,1,0,8,7,0,859,15748,4,4
2021-01-15,United Kingdom,7,1,0,0,7,5,0,859,15748,4,4
2021-01-16,United Kingdom,1,1,0,5,0,0,0,859,15748,4,4
2021-01-16,United Kingdom,1,1,1,0,11,7,0,859,15748,4,4
2021-01-16,United Kingdom,1,1,0,0,139,24,7,859,15748,4,4
2021-01-16,United Kingdom,1,0,1,0,7,1,0,859,15748,4,4
2021-01-16,United Kingdom,1,0,0,0,2,2,0,859,15748,4,4
2021-01-16,United Kingdom,7,1,0,0,4,4,0,859,15748,4,4
2021-01-17,United Kingdom,1,0,0,2,0,0,0,859,15748,4,4
2021-01-17,United Kingdom,1,1,0,5,0,0,0,859,15748,4,4
2021-01-17,United Kingdom,1,1,1,1,0,0,0,859,15748,4,4
2021-01-17,United Kingdom,1,1,0,0,141,30,2,859,15748,4,4
2021-01-17,United Kingdom,1,1,1,0,7,7,1,859,15748,4,4
2021-01-17,United Kingdom,1,0,1,0,7,0,0,859,15748,4,4
2021-01-17,United Kingdom,1,0,0,0,5,0,0,859,15748,4,4
2021-01-17,United Kingdom,7,1,0,0,5,2,0,859,15748,4,4
2021-01-18,United Kingdom,1,0,0,4,0,0,0,859,15748,4,4
2021-01-18,United Kingdom,1,1,0,4,0,0,0,859,15748,4,4
2021-01-18,United Kingdom,1,1,1,1,0,0,0,859,15748,4,4
2021-01-18,United Kingdom,1,1,0,0,138,33,2,859,15748,4,4
2021-01-18,United Kingdom,1,1,1,0,14,14,0,859,15748,4,4
2021-01-18,United Kingdom,7,1,0,0,5,0,0,859,15748,4,4
2021-01-18,United Kingdom,1,0,0,0,6,0,0,859,15748,4,4
2021-01-19,United Kingdom,1,0,0,3,0,0,0,859,15748,4,4
2021-01-19,United Kingdom,1,1,0,5,0,0,0,859,15748,4,4
2021-01-19,United Kingdom,7,0,1,1,0,0,0,859,15748,4,4
2021-01-19,United Kingdom,1,1,1,1,0,0,0,859,15748,4,4
2021-01-19,United Kingdom,1,1,0,0,130,36,2,859,15748,4,4
2021-01-19,United Kingdom,1,1,1,0,18,11,0,859,15748,4,4
2021-01-19,United Kingdom,7,1,0,0,5,4,0,859,15748,4,4
2021-01-19,United Kingdom,1,0,0,0,2,0,0,859,15748,4,4
2021-01-19,United Kingdom,7,0,1,0,2,0,0,859,15748,4,4
2021-01-20,United Kingdom,1,0,0,4,0,0,0,859,15748,4,4
2021-01-20,United Kingdom,1,1,0,5,0,0,0,859,15748,4,4
2021-01-20,United Kingdom,1,1,0,0,131,29,2,859,15748,4,4
2021-01-20,United Kingdom,1,1,1,0,18,17,0,859,15748,4,4
2021-01-20,United Kingdom,1,0,0,0,6,0,0,859,15748,4,4
2021-01-20,United Kingdom,7,1,0,0,5,2,0,859,15748,4,4
2021-01-21,United Kingdom,1,0,0,1,0,0,0,859,15748,4,4
2021-01-21,United Kingdom,1,1,0,7,0,0,0,859,15748,4,4
2021-01-21,United Kingdom,1,1,1,2,0,0,0,859,15748,4,4
2021-01-21,United Kingdom,1,1,0,0,151,38,6,859,15748,4,4
2021-01-21,United Kingdom,1,1,1,0,8,7,3,859,15748,4,4
2021-01-21,United Kingdom,7,1,0,0,7,0,0,859,15748,4,4
2021-01-21,United Kingdom,1,0,0,0,4,0,0,859,15748,4,4
2021-01-22,United Kingdom,1,0,0,6,0,0,0,859,15748,4,4
2021-01-22,United Kingdom,1,1,0,3,0,0,0,859,15748,4,4
2021-01-22,United Kingdom,1,1,0,0,163,32,5,859,15748,4,4
2021-01-22,United Kingdom,1,1,1,0,3,3,0,859,15748,4,4
2021-01-22,United Kingdom,1,0,0,0,1,1,0,859,15748,4,4
2021-01-22,United Kingdom,7,0,1,0,1,0,0,859,15748,4,4
2021-01-22,United Kingdom,7,1,0,0,5,0,0,859,15748,4,4
2021-01-23,United Kingdom,1,0,0,1,0,0,0,859,15748,4,4
2021-01-23,United Kingdom,1,1,0,7,0,0,0,859,15748,4,4
2021-01-23,United Kingdom,1,1,1,1,0,0,0,859,15748,4,4
2021-01-23,United Kingdom,1,1,0,0,167,29,4,859,15748,4,4
2021-01-23,United Kingdom,1,1,1,0,3,3,0,859,15748,4,4
2021-01-23,United Kingdom,1,0,0,0,3,0,0,859,15748,4,4
2021-01-23,United Kingdom,7,1,0,0,5,0,0,859,15748,4,4
2021-01-24,United Kingdom,1,0,0,2,0,0,0,859,15748,4,4
2021-01-24,United Kingdom,1,1,0,2,0,0,0,859,15748,4,4
2021-01-24,United Kingdom,1,1,1,3,0,0,0,859,15748,4,4
2021-01-24,United Kingdom,1,1,0,0,165,37,5,859,15748,4,4
2021-01-24,United Kingdom,1,1,1,0,7,3,1,859,15748,4,4
2021-01-24,United Kingdom,1,0,0,0,2,0,0,859,15748,4,4
2021-01-24,United Kingdom,7,1,0,0,4,0,0,859,15748,4,4
2021-01-25,United Kingdom,1,0,0,2,0,0,0,859,15748,4,4
2021-01-25,United Kingdom,1,1,0,8,0,0,0,859,15748,4,4
2021-01-25,United Kingdom,1,1,1,2,0,0,0,859,15748,4,4
2021-01-25,United Kingdom,1,1,1,0,12,6,0,859,15748,4,4
2021-01-25,United Kingdom,1,1,0,0,184,56,8,859,15748,4,4
2021-01-25,United Kingdom,7,1,0,0,4,2,0,859,15748,4,4
2021-01-25,United Kingdom,1,0,0,0,1,0,0,859,15748,4,4
2021-01-26,United Kingdom,1,0,0,5,0,0,0,859,15748,4,4
2021-01-26,United Kingdom,1,1,0,7,0,0,0,859,15748,4,4
2021-01-26,United Kingdom,1,1,1,3,0,0,0,859,15748,4,4
2021-01-26,United Kingdom,1,1,0,0,178,63,9,859,15748,4,4
2021-01-26,United Kingdom,1,1,1,0,12,8,0,859,15748,4,4
2021-01-26,United Kingdom,7,1,0,0,4,0,0,859,15748,4,4
2021-01-26,United Kingdom,1,0,0,0,3,2,0,859,15748,4,4
2021-01-27,United Kingdom,1,1,0,4,0,0,0,859,15748,4,4
2021-01-27,United Kingdom,1,1,1,2,0,0,0,859,15748,4,4
2021-01-27,United Kingdom,1,1,0,0,178,69,7,859,15748,4,4
2021-01-27,United Kingdom,1,1,1,0,14,10,2,859,15748,4,4
2021-01-27,United Kingdom,1,0,0,0,1,0,0,859,15748,4,4
2021-01-27,United Kingdom,7,1,0,0,4,0,0,859,15748,4,4
2021-01-28,United Kingdom,1,1,1,0,13,10,0,859,15748,4,4
2021-01-28,United Kingdom,1,1,0,0,169,69,11,859,15748,4,4
2021-01-28,United Kingdom,7,1,0,0,6,5,0,859,15748,4,4
2021-01-28,United Kingdom,1,0,0,0,1,0,0,859,15748,4,4
2021-01-29,United Kingdom,1,1,1,0,13,8,2,859,15748,4,4
2021-01-29,United Kingdom,1,1,0,0,172,58,6,859,15748,4,4
2021-01-29,United Kingdom,1,0,0,0,1,1,0,859,15748,4,4
2021-01-29,United Kingdom,7,1,0,0,4,4,0,859,15748,4,4
2021-01-30,United Kingdom,1,1,1,0,14,7,0,859,15748,4,4
2021-01-30,United Kingdom,1,1,0,0,176,53,6,859,15748,4,4
2021-01-31,United Kingdom,1,1,0,0,174,53,6,859,15748,4,4
2021-01-31,United Kingdom,1,1,1,0,6,6,1,859,15748,4,4
2021-02-01,United Kingdom,1,1,0,0,172,62,1,859,15748,4,4
2021-02-01,United Kingdom,1,1,1,0,6,6,1,859,15748,4,4
2021-02-02,United Kingdom,1,1,0,0,164,48,4,859,15748,4,4
2021-02-02,United Kingdom,1,1,1,0,7,7,0,859,15748,4,4
2021-02-03,United Kingdom,1,1,0,0,162,55,3,859,15748,4,4
2021-02-03,United Kingdom,1,1,1,0,11,10,3,859,15748,4,4
2021-02-04,United Kingdom,1,1,0,0,150,60,6,859,15748,4,4
2021-02-04,United Kingdom,1,1,1,0,11,11,0,859,15748,4,4
2021-02-05,United Kingdom,1,1,0,0,141,52,3,859,15748,4,4
2021-02-05,United Kingdom,1,1,1,0,11,7,2,859,15748,4,4
2021-02-06,United Kingdom,1,1,0,0,126,62,2,859,15748,4,4
2021-02-06,United Kingdom,1,1,1,0,11,11,0,859,15748,4,4
2021-02-07,United Kingdom,1,1,0,0,121,46,6,859,15748,4,4
2021-02-07,United Kingdom,1,1,1,0,11,7,0,859,15748,4,4
2021-02-08,United Kingdom,1,1,0,0,117,50,1,859,15748,4,4
2021-02-08,United Kingdom,1,1,1,0,5,0,0,859,15748,4,4
2021-02-09,United Kingdom,1,1,0,0,117,37,2,859,15748,4,4
2021-02-09,United Kingdom,1,1,1,0,5,2,0,859,15748,4,4
2021-02-10,United Kingdom,1,1,0,0,84,31,2,859,15748,4,4
2021-02-10,United Kingdom,1,1,1,0,5,1,0,859,15748,4,4
2021-02-11,United Kingdom,1,1,0,0,85,29,4,859,15748,4,4
2021-02-11,United Kingdom,1,1,1,0,1,1,0,859,15748,4,4
2021-02-12,United Kingdom,1,1,1,0,3,3,1,859,15748,4,4
2021-02-12,United Kingdom,1,1,0,0,80,25,1,859,15748,4,4
2021-02-13,United Kingdom,1,1,1,0,5,5,1,859,15748,4,4
2021-02-13,United Kingdom,1,1,0,0,58,18,2,859,15748,4,4
2021-02-14,United Kingdom,1,1,1,0,9,9,0,859,15748,4,4
2021-02-14,United Kingdom,1,1,0,0,53,22,2,859,15748,4,4
2021-02-15,United Kingdom,1,1,1,0,11,11,1,859,15748,4,4
2021-02-15,United Kingdom,1,1,0,0,42,14,0,859,15748,4,4
2021-02-16,United Kingdom,1,1,1,0,9,9,2,859,15748,4,4
2021-02-16,United Kingdom,1,1,0,0,35,10,1,859,15748,4,4
2021-02-17,United Kingdom,1,1,1,0,9,7,0,859,15748,4,4
2021-02-17,United Kingdom,1,1,0,0,30,13,0,859,15748,4,4
2021-02-18,United Kingdom,1,1,1,0,10,8,0,859,15748,4,4
2021-02-18,United Kingdom,1,1,0,0,27,15,0,859,15748,4,4
2021-02-19,United Kingdom,1,1,1,0,11,8,0,859,15748,4,4
2021-02-19,United Kingdom,1,1,0,0,20,12,0,859,15748,4,4
2021-02-20,United Kingdom,1,1,0,0,19,12,0,859,15748,4,4
2021-02-20,United Kingdom,1,1,1,0,2,1,0,859,15748,4,4
2021-02-21,United Kingdom,1,1,0,0,19,8,0,859,15748,4,4
2021-02-22,United Kingdom,1,1,0,0,13,5,0,859,15748,4,4
2021-02-23,United Kingdom,1,1,0,0,12,7,2,859,15748,4,4
2021-02-24,United Kingdom,1,1,0,0,13,4,1,859,15748,4,4
2020-11-01,United States,1,0,0,29,0,0,0,12384,233503,1,1
2020-11-01,United States,1,1,0,65,0,0,0,12384,233503,1,1
2020-11-01,United States,1,0,1,4,0,0,0,12384,233503,1,1
2020-11-01,United States,1,1,1,13,0,0,0,12384,233503,1,1
2020-11-01,United States,1,1,1,0,5,5,1,12384,233503,1,1
2020-11-01,United States,1,1,0,0,36,14,1,12384,233503,1,1
2020-11-01,United States,1,0,0,0,20,3,0,12384,233503,1,1
2020-11-02,United States,1,0,0,27,0,0,0,12384,233503,1,1
2020-11-02,United States,1,1,0,78,0,0,0,12384,233503,1,1
2020-11-02,United States,7,1,0,2,0,0,0,12384,233503,1,1
2020-11-02,United States,1,0,1,3,0,0,0,12384,233503,1,1
2020-11-02,United States,1,1,1,20,0,0,0,12384,233503,1,1
2020-11-02,United States,1,1,0,0,135,62,12,12384,233503,1,1
2020-11-02,United States,1,1,1,0,37,28,9,12384,233503,1,1
2020-11-02,United States,1,0,0,0,12,4,0,12384,233503,1,1
2020-11-02,United States,1,0,1,0,3,0,0,12384,233503,1,1
2020-11-03,United States,1,0,0,58,0,0,0,12384,233503,1,1
2020-11-03,United States,1,1,0,115,0,0,0,12384,233503,1,1
2020-11-03,United States,7,1,0,2,0,0,0,12384,233503,1,1
2020-11-03,United States,1,0,1,4,0,0,0,12384,233503,1,1
2020-11-03,United States,1,1,1,22,0,0,0,12384,233503,1,1
2020-11-03,United States,7,1,1,2,0,0,0,12384,233503,1,1
2020-11-03,United States,1,1,1,0,42,29,4,12384,233503,1,1
2020-11-03,United States,1,1,0,0,228,96,15,12384,233503,1,1
2020-11-03,United States,1,0,0,0,25,10,0,12384,233503,1,1
2020-11-03,United States,1,0,1,0,1,0,0,12384,233503,1,1
2020-11-03,United States,7,1,1,0,2,2,0,12384,233503,1,1
2020-11-04,United States,1,0,0,46,0,0,0,12384,233503,1,1
2020-11-04,United States,1,1,0,80,0,0,0,12384,233503,1,1
2020-11-04,United States,7,1,0,2,0,0,0,12384,233503,1,1
2020-11-04,United States,1,0,1,3,0,0,0,12384,233503,1,1
2020-11-04,United States,1,1,1,20,0,0,0,12384,233503,1,1
2020-11-04,United States,7,1,1,0,10,10,6,12384,233503,1,1
2020-11-04,United States,1,1,0,0,339,140,16,12384,233503,1,1
2020-11-04,United States,1,1,1,0,35,26,8,12384,233503,1,1
2020-11-04,United States,1,0,0,0,28,4,0,12384,233503,1,1
2020-11-04,United States,1,0,1,0,3,0,0,12384,233503,1,1
2020-11-04,United States,7,1,0,0,3,3,2,12384,233503,1,1
2020-11-05,United States,1,0,0,37,0,0,0,12384,233503,1,1
2020-11-05,United States,1,1,0,65,0,0,0,12384,233503,1,1
2020-11-05,United States,3,1,0,1,0,0,0,12384,233503,1,1
2020-11-05,United States,1,0,1,2,0,0,0,12384,233503,1,1
2020-11-05,United States,1,1,1,21,0,0,0,12384,233503,1,1
2020-11-05,United States,7,1,1,1,0,0,0,12384,233503,1,1
2020-11-05,United States,1,1,1,0,41,33,8,12384,233503,1,1
2020-11-05,United States,1,1,0,0,418,167,26,12384,233503,1,1
2020-11-05,United States,7,1,0,0,8,8,2,12384,233503,1,1
2020-11-05,United States,7,1,1,0,8,8,3,12384,233503,1,1
2020-11-05,United States,1,0,0,0,30,11,0,12384,233503,1,1
2020-11-05,United States,1,0,1,0,2,0,0,12384,233503,1,1
2020-11-05,United States,3,1,0,0,6,6,4,12384,233503,1,1
2020-11-06,United States,1,0,0,32,0,0,0,12384,233503,1,1
2020-11-06,United States,1,1,0,65,0,0,0,12384,233503,1,1
2020-11-06,United States,7,1,0,3,0,0,0,12384,233503,1,1
2020-11-06,United States,7,1,1,1,0,0,0,12384,233503,1,1
2020-11-06,United States,1,1,1,28,0,0,0,12384,233503,1,1
2020-11-06,United States,1,1,0,0,491,201,33,12384,233503,1,1
2020-11-06,United States,1,1,1,0,49,39,5,12384,233503,1,1
2020-11-06,United States,7,1,0,0,13,9,1,12384,233503,1,1
2020-11-06,United States,1,0,0,0,31,11,0,12384,233503,1,1
2020-11-06,United States,1,0,1,0,1,0,0,12384,233503,1,1
2020-11-06,United States,3,1,0,0,4,4,2,12384,233503,1,1
2020-11-06,United States,7,1,1,0,3,3,0,12384,233503,1,1
2020-11-07,United States,1,0,0,23,0,0,0,12384,233503,1,1
2020-11-07,United States,1,1,0,54,0,0,0,12384,233503,1,1
2020-11-07,United States,7,1,0,2,0,0,0,12384,233503,1,1
2020-11-07,United States,1,0,1,1,0,0,0,12384,233503,1,1
2020-11-07,United States,1,1,1,14,0,0,0,12384,233503,1,1
2020-11-07,United States,1,1,1,0,63,48,9,12384,233503,1,1
2020-11-07,United States,1,1,0,0,557,226,28,12384,233503,1,1
2020-11-07,United States,7,1,0,0,14,12,0,12384,233503,1,1
2020-11-07,United States,3,1,0,0,5,3,1,12384,233503,1,1
2020-11-07,United States,7,1,1,0,6,6,2,12384,233503,1,1
2020-11-07,United States,1,0,0,0,15,1,0,12384,233503,1,1
2020-11-07,United States,1,0,1,0,3,0,0,12384,233503,1,1
2020-11-08,United States,1,0,0,18,0,0,0,12384,233503,1,1
2020-11-08,United States,1,1,0,45,0,0,0,12384,233503,1,1
2020-11-08,United States,7,1,0,1,0,0,0,12384,233503,1,1
2020-11-08,United States,1,0,1,2,0,0,0,12384,233503,1,1
2020-11-08,United States,1,1,1,10,0,0,0,12384,233503,1,1
2020-11-08,United States,1,1,0,0,576,227,24,12384,233503,1,1
2020-11-08,United States,1,1,1,0,61,37,4,12384,233503,1,1
2020-11-08,United States,7,1,0,0,14,10,0,12384,233503,1,1
2020-11-08,United States,1,0,0,0,17,5,0,12384,233503,1,1
2020-11-08,United States,3,1,0,0,3,3,1,12384,233503,1,1
2020-11-08,United States,7,1,1,0,3,3,0,12384,233503,1,1
2020-11-09,United States,1,0,0,28,0,0,0,12384,233503,1,1
2020-11-09,United States,1,1,0,60,0,0,0,12384,233503,1,1
2020-11-09,United States,1,1,1,16,0,0,0,12384,233503,1,1
2020-11-09,United States,3,1,1,1,0,0,0,12384,233503,1,1
2020-11-09,United States,7,1,1,2,0,0,0,12384,233503,1,1
2020-11-09,United States,1,1,0,0,638,262,27,12384,233503,1,1
2020-11-09,United States,1,1,1,0,84,57,7,12384,233503,1,1
2020-11-09,United States,3,1,0,0,5,4,0,12384,233503,1,1
2020-11-09,United States,7,1,0,0,16,11,0,12384,233503,1,1
2020-11-09,United States,1,0,0,0,18,4,0,12384,233503,1,1
2020-11-09,United States,7,1,1,0,15,15,3,12384,233503,1,1
2020-11-10,United States,1,0,0,34,0,0,0,12384,233503,1,1
2020-11-10,United States,1,1,0,83,0,0,0,12384,233503,1,1
2020-11-10,United States,2,1,0,1,0,0,0,12384,233503,1,1
2020-11-10,United States,7,1,0,1,0,0,0,12384,233503,1,1
2020-11-10,United States,1,0,1,2,0,0,0,12384,233503,1,1
2020-11-10,United States,1,1,1,19,0,0,0,12384,233503,1,1
2020-11-10,United States,1,1,1,0,80,47,7,12384,233503,1,1
2020-11-10,United States,7,1,1,0,17,17,4,12384,233503,1,1
2020-11-10,United States,1,1,0,0,706,297,33,12384,233503,1,1
2020-11-10,United States,7,1,0,0,11,6,0,12384,233503,1,1
2020-11-10,United States,1,0,0,0,20,8,0,12384,233503,1,1
2020-11-10,United States,3,1,0,0,3,1,0,12384,233503,1,1
2020-11-10,United States,2,1,0,0,2,2,0,12384,233503,1,1
2020-11-11,United States,1,0,0,29,0,0,0,12384,233503,1,1
2020-11-11,United States,1,1,0,70,0,0,0,12384,233503,1,1
2020-11-11,United States,7,1,0,1,0,0,0,12384,233503,1,1
2020-11-11,United States,1,0,1,5,0,0,0,12384,233503,1,1
2020-11-11,United States,1,1,1,21,0,0,0,12384,233503,1,1
2020-11-11,United States,1,1,0,0,769,296,34,12384,233503,1,1
2020-11-11,United States,1,1,1,0,88,47,4,12384,233503,1,1
2020-11-11,United States,7,1,1,0,15,14,3,12384,233503,1,1
2020-11-11,United States,3,1,0,0,5,3,2,12384,233503,1,1
2020-11-11,United States,7,1,0,0,15,13,3,12384,233503,1,1
2020-11-11,United States,1,0,0,0,13,6,0,12384,233503,1,1
2020-11-11,United States,2,1,0,0,2,2,0,12384,233503,1,1
2020-11-11,United States,1,0,1,0,4,0,0,12384,233503,1,1
2020-11-12,United States,1,0,0,29,0,0,0,12384,233503,1,1
2020-11-12,United States,1,1,0,69,0,0,0,12384,233503,1,1
2020-11-12,United States,1,0,1,4,0,0,0,12384,233503,1,1
2020-11-12,United States,1,1,1,18,0,0,0,12384,233503,1,1
2020-11-12,United States,2,1,1,1,0,0,0,12384,233503,1,1
2020-11-12,United States,7,1,1,1,0,0,0,12384,233503,1,1
2020-11-12,United States,1,1,1,0,98,53,7,12384,233503,1,1
2020-11-12,United States,1,1,0,0,821,314,50,12384,233503,1,1
2020-11-12,United States,1,0,1,0,7,0,0,12384,233503,1,1
2020-11-12,United States,2,1,0,0,2,1,0,12384,233503,1,1
2020-11-12,United States,7,1,1,0,15,15,1,12384,233503,1,1
2020-11-12,United States,7,1,0,0,19,11,0,12384,233503,1,1
2020-11-12,United States,1,0,0,0,16,3,0,12384,233503,1,1
2020-11-12,United States,3,1,0,0,3,3,2,12384,233503,1,1
2020-11-13,United States,1,0,0,36,0,0,0,12384,233503,1,1
2020-11-13,United States,1,1,0,61,0,0,0,12384,233503,1,1
2020-11-13,United States,1,0,1,1,0,0,0,12384,233503,1,1
2020-11-13,United States,1,1,1,24,0,0,0,12384,233503,1,1
2020-11-13,United States,1,1,0,0,895,365,47,12384,233503,1,1
2020-11-13,United States,1,1,1,0,109,45,7,12384,233503,1,1
2020-11-13,United States,7,1,1,0,14,13,1,12384,233503,1,1
2020-11-13,United States,7,1,0,0,19,12,0,12384,233503,1,1
2020-11-13,United States,1,0,0,0,32,8,0,12384,233503,1,1
2020-11-13,United States,2,1,0,0,2,1,0,12384,233503,1,1
2020-11-13,United States,3,1,0,0,2,2,1,12384,233503,1,1
2020-11-14,United States,1,0,0,18,0,0,0,12384,233503,1,1
2020-11-14,United States,1,1,0,43,0,0,0,12384,233503,1,1
2020-11-14,United States,1,0,1,1,0,0,0,12384,233503,1,1
2020-11-14,United States,1,1,1,16,0,0,0,12384,233503,1,1
2020-11-14,United States,7,1,1,1,0,0,0,12384,233503,1,1
2020-11-14,United States,1,1,0,0,919,364,35,12384,233503,1,1
2020-11-14,United States,1,1,1,0,113,49,5,12384,233503,1,1
2020-11-14,United States,2,1,0,0,2,0,0,12384,233503,1,1
2020-11-14,United States,7,1,1,0,13,13,2,12384,233503,1,1
2020-11-14,United States,7,1,0,0,14,9,0,12384,233503,1,1
2020-11-14,United States,3,1,0,0,4,4,3,12384,233503,1,1
2020-11-14,United States,1,0,0,0,15,6,0,12384,233503,1,1
2020-11-14,United States,1,0,1,0,3,0,0,12384,233503,1,1
2020-11-15,United States,1,0,0,18,0,0,0,12384,233503,1,1
2020-11-15,United States,1,1,0,41,0,0,0,12384,233503,1,1
2020-11-15,United States,1,0,1,1,0,0,0,12384,233503,1,1
2020-11-15,United States,1,1,1,11,0,0,0,12384,233503,1,1
2020-11-15,United States,1,1,1,0,101,35,5,12384,233503,1,1
2020-11-15,United States,1,1,0,0,982,376,49,12384,233503,1,1
2020-11-15,United States,7,1,1,0,8,8,1,12384,233503,1,1
2020-11-15,United States,1,0,1,0,7,0,0,12384,233503,1,1
2020-11-15,United States,7,1,0,0,14,9,1,12384,233503,1,1
2020-11-15,United States,1,0,0,0,9,4,0,12384,233503,1,1
2020-11-15,United States,2,1,0,0,2,0,0,12384,233503,1,1
2020-11-15,United States,3,1,0,0,2,2,0,12384,233503,1,1
2020-11-16,United States,1,0,0,27,0,0,0,12384,233503,1,1
2020-11-16,United States,1,1,0,73,0,0,0,12384,233503,1,1
2020-11-16,United States,1,1,1,17,0,0,0,12384,233503,1,1
2020-11-16,United States,7,1,1,1,0,0,0,12384,233503,1,1
2020-11-16,United States,1,1,0,0,1055,393,39,12384,233503,1,1
2020-11-16,United States,1,1,1,0,94,34,3,12384,233503,1,1
2020-11-16,United States,2,1,0,0,2,0,0,12384,233503,1,1
2020-11-16,United States,1,0,1,0,4,0,0,12384,233503,1,1
2020-11-16,United States,7,1,0,0,12,8,0,12384,233503,1,1
2020-11-16,United States,1,0,0,0,23,3,0,12384,233503,1,1
2020-11-16,United States,3,1,1,0,5,2,0,12384,233503,1,1
2020-11-16,United States,7,1,1,0,5,5,0,12384,233503,1,1
2020-11-16,United States,3,1,0,0,3,3,1,12384,233503,1,1
2020-11-17,United States,1,0,0,34,0,0,0,12384,233503,1,1
2020-11-17,United States,7,0,0,1,0,0,0,12384,233503,1,1
2020-11-17,United States,1,1,0,97,0,0,0,12384,233503,1,1
2020-11-17,United States,3,1,0,1,0,0,0,12384,233503,1,1
2020-11-17,United States,7,1,0,1,0,0,0,12384,233503,1,1
2020-11-17,United States,1,1,1,20,0,0,0,12384,233503,1,1
2020-11-17,United States,3,1,1,1,0,0,0,12384,233503,1,1
2020-11-17,United States,1,1,1,0,121,54,11,12384,233503,1,1
2020-11-17,United States,1,1,0,0,1193,452,44,12384,233503,1,1
2020-11-17,United States,1,0,1,0,4,0,0,12384,233503,1,1
2020-11-17,United States,7,1,0,0,12,7,0,12384,233503,1,1
2020-11-17,United States,3,1,0,0,5,4,1,12384,233503,1,1
2020-11-17,United States,1,0,0,0,19,6,0,12384,233503,1,1
2020-11-17,United States,2,1,0,0,2,0,0,12384,233503,1,1
2020-11-17,United States,3,1,1,0,6,4,2,12384,233503,1,1
2020-11-17,United States,7,1,1,0,5,5,0,12384,233503,1,1
2020-11-18,United States,1,0,0,48,0,0,0,12384,233503,1,1
2020-11-18,United States,1,1,0,91,0,0,0,12384,233503,1,1
2020-11-18,United States,7,1,0,3,0,0,0,12384,233503,1,1
2020-11-18,United States,1,1,1,22,0,0,0,12384,233503,1,1
2020-11-18,United States,3,1,1,1,0,0,0,12384,233503,1,1
2020-11-18,United States,1,1,0,0,1266,478,68,12384,233503,1,1
2020-11-18,United States,1,1,1,0,151,71,5,12384,233503,1,1
2020-11-18,United States,7,1,0,0,15,10,0,12384,233503,1,1
2020-11-18,United States,3,1,1,0,11,9,4,12384,233503,1,1
2020-11-18,United States,1,0,1,0,4,0,0,12384,233503,1,1
2020-11-18,United States,7,1,1,0,9,9,2,12384,233503,1,1
2020-11-18,United States,1,0,0,0,17,4,0,12384,233503,1,1
2020-11-19,United States,1,0,0,39,0,0,0,12384,233503,1,1
2020-11-19,United States,1,1,0,75,0,0,0,12384,233503,1,1
2020-11-19,United States,1,1,1,23,0,0,0,12384,233503,1,1
2020-11-19,United States,1,1,0,0,1381,534,66,12384,233503,1,1
2020-11-19,United States,1,1,1,0,133,90,10,12384,233503,1,1
2020-11-19,United States,1,0,1,0,4,0,0,12384,233503,1,1
2020-11-19,United States,7,1,0,0,11,5,3,12384,233503,1,1
2020-11-19,United States,7,1,1,0,9,9,2,12384,233503,1,1
2020-11-19,United States,1,0,0,0,21,5,0,12384,233503,1,1
2020-11-19,United States,3,1,1,0,5,2,1,12384,233503,1,1
2020-11-20,United States,1,0,0,43,0,0,0,12384,233503,1,1
2020-11-20,United States,1,1,0,73,0,0,0,12384,233503,1,1
2020-11-20,United States,2,1,0,1,0,0,0,12384,233503,1,1
2020-11-20,United States,1,1,1,14,0,0,0,12384,233503,1,1
2020-11-20,United States,1,1,0,0,1458,560,60,12384,233503,1,1
2020-11-20,United States,1,1,1,0,158,79,16,12384,233503,1,1
2020-11-20,United States,1,0,1,0,4,1,0,12384,233503,1,1
2020-11-20,United States,7,1,0,0,11,4,0,12384,233503,1,1
2020-11-20,United States,7,1,1,0,9,9,1,12384,233503,1,1
2020-11-20,United States,1,0,0,0,25,12,0,12384,233503,1,1
2020-11-20,United States,3,1,1,0,5,0,0,12384,233503,1,1
2020-11-21,United States,1,0,0,30,0,0,0,12384,233503,1,1
2020-11-21,United States,1,1,0,63,0,0,0,12384,233503,1,1
2020-11-21,United States,1,0,1,2,0,0,0,12384,233503,1,1
2020-11-21,United States,1,1,1,22,0,0,0,12384,233503,1,1
2020-11-21,United States,1,1,0,0,1532,537,55,12384,233503,1,1
2020-11-21,United States,1,1,1,0,150,84,11,12384,233503,1,1
2020-11-21,United States,3,1,1,0,7,1,1,12384,233503,1,1
2020-11-21,United States,1,0,1,0,5,0,0,12384,233503,1,1
2020-11-21,United States,7,1,1,0,7,7,2,12384,233503,1,1
2020-11-21,United States,1,0,0,0,23,7,0,12384,233503,1,1
2020-11-21,United States,7,1,0,0,12,6,0,12384,233503,1,1
2020-11-22,United States,1,0,0,30,0,0,0,12384,233503,1,1
2020-11-22,United States,1,1,0,52,0,0,0,12384,233503,1,1
2020-11-22,United States,1,0,1,1,0,0,0,12384,233503,1,1
2020-11-22,United States,1,1,1,18,0,0,0,12384,233503,1,1
2020-11-22,United States,1,1,1,0,163,68,7,12384,233503,1,1
2020-11-22,United States,1,1,0,0,1577,545,51,12384,233503,1,1
2020-11-22,United States,7,1,0,0,13,3,0,12384,233503,1,1
2020-11-22,United States,1,0,1,0,4,1,0,12384,233503,1,1
2020-11-22,United States,7,1,1,0,3,3,1,12384,233503,1,1
2020-11-22,United States,1,0,0,0,29,15,0,12384,233503,1,1
2020-11-22,United States,3,1,1,0,5,5,0,12384,233503,1,1
2020-11-23,United States,1,0,0,34,0,0,0,12384,233503,1,1
2020-11-23,United States,1,1,0,69,0,0,0,12384,233503,1,1
2020-11-23,United States,7,1,0,2,0,0,0,12384,233503,1,1
2020-11-23,United States,2,1,0,1,0,0,0,12384,233503,1,1
2020-11-23,United States,1,0,1,2,0,0,0,12384,233503,1,1
2020-11-23,United States,1,1,1,21,0,0,0,12384,233503,1,1
2020-11-23,United States,3,1,1,1,0,0,0,12384,233503,1,1
2020-11-23,United States,7,1,1,1,0,0,0,12384,233503,1,1
2020-11-23,United States,1,1,0,0,1642,524,60,12384,233503,1,1
2020-11-23,United States,1,1,1,0,170,90,15,12384,233503,1,1
2020-11-23,United States,1,0,1,0,4,0,0,12384,233503,1,1
2020-11-23,United States,1,0,0,0,22,8,0,12384,233503,1,1
2020-11-23,United States,7,1,0,0,14,6,0,12384,233503,1,1
2020-11-23,United States,3,1,1,0,5,0,0,12384,233503,1,1
2020-11-24,United States,1,0,0,41,0,0,0,12384,233503,1,1
2020-11-24,United States,1,1,0,102,0,0,0,12384,233503,1,1
2020-11-24,United States,3,1,0,1,0,0,0,12384,233503,1,1
2020-11-24,United States,1,0,1,1,0,0,0,12384,233503,1,1
2020-11-24,United States,1,1,1,16,0,0,0,12384,233503,1,1
2020-11-24,United States,1,1,0,0,1691,554,61,12384,233503,1,1
2020-11-24,United States,1,1,1,0,175,97,15,12384,233503,1,1
2020-11-24,United States,3,1,1,0,7,4,0,12384,233503,1,1
2020-11-24,United States,1,0,1,0,4,2,1,12384,233503,1,1
2020-11-24,United States,1,0,0,0,40,14,0,12384,233503,1,1
2020-11-24,United States,7,1,0,0,13,4,0,12384,233503,1,1
2020-11-24,United States,7,1,1,0,1,1,0,12384,233503,1,1
2020-11-24,United States,3,1,0,0,2,2,1,12384,233503,1,1
2020-11-25,United States,1,0,0,35,0,0,0,12384,233503,1,1
2020-11-25,United States,1,1,0,111,0,0,0,12384,233503,1,1
2020-11-25,United States,1,0,1,2,0,0,0,12384,233503,1,1
2020-11-25,United States,1,1,1,27,0,0,0,12384,233503,1,1
2020-11-25,United States,3,1,1,1,0,0,0,12384,233503,1,1
2020-11-25,United States,2,1,1,1,0,0,0,12384,233503,1,1
2020-11-25,United States,1,1,0,0,1785,591,64,12384,233503,1,1
2020-11-25,United States,1,1,1,0,184,93,12,12384,233503,1,1
2020-11-25,United States,3,1,0,0,6,6,2,12384,233503,1,1
2020-11-25,United States,7,1,0,0,16,10,2,12384,233503,1,1
2020-11-25,United States,1,0,1,0,8,1,0,12384,233503,1,1
2020-11-25,United States,7,1,1,0,4,4,1,12384,233503,1,1
2020-11-25,United States,1,0,0,0,26,7,0,12384,233503,1,1
2020-11-25,United States,3,1,1,0,5,1,1,12384,233503,1,1
2020-11-26,United States,1,0,0,42,0,0,0,12384,233503,1,1
2020-11-26,United States,1,1,0,73,0,0,0,12384,233503,1,1
2020-11-26,United States,7,1,0,1,0,0,0,12384,233503,1,1
2020-11-26,United States,1,0,1,4,0,0,0,12384,233503,1,1
2020-11-26,United States,1,1,1,17,0,0,0,12384,233503,1,1
2020-11-26,United States,7,1,1,1,0,0,0,12384,233503,1,1
2020-11-26,United States,1,1,0,0,1813,609,84,12384,233503,1,1
2020-11-26,United States,1,1,1,0,174,99,9,12384,233503,1,1
2020-11-26,United States,3,1,0,0,6,6,2,12384,233503,1,1
2020-11-26,United States,7,1,0,0,14,6,2,12384,233503,1,1
2020-11-26,United States,1,0,0,0,18,6,0,12384,233503,1,1
2020-11-26,United States,1,0,1,0,1,0,0,12384,233503,1,1
2020-11-26,United States,3,1,1,0,5,0,0,12384,233503,1,1
2020-11-27,United States,1,0,0,25,0,0,0,12384,233503,1,1
2020-11-27,United States,1,1,0,83,0,0,0,12384,233503,1,1
2020-11-27,United States,1,0,1,2,0,0,0,12384,233503,1,1
2020-11-27,United States,1,1,1,22,0,0,0,12384,233503,1,1
2020-11-27,United States,1,1,1,0,154,68,2,12384,233503,1,1
2020-11-27,United States,1,1,0,0,1881,607,61,12384,233503,1,1
2020-11-27,United States,3,1,0,0,7,7,2,12384,233503,1,1
2020-11-27,United States,3,1,1,0,7,0,0,12384,233503,1,1
2020-11-27,United States,7,1,0,0,17,6,3,12384,233503,1,1
2020-11-27,United States,1,0,0,0,22,9,0,12384,233503,1,1
2020-11-28,United States,1,0,0,32,0,0,0,12384,233503,1,1
2020-11-28,United States,1,1,0,59,0,0,0,12384,233503,1,1
2020-11-28,United States,7,1,0,3,0,0,0,12384,233503,1,1
2020-11-28,United States,1,1,1,22,0,0,0,12384,233503,1,1
2020-11-28,United States,1,1,0,0,1975,680,75,12384,233503,1,1
2020-11-28,United States,1,1,1,0,159,78,7,12384,233503,1,1
2020-11-28,United States,3,1,0,0,7,5,3,12384,233503,1,1
2020-11-28,United States,1,0,0,0,25,10,0,12384,233503,1,1
2020-11-28,United States,1,0,1,0,1,0,0,12384,233503,1,1
2020-11-28,United States,7,1,0,0,12,4,1,12384,233503,1,1
2020-11-28,United States,3,1,1,0,5,3,1,12384,233503,1,1
2020-11-29,United States,1,0,0,39,0,0,0,12384,233503,1,1
2020-11-29,United States,1,1,0,64,0,0,0,12384,233503,1,1
2020-11-29,United States,3,1,0,1,0,0,0,12384,233503,1,1
2020-11-29,United States,1,0,1,1,0,0,0,12384,233503,1,1
2020-11-29,United States,1,1,1,14,0,0,0,12384,233503,1,1
2020-11-29,United States,7,1,1,1,0,0,0,12384,233503,1,1
2020-11-29,United States,1,1,1,0,184,94,17,12384,233503,1,1
2020-11-29,United States,1,1,0,0,2039,730,93,12384,233503,1,1
2020-11-29,United States,3,1,0,0,9,6,1,12384,233503,1,1
2020-11-29,United States,7,1,0,0,14,7,2,12384,233503,1,1
2020-11-29,United States,1,0,0,0,23,3,0,12384,233503,1,1
2020-11-29,United States,3,1,1,0,5,0,0,12384,233503,1,1
2020-11-30,United States,1,0,0,38,0,0,0,12384,233503,1,1
2020-11-30,United States,1,1,0,92,0,0,0,12384,233503,1,1
2020-11-30,United States,1,0,1,8,0,0,0,12384,233503,1,1
2020-11-30,United States,1,1,1,32,0,0,0,12384,233503,1,1
2020-11-30,United States,7,1,1,1,0,0,0,12384,233503,1,1
2020-11-30,United States,3,1,0,0,10,6,4,12384,233503,1,1
2020-11-30,United States,1,1,0,0,2121,706,83,12384,233503,1,1
2020-11-30,United States,1,1,1,0,213,119,15,12384,233503,1,1
2020-11-30,United States,7,1,0,0,21,13,2,12384,233503,1,1
2020-11-30,United States,3,1,1,0,7,0,0,12384,233503,1,1
2020-11-30,United States,1,0,0,0,27,6,0,12384,233503,1,1
2020-11-30,United States,1,0,1,0,5,0,0,12384,233503,1,1
2020-11-30,United States,7,1,1,0,2,2,2,12384,233503,1,1
2020-12-01,United States,1,0,0,56,0,0,0,12384,233503,1,1
2020-12-01,United States,1,1,0,91,0,0,0,12384,233503,1,1
2020-12-01,United States,1,0,1,1,0,0,0,12384,233503,1,1
2020-12-01,United States,1,1,1,31,0,0,0,12384,233503,1,1
2020-12-01,United States,7,1,1,0,7,7,0,12384,233503,1,1
2020-12-01,United States,1,1,1,0,222,131,20,12384,233503,1,1
2020-12-01,United States,1,1,0,0,2185,715,63,12384,233503,1,1
2020-12-01,United States,3,1,0,0,10,5,1,12384,233503,1,1
2020-12-01,United States,1,0,0,0,30,11,0,12384,233503,1,1
2020-12-01,United States,3,1,1,0,6,1,0,12384,233503,1,1
2020-12-01,United States,7,1,0,0,19,6,1,12384,233503,1,1
2020-12-01,United States,1,0,1,0,4,2,0,12384,233503,1,1
2020-12-02,United States,1,0,0,55,0,0,0,12384,233503,1,1
2020-12-02,United States,1,1,0,96,0,0,0,12384,233503,1,1
2020-12-02,United States,7,1,0,2,0,0,0,12384,233503,1,1
2020-12-02,United States,1,0,1,6,0,0,0,12384,233503,1,1
2020-12-02,United States,1,1,1,25,0,0,0,12384,233503,1,1
2020-12-02,United States,7,1,1,2,0,0,0,12384,233503,1,1
2020-12-02,United States,1,1,1,0,221,131,13,12384,233503,1,1
2020-12-02,United States,1,1,0,0,2183,684,71,12384,233503,1,1
2020-12-02,United States,7,1,1,0,8,8,0,12384,233503,1,1
2020-12-02,United States,3,1,0,0,10,4,0,12384,233503,1,1
2020-12-02,United States,1,0,1,0,8,3,3,12384,233503,1,1
2020-12-02,United States,7,1,0,0,21,7,3,12384,233503,1,1
2020-12-02,United States,1,0,0,0,45,4,0,12384,233503,1,1
2020-12-03,United States,1,0,0,43,0,0,0,12384,233503,1,1
2020-12-03,United States,7,1,0,2,0,0,0,12384,233503,1,1
2020-12-03,United States,1,1,0,101,0,0,0,12384,233503,1,1
2020-12-03,United States,1,0,1,2,0,0,0,12384,233503,1,1
2020-12-03,United States,1,1,1,25,0,0,0,12384,233503,1,1
2020-12-03,United States,1,1,0,0,2179,726,86,12384,233503,1,1
2020-12-03,United States,1,1,1,0,210,120,18,12384,233503,1,1
2020-12-03,United States,1,0,1,0,12,0,0,12384,233503,1,1
2020-12-03,United States,3,1,0,0,12,8,4,12384,233503,1,1
2020-12-03,United States,7,1,0,0,16,5,2,12384,233503,1,1
2020-12-03,United States,1,0,0,0,31,4,0,12384,233503,1,1
2020-12-04,United States,1,0,0,45,0,0,0,12384,233503,1,1
2020-12-04,United States,1,1,0,94,0,0,0,12384,233503,1,1
2020-12-04,United States,3,1,0,1,0,0,0,12384,233503,1,1
2020-12-04,United States,1,0,1,3,0,0,0,12384,233503,1,1
2020-12-04,United States,1,1,1,17,0,0,0,12384,233503,1,1
2020-12-04,United States,1,1,0,0,2151,707,90,12384,233503,1,1
2020-12-04,United States,1,1,1,0,224,115,12,12384,233503,1,1
2020-12-04,United States,1,0,1,0,6,4,2,12384,233503,1,1
2020-12-04,United States,3,1,0,0,14,9,1,12384,233503,1,1
2020-12-04,United States,7,1,0,0,14,6,4,12384,233503,1,1
2020-12-04,United States,1,0,0,0,33,10,0,12384,233503,1,1
2020-12-05,United States,1,0,0,30,0,0,0,12384,233503,1,1
2020-12-05,United States,1,1,0,69,0,0,0,12384,233503,1,1
2020-12-05,United States,1,0,1,1,0,0,0,12384,233503,1,1
2020-12-05,United States,1,1,1,17,0,0,0,12384,233503,1,1
2020-12-05,United States,3,1,1,1,0,0,0,12384,233503,1,1
2020-12-05,United States,1,1,0,0,2202,685,79,12384,233503,1,1
2020-12-05,United States,1,1,1,0,233,122,10,12384,233503,1,1
2020-12-05,United States,1,0,1,0,4,2,1,12384,233503,1,1
2020-12-05,United States,7,1,0,0,15,7,5,12384,233503,1,1
2020-12-05,United States,1,0,0,0,29,4,0,12384,233503,1,1
2020-12-05,United States,3,1,0,0,11,10,2,12384,233503,1,1
2020-12-06,United States,1,0,0,30,0,0,0,12384,233503,1,1
2020-12-06,United States,1,1,0,67,0,0,0,12384,233503,1,1
2020-12-06,United States,1,0,1,2,0,0,0,12384,233503,1,1
2020-12-06,United States,1,1,1,12,0,0,0,12384,233503,1,1
2020-12-06,United States,7,1,1,2,0,0,0,12384,233503,1,1
2020-12-06,United States,1,1,0,0,2194,675,78,12384,233503,1,1
2020-12-06,United States,1,1,1,0,231,107,16,12384,233503,1,1
2020-12-06,United States,1,0,1,0,6,2,1,12384,233503,1,1
2020-12-06,United States,3,1,0,0,12,6,3,12384,233503,1,1
2020-12-06,United States,7,1,0,0,14,6,3,12384,233503,1,1
2020-12-06,United States,1,0,0,0,25,6,0,12384,233503,1,1
2020-12-06,United States,7,1,1,0,5,5,1,12384,233503,1,1
2020-12-07,United States,1,0,0,53,0,0,0,12384,233503,1,1
2020-12-07,United States,1,1,0,105,0,0,0,12384,233503,1,1
2020-12-07,United States,7,1,0,2,0,0,0,12384,233503,1,1
2020-12-07,United States,1,0,1,3,0,0,0,12384,233503,1,1
2020-12-07,United States,1,1,1,31,0,0,0,12384,233503,1,1
2020-12-07,United States,7,1,1,2,0,0,0,12384,233503,1,1
2020-12-07,United States,1,1,0,0,2219,684,91,12384,233503,1,1
2020-12-07,United States,1,1,1,0,252,116,13,12384,233503,1,1
2020-12-07,United States,3,1,0,0,14,8,1,12384,233503,1,1
2020-12-07,United States,1,0,1,0,8,2,2,12384,233503,1,1
2020-12-07,United States,7,1,0,0,15,9,5,12384,233503,1,1
2020-12-07,United States,1,0,0,0,25,5,0,12384,233503,1,1
2020-12-08,United States,1,0,0,76,0,0,0,12384,233503,1,1
2020-12-08,United States,1,1,0,133,0,0,0,12384,233503,1,1
2020-12-08,United States,7,1,0,2,0,0,0,12384,233503,1,1
2020-12-08,United States,1,0,1,6,0,0,0,12384,233503,1,1
2020-12-08,United States,1,1,1,45,0,0,0,12384,233503,1,1
2020-12-08,United States,7,1,1,3,0,0,0,12384,233503,1,1
2020-12-08,United States,1,1,0,0,2286,708,80,12384,233503,1,1
2020-12-08,United States,1,1,1,0,251,159,18,12384,233503,1,1
2020-12-08,United States,7,1,0,0,14,7,2,12384,233503,1,1
2020-12-08,United States,1,0,1,0,13,8,1,12384,233503,1,1
2020-12-08,United States,3,1,0,0,10,9,2,12384,233503,1,1
2020-12-08,United States,1,0,0,0,23,5,0,12384,233503,1,1
2020-12-09,United States,1,0,0,74,0,0,0,12384,233503,1,1
2020-12-09,United States,1,1,0,114,0,0,0,12384,233503,1,1
2020-12-09,United States,7,1,0,1,0,0,0,12384,233503,1,1
2020-12-09,United States,1,1,1,33,0,0,0,12384,233503,1,1
2020-12-09,United States,3,1,1,1,0,0,0,12384,233503,1,1
2020-12-09,United States,1,1,0,0,2393,719,83,12384,233503,1,1
2020-12-09,United States,1,1,1,0,253,163,30,12384,233503,1,1
2020-12-09,United States,7,1,0,0,14,7,3,12384,233503,1,1
2020-12-09,United States,1,0,1,0,7,4,2,12384,233503,1,1
2020-12-09,United States,1,0,0,0,45,15,0,12384,233503,1,1
2020-12-09,United States,3,1,0,0,11,7,1,12384,233503,1,1
2020-12-10,United States,1,0,0,45,0,0,0,12384,233503,1,1
2020-12-10,United States,1,1,0,110,0,0,0,12384,233503,1,1
2020-12-10,United States,1,0,1,5,0,0,0,12384,233503,1,1
2020-12-10,United States,1,1,1,36,0,0,0,12384,233503,1,1
2020-12-10,United States,7,1,1,1,0,0,0,12384,233503,1,1
2020-12-10,United States,1,1,1,0,239,153,16,12384,233503,1,1
2020-12-10,United States,1,1,0,0,2453,760,87,12384,233503,1,1
2020-12-10,United States,3,1,0,0,10,8,1,12384,233503,1,1
2020-12-10,United States,7,1,0,0,19,13,3,12384,233503,1,1
2020-12-10,United States,1,0,1,0,12,2,1,12384,233503,1,1
2020-12-10,United States,1,0,0,0,19,4,0,12384,233503,1,1
2020-12-11,United States,1,0,0,60,0,0,0,12384,233503,1,1
2020-12-11,United States,1,1,0,108,0,0,0,12384,233503,1,1
2020-12-11,United States,3,1,0,2,0,0,0,12384,233503,1,1
2020-12-11,United States,7,1,0,2,0,0,0,12384,233503,1,1
2020-12-11,United States,1,0,1,2,0,0,0,12384,233503,1,1
2020-12-11,United States,1,1,1,24,0,0,0,12384,233503,1,1
2020-12-11,United States,1,1,1,0,207,104,6,12384,233503,1,1
2020-12-11,United States,1,1,0,0,2413,776,80,12384,233503,1,1
2020-12-11,United States,7,1,0,0,25,13,3,12384,233503,1,1
2020-12-11,United States,1,0,1,0,4,0,0,12384,233503,1,1
2020-12-11,United States,1,0,0,0,35,9,0,12384,233503,1,1
2020-12-11,United States,3,1,0,0,16,13,3,12384,233503,1,1
2020-12-12,United States,1,0,0,46,0,0,0,12384,233503,1,1
2020-12-12,United States,1,1,0,82,0,0,0,12384,233503,1,1
2020-12-12,United States,7,1,0,2,0,0,0,12384,233503,1,1
2020-12-12,United States,1,0,1,1,0,0,0,12384,233503,1,1
2020-12-12,United States,1,1,1,22,0,0,0,12384,233503,1,1
2020-12-12,United States,1,1,0,0,2494,780,95,12384,233503,1,1
2020-12-12,United States,1,1,1,0,241,127,17,12384,233503,1,1
2020-12-12,United States,7,1,0,0,30,19,8,12384,233503,1,1
2020-12-12,United States,3,1,0,0,17,8,0,12384,233503,1,1
2020-12-12,United States,1,0,0,0,41,20,0,12384,233503,1,1
2020-12-12,United States,1,0,1,0,2,0,0,12384,233503,1,1
2020-12-13,United States,1,0,0,33,0,0,0,12384,233503,1,1
2020-12-13,United States,1,1,0,61,0,0,0,12384,233503,1,1
2020-12-13,United States,1,0,1,2,0,0,0,12384,233503,1,1
2020-12-13,United States,1,1,1,21,0,0,0,12384,233503,1,1
2020-12-13,United States,1,1,1,0,246,125,14,12384,233503,1,1
2020-12-13,United States,1,1,0,0,2584,901,117,12384,233503,1,1
2020-12-13,United States,3,1,0,0,15,10,3,12384,233503,1,1
2020-12-13,United States,7,1,0,0,31,20,6,12384,233503,1,1
2020-12-13,United States,1,0,1,0,3,0,0,12384,233503,1,1
2020-12-13,United States,1,0,0,0,24,9,0,12384,233503,1,1
2020-12-14,United States,1,0,0,51,0,0,0,12384,233503,1,1
2020-12-14,United States,1,1,0,101,0,0,0,12384,233503,1,1
2020-12-14,United States,3,1,0,1,0,0,0,12384,233503,1,1
2020-12-14,United States,1,0,1,1,0,0,0,12384,233503,1,1
2020-12-14,United States,1,1,1,22,0,0,0,12384,233503,1,1
2020-12-14,United States,7,1,1,2,0,0,0,12384,233503,1,1
2020-12-14,United States,1,1,0,0,2585,876,116,12384,233503,1,1
2020-12-14,United States,1,1,1,0,206,121,14,12384,233503,1,1
2020-12-14,United States,3,1,0,0,16,4,0,12384,233503,1,1
2020-12-14,United States,7,1,0,0,28,12,6,12384,233503,1,1
2020-12-14,United States,1,0,0,0,37,17,0,12384,233503,1,1
2020-12-14,United States,1,0,1,0,1,0,0,12384,233503,1,1
2020-12-15,United States,1,0,0,56,0,0,0,12384,233503,1,1
2020-12-15,United States,1,1,0,114,0,0,0,12384,233503,1,1
2020-12-15,United States,7,1,0,1,0,0,0,12384,233503,1,1
2020-12-15,United States,1,0,1,5,0,0,0,12384,233503,1,1
2020-12-15,United States,1,1,1,28,0,0,0,12384,233503,1,1
2020-12-15,United States,1,1,0,0,2627,893,93,12384,233503,1,1
2020-12-15,United States,1,1,1,0,225,110,12,12384,233503,1,1
2020-12-15,United States,7,1,0,0,27,15,7,12384,233503,1,1
2020-12-15,United States,1,0,0,0,37,10,0,12384,233503,1,1
2020-12-15,United States,1,0,1,0,3,0,0,12384,233503,1,1
2020-12-15,United States,3,1,0,0,14,4,0,12384,233503,1,1
2020-12-16,United States,1,0,0,44,0,0,0,12384,233503,1,1
2020-12-16,United States,1,1,0,94,0,0,0,12384,233503,1,1
2020-12-16,United States,7,1,0,3,0,0,0,12384,233503,1,1
2020-12-16,United States,3,1,0,1,0,0,0,12384,233503,1,1
2020-12-16,United States,1,0,1,3,0,0,0,12384,233503,1,1
2020-12-16,United States,1,1,1,38,0,0,0,12384,233503,1,1
2020-12-16,United States,7,1,1,2,0,0,0,12384,233503,1,1
2020-12-16,United States,1,1,0,0,2647,947,113,12384,233503,1,1
2020-12-16,United States,1,1,1,0,253,136,23,12384,233503,1,1
2020-12-16,United States,3,1,0,0,19,4,1,12384,233503,1,1
2020-12-16,United States,7,1,0,0,24,11,0,12384,233503,1,1
2020-12-16,United States,1,0,0,0,36,11,0,12384,233503,1,1
2020-12-16,United States,1,0,1,0,4,2,0,12384,233503,1,1
2020-12-16,United States,7,1,1,0,1,1,0,12384,233503,1,1
2020-12-17,United States,1,0,0,54,0,0,0,12384,233503,1,1
2020-12-17,United States,1,1,0,101,0,0,0,12384,233503,1,1
2020-12-17,United States,7,1,0,2,0,0,0,12384,233503,1,1
2020-12-17,United States,1,0,1,4,0,0,0,12384,233503,1,1
2020-12-17,United States,1,1,1,37,0,0,0,12384,233503,1,1
2020-12-17,United States,7,1,1,1,0,0,0,12384,233503,1,1
2020-12-17,United States,1,1,1,0,269,160,18,12384,233503,1,1
2020-12-17,United States,1,1,0,0,2617,918,104,12384,233503,1,1
2020-12-17,United States,7,1,1,0,6,3,0,12384,233503,1,1
2020-12-17,United States,3,1,0,0,17,3,1,12384,233503,1,1
2020-12-17,United States,7,1,0,0,21,10,4,12384,233503,1,1
2020-12-17,United States,1,0,0,0,37,15,0,12384,233503,1,1
2020-12-17,United States,1,0,1,0,4,0,0,12384,233503,1,1
2020-12-18,United States,1,0,0,51,0,0,0,12384,233503,1,1
2020-12-18,United States,1,1,0,115,0,0,0,12384,233503,1,1
2020-12-18,United States,7,1,0,2,0,0,0,12384,233503,1,1
2020-12-18,United States,1,0,1,2,0,0,0,12384,233503,1,1
2020-12-18,United States,1,1,1,28,0,0,0,12384,233503,1,1
2020-12-18,United States,1,1,0,0,2693,948,109,12384,233503,1,1
2020-12-18,United States,1,1,1,0,282,150,20,12384,233503,1,1
2020-12-18,United States,7,1,1,0,8,4,0,12384,233503,1,1
2020-12-18,United States,7,1,0,0,22,10,3,12384,233503,1,1
2020-12-18,United States,3,1,0,0,11,4,1,12384,233503,1,1
2020-12-18,United States,1,0,0,0,39,11,1,12384,233503,1,1
2020-12-18,United States,1,0,1,0,2,0,0,12384,233503,1,1
2020-12-19,United States,1,0,0,32,0,0,0,12384,233503,1,1
2020-12-19,United States,1,1,0,60,0,0,0,12384,233503,1,1
2020-12-19,United States,1,0,1,2,0,0,0,12384,233503,1,1
2020-12-19,United States,1,1,1,14,0,0,0,12384,233503,1,1
2020-12-19,United States,1,1,0,0,2734,962,114,12384,233503,1,1
2020-12-19,United States,1,1,1,0,267,128,12,12384,233503,1,1
2020-12-19,United States,1,0,0,0,31,15,0,12384,233503,1,1
2020-12-19,United States,7,1,1,0,8,1,1,12384,233503,1,1
2020-12-19,United States,7,1,0,0,23,9,4,12384,233503,1,1
2020-12-19,United States,3,1,0,0,11,6,0,12384,233503,1,1
2020-12-19,United States,1,0,1,0,4,0,0,12384,233503,1,1
2020-12-20,United States,1,0,0,29,0,0,0,12384,233503,1,1
2020-12-20,United States,1,1,0,64,0,0,0,12384,233503,1,1
2020-12-20,United States,7,1,0,2,0,0,0,12384,233503,1,1
2020-12-20,United States,1,0,1,2,0,0,0,12384,233503,1,1
2020-12-20,United States,1,1,1,24,0,0,0,12384,233503,1,1
2020-12-20,United States,1,1,0,0,2690,953,98,12384,233503,1,1
2020-12-20,United States,1,1,1,0,252,125,12,12384,233503,1,1
2020-12-20,United States,1,0,0,0,35,15,1,12384,233503,1,1
2020-12-20,United States,7,1,1,0,8,3,0,12384,233503,1,1
2020-12-20,United States,3,1,0,0,14,5,1,12384,233503,1,1
2020-12-20,United States,7,1,0,0,22,11,4,12384,233503,1,1
2020-12-20,United States,1,0,1,0,2,0,0,12384,233503,1,1
2020-12-21,United States,1,0,0,43,0,0,0,12384,233503,1,1
2020-12-21,United States,1,1,0,89,0,0,0,12384,233503,1,1
2020-12-21,United States,7,1,0,1,0,0,0,12384,233503,1,1
2020-12-21,United States,1,0,1,3,0,0,0,12384,233503,1,1
2020-12-21,United States,1,1,1,27,0,0,0,12384,233503,1,1
2020-12-21,United States,1,1,1,0,286,153,18,12384,233503,1,1
2020-12-21,United States,1,1,0,0,2694,938,87,12384,233503,1,1
2020-12-21,United States,1,0,0,0,36,11,0,12384,233503,1,1
2020-12-21,United States,7,1,1,0,8,2,0,12384,233503,1,1
2020-12-21,United States,7,1,0,0,26,16,4,12384,233503,1,1
2020-12-21,United States,3,1,0,0,9,2,0,12384,233503,1,1
2020-12-21,United States,1,0,1,0,4,0,0,12384,233503,1,1
2020-12-22,United States,1,0,0,38,0,0,0,12384,233503,1,1
2020-12-22,United States,1,1,0,72,0,0,0,12384,233503,1,1
2020-12-22,United States,1,0,1,2,0,0,0,12384,233503,1,1
2020-12-22,United States,1,1,1,23,0,0,0,12384,233503,1,1
2020-12-22,United States,7,1,1,1,0,0,0,12384,233503,1,1
2020-12-22,United States,1,1,0,0,2725,926,93,12384,233503,1,1
2020-12-22,United States,1,1,1,0,283,140,16,12384,233503,1,1
2020-12-22,United States,1,0,0,0,33,16,0,12384,233503,1,1
2020-12-22,United States,7,1,1,0,6,0,0,12384,233503,1,1
2020-12-22,United States,7,1,0,0,22,7,0,12384,233503,1,1
2020-12-22,United States,3,1,0,0,11,6,0,12384,233503,1,1
2020-12-22,United States,1,0,1,0,6,1,0,12384,233503,1,1
2020-12-23,United States,1,0,0,33,0,0,0,12384,233503,1,1
2020-12-23,United States,1,1,0,61,0,0,0,12384,233503,1,1
2020-12-23,United States,1,0,1,2,0,0,0,12384,233503,1,1
2020-12-23,United States,1,1,1,20,0,0,0,12384,233503,1,1
2020-12-23,United States,7,1,1,2,0,0,0,12384,233503,1,1
2020-12-23,United States,1,1,0,0,2711,902,90,12384,233503,1,1
2020-12-23,United States,1,1,1,0,257,148,16,12384,233503,1,1
2020-12-23,United States,1,0,0,0,23,11,0,12384,233503,1,1
2020-12-23,United States,7,1,1,0,6,0,0,12384,233503,1,1
2020-12-23,United States,3,1,0,0,14,5,0,12384,233503,1,1
2020-12-23,United States,7,1,0,0,16,6,3,12384,233503,1,1
2020-12-23,United States,1,0,1,0,1,0,0,12384,233503,1,1
2020-12-24,United States,1,0,0,23,0,0,0,12384,233503,1,1
2020-12-24,United States,1,1,0,48,0,0,0,12384,233503,1,1
2020-12-24,United States,1,0,1,4,0,0,0,12384,233503,1,1
2020-12-24,United States,1,1,1,14,0,0,0,12384,233503,1,1
2020-12-24,United States,1,1,0,0,2619,887,92,12384,233503,1,1
2020-12-24,United States,1,1,1,0,254,133,18,12384,233503,1,1
2020-12-24,United States,1,0,0,0,29,13,0,12384,233503,1,1
2020-12-24,United States,7,1,1,0,6,0,0,12384,233503,1,1
2020-12-24,United States,7,1,0,0,18,5,4,12384,233503,1,1
2020-12-24,United States,3,1,0,0,12,6,1,12384,233503,1,1
2020-12-24,United States,1,0,1,0,4,0,0,12384,233503,1,1
2020-12-25,United States,1,0,0,33,0,0,0,12384,233503,1,1
2020-12-25,United States,1,1,0,54,0,0,0,12384,233503,1,1
2020-12-25,United States,1,0,1,3,0,0,0,12384,233503,1,1
2020-12-25,United States,1,1,1,11,0,0,0,12384,233503,1,1
2020-12-25,United States,1,1,0,0,2573,870,105,12384,233503,1,1
2020-12-25,United States,1,1,1,0,212,123,17,12384,233503,1,1
2020-12-25,United States,1,0,0,0,34,11,2,12384,233503,1,1
2020-12-25,United States,7,1,0,0,18,6,1,12384,233503,1,1
2020-12-25,United States,7,1,1,0,6,0,0,12384,233503,1,1
2020-12-25,United States,3,1,0,0,9,4,0,12384,233503,1,1
2020-12-25,United States,1,0,1,0,7,0,0,12384,233503,1,1
2020-12-26,United States,1,0,0,18,0,0,0,12384,233503,1,1
2020-12-26,United States,1,1,0,61,0,0,0,12384,233503,1,1
2020-12-26,United States,1,0,1,1,0,0,0,12384,233503,1,1
2020-12-26,United States,1,1,1,17,0,0,0,12384,233503,1,1
2020-12-26,United States,1,1,0,0,2590,885,103,12384,233503,1,1
2020-12-26,United States,1,1,1,0,223,114,5,12384,233503,1,1
2020-12-26,United States,1,0,0,0,24,16,1,12384,233503,1,1
2020-12-26,United States,7,1,1,0,6,1,0,12384,233503,1,1
2020-12-26,United States,3,1,0,0,8,1,0,12384,233503,1,1
2020-12-26,United States,7,1,0,0,17,10,6,12384,233503,1,1
2020-12-26,United States,1,0,1,0,1,0,0,12384,233503,1,1
2020-12-27,United States,1,0,0,26,0,0,0,12384,233503,1,1
2020-12-27,United States,1,1,0,61,0,0,0,12384,233503,1,1
2020-12-27,United States,7,1,0,1,0,0,0,12384,233503,1,1
2020-12-27,United States,1,1,1,18,0,0,0,12384,233503,1,1
2020-12-27,United States,7,1,1,1,0,0,0,12384,233503,1,1
2020-12-27,United States,1,1,0,0,2570,880,91,12384,233503,1,1
2020-12-27,United States,1,1,1,0,197,106,16,12384,233503,1,1
2020-12-27,United States,1,0,0,0,28,16,1,12384,233503,1,1
2020-12-27,United States,7,1,0,0,22,1,1,12384,233503,1,1
2020-12-27,United States,7,1,1,0,4,0,0,12384,233503,1,1
2020-12-27,United States,1,0,1,0,2,0,0,12384,233503,1,1
2020-12-27,United States,3,1,0,0,5,0,0,12384,233503,1,1
2020-12-28,United States,1,0,0,35,0,0,0,12384,233503,1,1
2020-12-28,United States,1,1,0,63,0,0,0,12384,233503,1,1
2020-12-28,United States,7,1,0,1,0,0,0,12384,233503,1,1
2020-12-28,United States,1,0,1,2,0,0,0,12384,233503,1,1
2020-12-28,United States,1,1,1,19,0,0,0,12384,233503,1,1
2020-12-28,United States,1,1,1,0,178,108,10,12384,233503,1,1
2020-12-28,United States,1,1,0,0,2571,859,84,12384,233503,1,1
2020-12-28,United States,1,0,0,0,28,10,0,12384,233503,1,1
2020-12-28,United States,7,1,1,0,6,0,0,12384,233503,1,1
2020-12-28,United States,7,1,0,0,15,3,1,12384,233503,1,1
2020-12-28,United States,1,0,1,0,1,0,0,12384,233503,1,1
2020-12-28,United States,3,1,0,0,5,0,0,12384,233503,1,1
2020-12-29,United States,1,0,0,38,0,0,0,12384,233503,1,1
2020-12-29,United States,1,1,0,54,0,0,0,12384,233503,1,1
2020-12-29,United States,7,1,0,1,0,0,0,12384,233503,1,1
2020-12-29,United States,1,0,1,3,0,0,0,12384,233503,1,1
2020-12-29,United States,1,1,1,15,0,0,0,12384,233503,1,1
2020-12-29,United States,7,1,1,3,0,0,0,12384,233503,1,1
2020-12-29,United States,1,1,0,0,2560,843,80,12384,233503,1,1
2020-12-29,United States,1,1,1,0,166,95,5,12384,233503,1,1
2020-12-29,United States,1,0,0,0,26,10,0,12384,233503,1,1
2020-12-29,United States,7,1,0,0,20,1,0,12384,233503,1,1
2020-12-29,United States,7,1,1,0,8,2,1,12384,233503,1,1
2020-12-29,United States,3,1,0,0,7,0,0,12384,233503,1,1
2020-12-30,United States,1,0,0,27,0,0,0,12384,233503,1,1
2020-12-30,United States,1,1,0,73,0,0,0,12384,233503,1,1
2020-12-30,United States,1,0,1,3,0,0,0,12384,233503,1,1
2020-12-30,United States,1,1,1,11,0,0,0,12384,233503,1,1
2020-12-30,United States,1,1,0,0,2526,855,80,12384,233503,1,1
2020-12-30,United States,1,1,1,0,174,106,6,12384,233503,1,1
2020-12-30,United States,7,1,0,0,20,7,1,12384,233503,1,1
2020-12-30,United States,1,0,0,0,24,12,0,12384,233503,1,1
2020-12-30,United States,7,1,1,0,6,0,0,12384,233503,1,1
2020-12-30,United States,3,1,0,0,5,0,0,12384,233503,1,1
2020-12-30,United States,1,0,1,0,2,1,0,12384,233503,1,1
2020-12-31,United States,1,0,0,31,0,0,0,12384,233503,1,1
2020-12-31,United States,1,1,0,43,0,0,0,12384,233503,1,1
2020-12-31,United States,7,1,0,1,0,0,0,12384,233503,1,1
2020-12-31,United States,1,0,1,2,0,0,0,12384,233503,1,1
2020-12-31,United States,1,1,1,15,0,0,0,12384,233503,1,1
2020-12-31,United States,1,1,0,0,2493,800,76,12384,233503,1,1
2020-12-31,United States,1,1,1,0,150,89,10,12384,233503,1,1
2020-12-31,United States,7,1,0,0,22,4,4,12384,233503,1,1
2020-12-31,United States,1,0,0,0,23,10,1,12384,233503,1,1
2020-12-31,United States,7,1,1,0,7,0,0,12384,233503,1,1
2020-12-31,United States,1,0,1,0,2,1,0,12384,233503,1,1
2021-01-01,United States,1,0,0,30,0,0,0,12384,233503,1,1
2021-01-01,United States,1,1,0,60,0,0,0,12384,233503,1,1
2021-01-01,United States,2,1,0,1,0,0,0,12384,233503,1,1
2021-01-01,United States,1,0,1,2,0,0,0,12384,233503,1,1
2021-01-01,United States,1,1,1,10,0,0,0,12384,233503,1,1
2021-01-01,United States,7,1,1,1,0,0,0,12384,233503,1,1
2021-01-01,United States,1,1,0,0,2510,843,107,12384,233503,1,1
2021-01-01,United States,1,1,1,0,133,86,5,12384,233503,1,1
2021-01-01,United States,7,1,0,0,20,10,4,12384,233503,1,1
2021-01-01,United States,1,0,0,0,25,12,0,12384,233503,1,1
2021-01-01,United States,1,0,1,0,1,0,0,12384,233503,1,1
2021-01-02,United States,1,0,0,23,0,0,0,12384,233503,1,1
2021-01-02,United States,1,1,0,61,0,0,0,12384,233503,1,1
2021-01-02,United States,7,1,0,1,0,0,0,12384,233503,1,1
2021-01-02,United States,1,0,1,1,0,0,0,12384,233503,1,1
2021-01-02,United States,1,1,1,15,0,0,0,12384,233503,1,1
2021-01-02,United States,3,1,1,1,0,0,0,12384,233503,1,1
2021-01-02,United States,1,1,0,0,2499,841,81,12384,233503,1,1
2021-01-02,United States,1,1,1,0,130,74,6,12384,233503,1,1
2021-01-02,United States,7,1,0,0,17,6,2,12384,233503,1,1
2021-01-02,United States,1,0,0,0,21,9,0,12384,233503,1,1
2021-01-03,United States,1,0,0,26,0,0,0,12384,233503,1,1
2021-01-03,United States,1,1,0,65,0,0,0,12384,233503,1,1
2021-01-03,United States,1,0,1,1,0,0,0,12384,233503,1,1
2021-01-03,United States,1,1,1,15,0,0,0,12384,233503,1,1
2021-01-03,United States,1,1,1,0,148,81,12,12384,233503,1,1
2021-01-03,United States,1,1,0,0,2428,789,100,12384,233503,1,1
2021-01-03,United States,7,1,0,0,17,5,4,12384,233503,1,1
2021-01-03,United States,1,0,0,0,24,12,0,12384,233503,1,1
2021-01-03,United States,1,0,1,0,3,0,0,12384,233503,1,1
2021-01-04,United States,1,0,0,35,0,0,0,12384,233503,1,1
2021-01-04,United States,1,1,0,69,0,0,0,12384,233503,1,1
2021-01-04,United States,7,1,0,1,0,0,0,12384,233503,1,1
2021-01-04,United States,1,0,1,3,0,0,0,12384,233503,1,1
2021-01-04,United States,1,1,1,14,0,0,0,12384,233503,1,1
2021-01-04,United States,7,1,1,1,0,0,0,12384,233503,1,1
2021-01-04,United States,1,1,0,0,2465,813,91,12384,233503,1,1
2021-01-04,United States,1,1,1,0,144,87,6,12384,233503,1,1
2021-01-04,United States,7,1,0,0,19,10,2,12384,233503,1,1
2021-01-04,United States,1,0,0,0,19,4,1,12384,233503,1,1
2021-01-04,United States,1,0,1,0,4,0,0,12384,233503,1,1
2021-01-04,United States,7,1,1,0,6,6,0,12384,233503,1,1
2021-01-05,United States,1,0,0,46,0,0,0,12384,233503,1,1
2021-01-05,United States,1,1,0,90,0,0,0,12384,233503,1,1
2021-01-05,United States,1,0,1,1,0,0,0,12384,233503,1,1
2021-01-05,United States,1,1,1,23,0,0,0,12384,233503,1,1
2021-01-05,United States,2,1,1,1,0,0,0,12384,233503,1,1
2021-01-05,United States,7,1,1,1,0,0,0,12384,233503,1,1
2021-01-05,United States,1,1,0,0,2498,801,100,12384,233503,1,1
2021-01-05,United States,1,1,1,0,153,82,11,12384,233503,1,1
2021-01-05,United States,7,1,0,0,24,11,2,12384,233503,1,1
2021-01-05,United States,1,0,0,0,30,9,0,12384,233503,1,1
2021-01-05,United States,7,1,1,0,11,11,0,12384,233503,1,1
2021-01-05,United States,1,0,1,0,1,0,0,12384,233503,1,1
2021-01-06,United States,1,0,0,66,0,0,0,12384,233503,1,1
2021-01-06,United States,1,1,0,116,0,0,0,12384,233503,1,1
2021-01-06,United States,1,0,1,2,0,0,0,12384,233503,1,1
2021-01-06,United States,1,1,1,36,0,0,0,12384,233503,1,1
2021-01-06,United States,7,1,1,2,0,0,0,12384,233503,1,1
2021-01-06,United States,1,1,0,0,2516,843,103,12384,233503,1,1
2021-01-06,United States,1,1,1,0,155,72,13,12384,233503,1,1
2021-01-06,United States,1,0,1,0,8,0,0,12384,233503,1,1
2021-01-06,United States,1,0,0,0,22,9,0,12384,233503,1,1
2021-01-06,United States,7,1,1,0,12,12,0,12384,233503,1,1
2021-01-06,United States,7,1,0,0,19,10,1,12384,233503,1,1
2021-01-07,United States,1,0,0,56,0,0,0,12384,233503,1,1
2021-01-07,United States,1,1,0,98,0,0,0,12384,233503,1,1
2021-01-07,United States,1,0,1,1,0,0,0,12384,233503,1,1
2021-01-07,United States,1,1,1,30,0,0,0,12384,233503,1,1
2021-01-07,United States,1,1,1,0,156,82,10,12384,233503,1,1
2021-01-07,United States,1,1,0,0,2529,889,95,12384,233503,1,1
2021-01-07,United States,7,1,1,0,11,11,1,12384,233503,1,1
2021-01-07,United States,1,0,1,0,3,0,0,12384,233503,1,1
2021-01-07,United States,1,0,0,0,32,10,0,12384,233503,1,1
2021-01-07,United States,7,1,0,0,19,10,2,12384,233503,1,1
2021-01-08,United States,1,0,0,36,0,0,0,12384,233503,1,1
2021-01-08,United States,1,1,0,98,0,0,0,12384,233503,1,1
2021-01-08,United States,7,1,0,2,0,0,0,12384,233503,1,1
2021-01-08,United States,1,0,1,2,0,0,0,12384,233503,1,1
2021-01-08,United States,1,1,1,28,0,0,0,12384,233503,1,1
2021-01-08,United States,2,1,1,1,0,0,0,12384,233503,1,1
2021-01-08,United States,7,1,1,2,0,0,0,12384,233503,1,1
2021-01-08,United States,1,1,0,0,2504,893,96,12384,233503,1,1
2021-01-08,United States,1,1,1,0,130,69,15,12384,233503,1,1
2021-01-08,United States,7,1,1,0,11,6,0,12384,233503,1,1
2021-01-08,United States,1,0,1,0,3,2,0,12384,233503,1,1
2021-01-08,United States,1,0,0,0,24,10,0,12384,233503,1,1
2021-01-08,United States,7,1,0,0,30,11,2,12384,233503,1,1
2021-01-09,United States,1,0,0,26,0,0,0,12384,233503,1,1
2021-01-09,United States,1,1,0,70,0,0,0,12384,233503,1,1
2021-01-09,United States,3,1,0,1,0,0,0,12384,233503,1,1
2021-01-09,United States,1,0,1,1,0,0,0,12384,233503,1,1
2021-01-09,United States,1,1,1,20,0,0,0,12384,233503,1,1
2021-01-09,United States,7,1,1,1,0,0,0,12384,233503,1,1
2021-01-09,United States,1,1,0,0,2460,831,87,12384,233503,1,1
2021-01-09,United States,1,1,1,0,158,76,12,12384,233503,1,1
2021-01-09,United States,7,1,0,0,26,8,0,12384,233503,1,1
2021-01-09,United States,7,1,1,0,6,6,1,12384,233503,1,1
2021-01-09,United States,1,0,1,0,3,1,0,12384,233503,1,1
2021-01-09,United States,1,0,0,0,18,5,1,12384,233503,1,1
2021-01-10,United States,1,0,0,29,0,0,0,12384,233503,1,1
2021-01-10,United States,1,1,0,50,0,0,0,12384,233503,1,1
2021-01-10,United States,7,1,0,1,0,0,0,12384,233503,1,1
2021-01-10,United States,1,1,1,16,0,0,0,12384,233503,1,1
2021-01-10,United States,1,1,0,0,2359,773,72,12384,233503,1,1
2021-01-10,United States,1,1,1,0,162,81,19,12384,233503,1,1
2021-01-10,United States,7,1,0,0,26,10,1,12384,233503,1,1
2021-01-10,United States,7,1,1,0,6,6,0,12384,233503,1,1
2021-01-10,United States,1,0,1,0,8,2,0,12384,233503,1,1
2021-01-10,United States,1,0,0,0,24,10,0,12384,233503,1,1
2021-01-11,United States,1,0,0,36,0,0,0,12384,233503,1,1
2021-01-11,United States,1,1,0,67,0,0,0,12384,233503,1,1
2021-01-11,United States,7,1,0,1,0,0,0,12384,233503,1,1
2021-01-11,United States,1,0,1,5,0,0,0,12384,233503,1,1
2021-01-11,United States,1,1,1,19,0,0,0,12384,233503,1,1
2021-01-11,United States,7,1,1,1,0,0,0,12384,233503,1,1
2021-01-11,United States,1,1,1,0,154,81,8,12384,233503,1,1
2021-01-11,United States,1,1,0,0,2336,789,78,12384,233503,1,1
2021-01-11,United States,7,1,0,0,22,9,0,12384,233503,1,1
2021-01-11,United States,7,1,1,0,10,8,2,12384,233503,1,1
2021-01-11,United States,1,0,1,0,7,4,0,12384,233503,1,1
2021-01-11,United States,1,0,0,0,26,11,0,12384,233503,1,1
2021-01-12,United States,1,0,0,53,0,0,0,12384,233503,1,1
2021-01-12,United States,1,1,0,99,0,0,0,12384,233503,1,1
2021-01-12,United States,1,0,1,2,0,0,0,12384,233503,1,1
2021-01-12,United States,1,1,1,23,0,0,0,12384,233503,1,1
2021-01-12,United States,1,1,0,0,2384,751,63,12384,233503,1,1
2021-01-12,United States,1,1,1,0,174,105,16,12384,233503,1,1
2021-01-12,United States,3,1,0,0,3,3,2,12384,233503,1,1
2021-01-12,United States,7,1,0,0,26,14,0,12384,233503,1,1
2021-01-12,United States,1,0,1,0,5,1,0,12384,233503,1,1
2021-01-12,United States,1,0,0,0,31,12,0,12384,233503,1,1
2021-01-12,United States,7,1,1,0,4,2,0,12384,233503,1,1
2021-01-13,United States,1,0,0,42,0,0,0,12384,233503,1,1
2021-01-13,United States,1,1,0,94,0,0,0,12384,233503,1,1
2021-01-13,United States,2,1,0,1,0,0,0,12384,233503,1,1
2021-01-13,United States,1,0,1,2,0,0,0,12384,233503,1,1
2021-01-13,United States,1,1,1,28,0,0,0,12384,233503,1,1
2021-01-13,United States,7,1,1,2,0,0,0,12384,233503,1,1
2021-01-13,United States,1,1,0,0,2310,773,76,12384,233503,1,1
2021-01-13,United States,1,1,1,0,191,117,15,12384,233503,1,1
2021-01-13,United States,7,1,0,0,24,10,0,12384,233503,1,1
2021-01-13,United States,1,0,1,0,4,1,0,12384,233503,1,1
2021-01-13,United States,1,0,0,0,27,7,0,12384,233503,1,1
2021-01-13,United States,7,1,1,0,9,3,0,12384,233503,1,1
2021-01-13,United States,3,1,0,0,1,1,0,12384,233503,1,1
2021-01-13,United States,2,1,0,0,1,1,1,12384,233503,1,1
2021-01-14,United States,1,0,0,41,0,0,0,12384,233503,1,1
2021-01-14,United States,1,1,0,113,0,0,0,12384,233503,1,1
2021-01-14,United States,7,1,0,3,0,0,0,12384,233503,1,1
2021-01-14,United States,1,0,1,7,0,0,0,12384,233503,1,1
2021-01-14,United States,1,1,1,23,0,0,0,12384,233503,1,1
2021-01-14,United States,2,1,1,1,0,0,0,12384,233503,1,1
2021-01-14,United States,3,1,1,1,0,0,0,12384,233503,1,1
2021-01-14,United States,7,1,1,1,0,0,0,12384,233503,1,1
2021-01-14,United States,1,1,1,0,202,111,19,12384,233503,1,1
2021-01-14,United States,1,1,0,0,2302,792,98,12384,233503,1,1
2021-01-14,United States,7,1,0,0,25,12,0,12384,233503,1,1
2021-01-14,United States,1,0,1,0,16,6,1,12384,233503,1,1
2021-01-14,United States,1,0,0,0,32,7,0,12384,233503,1,1
2021-01-14,United States,7,1,1,0,6,4,0,12384,233503,1,1
2021-01-14,United States,3,1,0,0,1,1,0,12384,233503,1,1
2021-01-15,United States,1,0,0,40,0,0,0,12384,233503,1,1
2021-01-15,United States,1,1,0,79,0,0,0,12384,233503,1,1
2021-01-15,United States,7,1,0,1,0,0,0,12384,233503,1,1
2021-01-15,United States,1,0,1,2,0,0,0,12384,233503,1,1
2021-01-15,United States,1,1,1,27,0,0,0,12384,233503,1,1
2021-01-15,United States,7,1,1,2,0,0,0,12384,233503,1,1
2021-01-15,United States,1,0,1,0,13,0,0,12384,233503,1,1
2021-01-15,United States,1,1,0,0,2252,766,85,12384,233503,1,1
2021-01-15,United States,1,1,1,0,189,101,13,12384,233503,1,1
2021-01-15,United States,3,1,0,0,3,3,3,12384,233503,1,1
2021-01-15,United States,7,1,0,0,25,10,0,12384,233503,1,1
2021-01-15,United States,1,0,0,0,30,5,0,12384,233503,1,1
2021-01-15,United States,7,1,1,0,5,3,0,12384,233503,1,1
2021-01-15,United States,2,1,0,0,1,0,0,12384,233503,1,1
2021-01-16,United States,1,0,0,28,0,0,0,12384,233503,1,1
2021-01-16,United States,1,1,0,75,0,0,0,12384,233503,1,1
2021-01-16,United States,1,0,1,2,0,0,0,12384,233503,1,1
2021-01-16,United States,1,1,1,18,0,0,0,12384,233503,1,1
2021-01-16,United States,1,1,0,0,2214,720,83,12384,233503,1,1
2021-01-16,United States,1,1,1,0,181,91,13,12384,233503,1,1
2021-01-16,United States,1,0,1,0,18,3,0,12384,233503,1,1
2021-01-16,United States,7,1,0,0,22,12,0,12384,233503,1,1
2021-01-16,United States,1,0,0,0,15,1,0,12384,233503,1,1
2021-01-16,United States,7,1,1,0,3,0,0,12384,233503,1,1
2021-01-16,United States,3,1,0,0,1,1,0,12384,233503,1,1
2021-01-17,United States,1,0,0,21,0,0,0,12384,233503,1,1
2021-01-17,United States,1,1,0,62,0,0,0,12384,233503,1,1
2021-01-17,United States,1,0,1,2,0,0,0,12384,233503,1,1
2021-01-17,United States,1,1,1,14,0,0,0,12384,233503,1,1
2021-01-17,United States,7,1,1,1,0,0,0,12384,233503,1,1
2021-01-17,United States,1,1,0,0,2215,799,96,12384,233503,1,1
2021-01-17,United States,1,1,1,0,175,100,17,12384,233503,1,1
2021-01-17,United States,1,0,1,0,16,1,1,12384,233503,1,1
2021-01-17,United States,7,1,0,0,15,6,0,12384,233503,1,1
2021-01-17,United States,1,0,0,0,17,4,0,12384,233503,1,1
2021-01-17,United States,7,1,1,0,3,3,0,12384,233503,1,1
2021-01-17,United States,3,1,0,0,1,1,0,12384,233503,1,1
2021-01-18,United States,1,0,0,37,0,0,0,12384,233503,1,1
2021-01-18,United States,1,1,0,87,0,0,0,12384,233503,1,1
2021-01-18,United States,1,0,1,1,0,0,0,12384,233503,1,1
2021-01-18,United States,1,1,1,21,0,0,0,12384,233503,1,1
2021-01-18,United States,1,1,0,0,2199,736,76,12384,233503,1,1
2021-01-18,United States,1,1,1,0,181,104,15,12384,233503,1,1
2021-01-18,United States,1,0,1,0,15,0,0,12384,233503,1,1
2021-01-18,United States,3,1,0,0,3,3,1,12384,233503,1,1
2021-01-18,United States,7,1,0,0,15,10,1,12384,233503,1,1
2021-01-18,United States,1,0,0,0,27,5,0,12384,233503,1,1
2021-01-18,United States,7,1,1,0,3,3,0,12384,233503,1,1
2021-01-19,United States,1,0,0,39,0,0,0,12384,233503,1,1
2021-01-19,United States,1,1,0,84,0,0,0,12384,233503,1,1
2021-01-19,United States,7,1,0,3,0,0,0,12384,233503,1,1
2021-01-19,United States,1,0,1,1,0,0,0,12384,233503,1,1
2021-01-19,United States,1,1,1,28,0,0,0,12384,233503,1,1
2021-01-19,United States,7,1,1,1,0,0,0,12384,233503,1,1
2021-01-19,United States,2,1,1,1,0,0,0,12384,233503,1,1
2021-01-19,United States,1,1,0,0,2226,734,85,12384,233503,1,1
2021-01-19,United States,1,1,1,0,197,102,15,12384,233503,1,1
2021-01-19,United States,1,0,1,0,15,1,1,12384,233503,1,1
2021-01-19,United States,7,1,1,0,5,2,2,12384,233503,1,1
2021-01-19,United States,7,1,0,0,23,13,2,12384,233503,1,1
2021-01-19,United States,1,0,0,0,21,5,0,12384,233503,1,1
2021-01-19,United States,3,1,0,0,1,1,1,12384,233503,1,1
2021-01-20,United States,1,0,0,44,0,0,0,12384,233503,1,1
2021-01-20,United States,1,1,0,86,0,0,0,12384,233503,1,1
2021-01-20,United States,1,0,1,3,0,0,0,12384,233503,1,1
2021-01-20,United States,7,0,1,1,0,0,0,12384,233503,1,1
2021-01-20,United States,1,1,1,25,0,0,0,12384,233503,1,1
2021-01-20,United States,1,1,0,0,2256,747,80,12384,233503,1,1
2021-01-20,United States,1,1,1,0,208,128,9,12384,233503,1,1
2021-01-20,United States,7,1,0,0,25,11,3,12384,233503,1,1
2021-01-20,United States,1,0,1,0,16,5,2,12384,233503,1,1
2021-01-20,United States,7,1,1,0,4,0,0,12384,233503,1,1
2021-01-20,United States,1,0,0,0,20,7,0,12384,233503,1,1
2021-01-20,United States,3,1,0,0,1,1,0,12384,233503,1,1
2021-01-21,United States,1,0,0,34,0,0,0,12384,233503,1,1
2021-01-21,United States,1,1,0,79,0,0,0,12384,233503,1,1
2021-01-21,United States,1,0,1,4,0,0,0,12384,233503,1,1
2021-01-21,United States,1,1,1,22,0,0,0,12384,233503,1,1
2021-01-21,United States,2,1,1,1,0,0,0,12384,233503,1,1
2021-01-21,United States,1,1,0,0,2276,784,95,12384,233503,1,1
2021-01-21,United States,1,0,1,0,20,5,2,12384,233503,1,1
2021-01-21,United States,1,1,1,0,202,114,5,12384,233503,1,1
2021-01-21,United States,7,1,0,0,28,13,3,12384,233503,1,1
2021-01-21,United States,7,1,1,0,5,3,0,12384,233503,1,1
2021-01-21,United States,3,1,0,0,3,3,0,12384,233503,1,1
2021-01-21,United States,3,1,1,0,4,0,0,12384,233503,1,1
2021-01-21,United States,1,0,0,0,28,6,0,12384,233503,1,1
2021-01-22,United States,1,0,0,35,0,0,0,12384,233503,1,1
2021-01-22,United States,1,1,0,96,0,0,0,12384,233503,1,1
2021-01-22,United States,1,0,1,2,0,0,0,12384,233503,1,1
2021-01-22,United States,1,1,1,20,0,0,0,12384,233503,1,1
2021-01-22,United States,1,1,0,0,2313,770,93,12384,233503,1,1
2021-01-22,United States,1,1,1,0,203,114,15,12384,233503,1,1
2021-01-22,United States,7,1,0,0,23,8,1,12384,233503,1,1
2021-01-22,United States,1,0,1,0,14,1,0,12384,233503,1,1
2021-01-22,United States,7,1,1,0,5,2,1,12384,233503,1,1
2021-01-22,United States,1,0,0,0,17,2,0,12384,233503,1,1
2021-01-22,United States,3,1,0,0,1,1,0,12384,233503,1,1
2021-01-22,United States,3,1,1,0,4,1,0,12384,233503,1,1
2021-01-23,United States,1,0,0,30,0,0,0,12384,233503,1,1
2021-01-23,United States,1,1,0,67,0,0,0,12384,233503,1,1
2021-01-23,United States,1,0,1,1,0,0,0,12384,233503,1,1
2021-01-23,United States,1,1,1,14,0,0,0,12384,233503,1,1
2021-01-23,United States,1,1,0,0,2344,788,90,12384,233503,1,1
2021-01-23,United States,1,1,1,0,216,136,18,12384,233503,1,1
2021-01-23,United States,1,0,1,0,19,4,1,12384,233503,1,1
2021-01-23,United States,7,1,1,0,5,1,0,12384,233503,1,1
2021-01-23,United States,7,1,0,0,22,13,3,12384,233503,1,1
2021-01-23,United States,1,0,0,0,18,5,1,12384,233503,1,1
2021-01-23,United States,3,1,0,0,1,1,0,12384,233503,1,1
2021-01-23,United States,3,1,1,0,3,0,0,12384,233503,1,1
2021-01-24,United States,1,0,0,42,0,0,0,12384,233503,1,1
2021-01-24,United States,1,1,0,71,0,0,0,12384,233503,1,1
2021-01-24,United States,7,1,0,1,0,0,0,12384,233503,1,1
2021-01-24,United States,1,0,1,3,0,0,0,12384,233503,1,1
2021-01-24,United States,1,1,1,19,0,0,0,12384,233503,1,1
2021-01-24,United States,1,1,0,0,2339,826,101,12384,233503,1,1
2021-01-24,United States,1,1,1,0,223,125,10,12384,233503,1,1
2021-01-24,United States,1,0,0,0,33,11,0,12384,233503,1,1
2021-01-24,United States,1,0,1,0,18,3,2,12384,233503,1,1
2021-01-24,United States,7,1,1,0,5,0,0,12384,233503,1,1
2021-01-24,United States,3,1,0,0,3,3,0,12384,233503,1,1
2021-01-24,United States,3,1,1,0,4,1,0,12384,233503,1,1
2021-01-24,United States,7,1,0,0,20,5,0,12384,233503,1,1
2021-01-25,United States,1,0,0,33,0,0,0,12384,233503,1,1
2021-01-25,United States,1,1,0,64,0,0,0,12384,233503,1,1
2021-01-25,United States,1,0,1,2,0,0,0,12384,233503,1,1
2021-01-25,United States,1,1,1,25,0,0,0,12384,233503,1,1
2021-01-25,United States,1,1,1,0,261,138,21,12384,233503,1,1
2021-01-25,United States,1,1,0,0,2369,780,90,12384,233503,1,1
2021-01-25,United States,1,0,0,0,17,0,0,12384,233503,1,1
2021-01-25,United States,1,0,1,0,14,2,0,12384,233503,1,1
2021-01-25,United States,7,1,1,0,5,0,0,12384,233503,1,1
2021-01-25,United States,7,1,0,0,11,9,0,12384,233503,1,1
2021-01-25,United States,3,1,1,0,4,4,1,12384,233503,1,1
2021-01-25,United States,3,1,0,0,1,1,0,12384,233503,1,1
2021-01-26,United States,1,0,0,37,0,0,0,12384,233503,1,1
2021-01-26,United States,1,1,0,80,0,0,0,12384,233503,1,1
2021-01-26,United States,7,1,0,1,0,0,0,12384,233503,1,1
2021-01-26,United States,1,0,1,2,0,0,0,12384,233503,1,1
2021-01-26,United States,1,1,1,15,0,0,0,12384,233503,1,1
2021-01-26,United States,7,1,1,2,0,0,0,12384,233503,1,1
2021-01-26,United States,1,1,0,0,2347,795,83,12384,233503,1,1
2021-01-26,United States,1,1,1,0,244,130,15,12384,233503,1,1
2021-01-26,United States,1,0,0,0,19,8,0,12384,233503,1,1
2021-01-26,United States,1,0,1,0,18,3,0,12384,233503,1,1
2021-01-26,United States,7,1,1,0,5,0,0,12384,233503,1,1
2021-01-26,United States,7,1,0,0,9,3,1,12384,233503,1,1
2021-01-26,United States,3,1,0,0,1,1,1,12384,233503,1,1
2021-01-27,United States,1,0,0,31,0,0,0,12384,233503,1,1
2021-01-27,United States,1,1,0,63,0,0,0,12384,233503,1,1
2021-01-27,United States,1,0,1,1,0,0,0,12384,233503,1,1
2021-01-27,United States,1,1,1,16,0,0,0,12384,233503,1,1
2021-01-27,United States,7,1,1,1,0,0,0,12384,233503,1,1
2021-01-27,United States,1,1,1,0,245,129,10,12384,233503,1,1
2021-01-27,United States,1,1,0,0,2408,851,90,12384,233503,1,1
2021-01-27,United States,1,0,0,0,28,6,0,12384,233503,1,1
2021-01-27,United States,1,0,1,0,16,0,0,12384,233503,1,1
2021-01-27,United States,7,1,1,0,5,1,0,12384,233503,1,1
2021-01-27,United States,3,1,0,0,3,3,1,12384,233503,1,1
2021-01-27,United States,7,1,0,0,10,9,2,12384,233503,1,1
2021-01-28,United States,1,1,0,0,2385,827,85,12384,233503,1,1
2021-01-28,United States,1,1,1,0,227,112,11,12384,233503,1,1
2021-01-28,United States,1,0,0,0,8,1,0,12384,233503,1,1
2021-01-28,United States,7,1,1,0,5,0,0,12384,233503,1,1
2021-01-28,United States,1,0,1,0,7,4,2,12384,233503,1,1
2021-01-28,United States,7,1,0,0,10,9,2,12384,233503,1,1
2021-01-28,United States,3,1,0,0,1,1,0,12384,233503,1,1
2021-01-29,United States,1,1,0,0,2333,871,72,12384,233503,1,1
2021-01-29,United States,1,1,1,0,216,115,13,12384,233503,1,1
2021-01-29,United States,1,0,0,0,12,4,0,12384,233503,1,1
2021-01-29,United States,7,1,0,0,12,7,0,12384,233503,1,1
2021-01-29,United States,7,1,1,0,5,0,0,12384,233503,1,1
2021-01-29,United States,1,0,1,0,7,3,0,12384,233503,1,1
2021-01-29,United States,3,1,0,0,1,1,0,12384,233503,1,1
2021-01-30,United States,1,1,0,0,2300,790,78,12384,233503,1,1
2021-01-30,United States,1,1,1,0,195,97,11,12384,233503,1,1
2021-01-30,United States,1,0,0,0,12,3,0,12384,233503,1,1
2021-01-30,United States,7,1,1,0,5,0,0,12384,233503,1,1
2021-01-30,United States,1,0,1,0,6,1,0,12384,233503,1,1
2021-01-30,United States,3,1,0,0,3,3,3,12384,233503,1,1
2021-01-30,United States,7,1,0,0,16,10,2,12384,233503,1,1
2021-01-31,United States,1,1,0,0,2203,760,60,12384,233503,1,1
2021-01-31,United States,1,1,1,0,195,83,13,12384,233503,1,1
2021-01-31,United States,1,0,0,0,3,1,0,12384,233503,1,1
2021-01-31,United States,7,1,1,0,5,0,0,12384,233503,1,1
2021-01-31,United States,1,0,1,0,6,0,0,12384,233503,1,1
2021-01-31,United States,7,1,0,0,14,9,1,12384,233503,1,1
2021-01-31,United States,3,1,0,0,1,1,0,12384,233503,1,1
2021-02-01,United States,1,1,0,0,2160,735,61,12384,233503,1,1
2021-02-01,United States,1,1,1,0,181,73,10,12384,233503,1,1
2021-02-01,United States,1,0,0,0,3,0,0,12384,233503,1,1
2021-02-01,United States,7,1,1,0,5,0,0,12384,233503,1,1
2021-02-01,United States,1,0,1,0,6,3,0,12384,233503,1,1
2021-02-01,United States,7,1,0,0,13,7,2,12384,233503,1,1
2021-02-01,United States,3,1,0,0,1,1,0,12384,233503,1,1
2021-02-02,United States,1,1,0,0,2088,685,45,12384,233503,1,1
2021-02-02,United States,1,1,1,0,193,76,7,12384,233503,1,1
2021-02-02,United States,7,1,0,0,11,8,1,12384,233503,1,1
2021-02-02,United States,1,0,0,0,3,0,0,12384,233503,1,1
2021-02-02,United States,7,1,1,0,5,1,0,12384,233503,1,1
2021-02-02,United States,1,0,1,0,6,5,1,12384,233503,1,1
2021-02-02,United States,3,1,0,0,3,3,0,12384,233503,1,1
2021-02-03,United States,1,1,0,0,2017,704,62,12384,233503,1,1
2021-02-03,United States,1,1,1,0,185,51,5,12384,233503,1,1
2021-02-03,United States,1,0,0,0,3,0,0,12384,233503,1,1
2021-02-03,United States,7,1,1,0,5,1,0,12384,233503,1,1
2021-02-03,United States,1,0,1,0,6,1,1,12384,233503,1,1
2021-02-03,United States,7,1,0,0,3,3,3,12384,233503,1,1
2021-02-03,United States,3,1,0,0,1,1,0,12384,233503,1,1
2021-02-04,United States,1,1,0,0,1900,656,48,12384,233503,1,1
2021-02-04,United States,1,1,1,0,177,59,6,12384,233503,1,1
2021-02-04,United States,1,0,0,0,3,0,0,12384,233503,1,1
2021-02-04,United States,7,1,1,0,5,2,2,12384,233503,1,1
2021-02-04,United States,7,1,0,0,8,0,0,12384,233503,1,1
2021-02-04,United States,3,1,0,0,1,1,0,12384,233503,1,1
2021-02-05,United States,1,1,0,0,1793,601,45,12384,233503,1,1
2021-02-05,United States,1,1,1,0,160,53,2,12384,233503,1,1
2021-02-05,United States,1,0,0,0,4,2,1,12384,233503,1,1
2021-02-05,United States,7,1,0,0,9,2,2,12384,233503,1,1
2021-02-05,United States,3,1,0,0,3,3,0,12384,233503,1,1
2021-02-05,United States,7,1,1,0,4,0,0,12384,233503,1,1
2021-02-06,United States,1,1,0,0,1678,592,43,12384,233503,1,1
2021-02-06,United States,1,1,1,0,144,42,0,12384,233503,1,1
2021-02-06,United States,1,0,0,0,5,0,0,12384,233503,1,1
2021-02-06,United States,7,1,0,0,9,0,0,12384,233503,1,1
2021-02-06,United States,7,1,1,0,3,0,0,12384,233503,1,1
2021-02-07,United States,1,1,0,0,1541,534,41,12384,233503,1,1
2021-02-07,United States,1,1,1,0,115,44,3,12384,233503,1,1
2021-02-07,United States,1,0,0,0,7,1,1,12384,233503,1,1
2021-02-07,United States,7,1,0,0,16,5,1,12384,233503,1,1
2021-02-07,United States,7,1,1,0,3,0,0,12384,233503,1,1
2021-02-07,United States,3,1,0,0,1,0,0,12384,233503,1,1
2021-02-08,United States,1,1,0,0,1468,529,34,12384,233503,1,1
2021-02-08,United States,1,1,1,0,98,32,1,12384,233503,1,1
2021-02-08,United States,1,0,0,0,7,0,0,12384,233503,1,1
2021-02-08,United States,7,1,0,0,19,7,2,12384,233503,1,1
2021-02-08,United States,7,1,1,0,3,0,0,12384,233503,1,1
2021-02-09,United States,1,1,0,0,1348,467,43,12384,233503,1,1
2021-02-09,United States,1,1,1,0,97,32,3,12384,233503,1,1
2021-02-09,United States,7,1,0,0,19,7,2,12384,233503,1,1
2021-02-09,United States,7,1,1,0,3,0,0,12384,233503,1,1
2021-02-10,United States,1,1,0,0,1311,443,42,12384,233503,1,1
2021-02-10,United States,1,1,1,0,89,31,1,12384,233503,1,1
2021-02-10,United States,7,1,0,0,13,6,0,12384,233503,1,1
2021-02-10,United States,7,1,1,0,3,0,0,12384,233503,1,1
2021-02-11,United States,1,1,0,0,1215,409,35,12384,233503,1,1
2021-02-11,United States,1,1,1,0,72,25,3,12384,233503,1,1
2021-02-11,United States,7,1,1,0,4,0,0,12384,233503,1,1
2021-02-11,United States,7,1,0,0,15,7,1,12384,233503,1,1
2021-02-12,United States,1,1,0,0,1128,382,26,12384,233503,1,1
2021-02-12,United States,1,1,1,0,66,29,1,12384,233503,1,1
2021-02-12,United States,7,1,0,0,14,6,4,12384,233503,1,1
2021-02-12,United States,7,1,1,0,5,0,0,12384,233503,1,1
2021-02-13,United States,1,1,0,0,1012,380,43,12384,233503,1,1
2021-02-13,United States,1,1,1,0,49,15,2,12384,233503,1,1
2021-02-13,United States,7,1,1,0,5,5,1,12384,233503,1,1
2021-02-13,United States,7,1,0,0,5,3,0,12384,233503,1,1
2021-02-14,United States,1,1,0,0,875,330,26,12384,233503,1,1
2021-02-14,United States,1,1,1,0,41,15,2,12384,233503,1,1
2021-02-14,United States,7,1,1,0,3,3,0,12384,233503,1,1
2021-02-14,United States,7,1,0,0,7,6,2,12384,233503,1,1
2021-02-15,United States,1,1,0,0,833,314,24,12384,233503,1,1
2021-02-15,United States,1,1,1,0,28,13,0,12384,233503,1,1
2021-02-15,United States,7,1,1,0,3,1,0,12384,233503,1,1
2021-02-15,United States,7,1,0,0,7,6,0,12384,233503,1,1
2021-02-16,United States,1,1,0,0,761,301,19,12384,233503,1,1
2021-02-16,United States,1,1,1,0,22,17,3,12384,233503,1,1
2021-02-16,United States,7,1,0,0,9,7,2,12384,233503,1,1
2021-02-16,United States,7,1,1,0,3,3,0,12384,233503,1,1
2021-02-17,United States,7,1,1,0,6,3,0,12384,233503,1,1
2021-02-17,United States,1,1,0,0,659,250,18,12384,233503,1,1
2021-02-17,United States,1,1,1,0,22,14,1,12384,233503,1,1
2021-02-17,United States,7,1,0,0,6,5,0,12384,233503,1,1
2021-02-18,United States,1,1,0,0,574,219,14,12384,233503,1,1
2021-02-18,United States,1,1,1,0,29,3,2,12384,233503,1,1
2021-02-18,United States,7,1,1,0,4,0,0,12384,233503,1,1
2021-02-18,United States,7,1,0,0,6,6,0,12384,233503,1,1
2021-02-19,United States,1,1,0,0,480,178,6,12384,233503,1,1
2021-02-19,United States,1,1,1,0,30,8,0,12384,233503,1,1
2021-02-19,United States,7,1,1,0,5,1,0,12384,233503,1,1
2021-02-19,United States,7,1,0,0,5,5,1,12384,233503,1,1
2021-02-20,United States,1,1,0,0,415,159,8,12384,233503,1,1
2021-02-20,United States,1,1,1,0,22,10,1,12384,233503,1,1
2021-02-20,United States,7,1,1,0,6,0,0,12384,233503,1,1
2021-02-20,United States,7,1,0,0,4,4,1,12384,233503,1,1
2021-02-20,United States,1,0,0,0,1,0,0,12384,233503,1,1
2021-02-21,United States,1,1,0,0,320,114,5,12384,233503,1,1
2021-02-21,United States,1,1,1,0,21,4,0,12384,233503,1,1
2021-02-21,United States,7,1,1,0,4,0,0,12384,233503,1,1
2021-02-21,United States,7,1,0,0,5,5,1,12384,233503,1,1
2021-02-22,United States,1,1,0,0,245,77,6,12384,233503,1,1
2021-02-22,United States,1,1,1,0,16,10,0,12384,233503,1,1
2021-02-22,United States,7,1,1,0,5,3,0,12384,233503,1,1
2021-02-22,United States,7,1,0,0,6,4,1,12384,233503,1,1
2021-02-23,United States,1,1,0,0,204,69,8,12384,233503,1,1
2021-02-23,United States,1,1,1,0,16,4,0,12384,233503,1,1
2021-02-23,United States,7,1,1,0,3,2,0,12384,233503,1,1
2021-02-24,United States,1,1,0,0,163,56,9,12384,233503,1,1
2021-02-24,United States,1,1,1,0,8,1,0,12384,233503,1,1
2021-02-24,United States,7,1,1,0,3,0,0,12384,233503,1,1
2021-02-25,United States,1,1,0,0,71,16,1,12384,233503,1,1